gene_id	protein_id	ugo_protein_id	species	orthogroup	species_present_11	candidate_function	benchmark_module	candidate_tier	ugo_score	validation_priority_score	validation_priority_class	biological_discovery_case	suggested_validation_system	suggested_assay
LOC104882962	Beta_vulgaris|gene=LOC104882962|len=364|source=XP_010665700.1	UGOseq_000000145	Beta_vulgaris	OG0000154	4	XTH / xyloglucan cell-wall remodeling	Cell_wall_remodeling	Tier_A_plus_core_stable_with_lotus_or_ginger	1.0	0.791	Strong validation candidate	Cell-wall remodeling module	rhizome elongation or tuber/storage-organ expansion system	expression profiling across initiation/elongation stages; RNAi/CRISPR or overexpression in a tractable system
LOC104883085	Beta_vulgaris|gene=LOC104883085|len=423|source=XP_010665842.1	UGOseq_000000248	Beta_vulgaris	OG0000139	1	MYB-like transcriptional regulator	Developmental_TF	Tier_A_core_supported_but_OG_split	1.0	0.173	Review before validation		developmental transition system with clear underground-organ initiation stage	stage-specific expression analysis and targeted perturbation of transcription factor homologs
LOC104883294	Beta_vulgaris|gene=LOC104883294|len=406|source=XP_010666084.1	UGOseq_000000424	Beta_vulgaris	OG0000154	4	XTH / xyloglucan cell-wall remodeling	Cell_wall_remodeling	Tier_A_plus_core_stable_with_lotus_or_ginger	1.0	0.791	Strong validation candidate	Cell-wall remodeling module	rhizome elongation or tuber/storage-organ expansion system	expression profiling across initiation/elongation stages; RNAi/CRISPR or overexpression in a tractable system
LOC104883306	Beta_vulgaris|gene=LOC104883306|len=1365|source=XP_010666096.1	UGOseq_000000433	Beta_vulgaris	OG0000139	1	MYB-like transcriptional regulator	Developmental_TF	Tier_A_core_supported_but_OG_split	1.0	0.173	Review before validation		developmental transition system with clear underground-organ initiation stage	stage-specific expression analysis and targeted perturbation of transcription factor homologs
LOC104883407	Beta_vulgaris|gene=LOC104883407|len=422|source=XP_010666232.1	UGOseq_000000518	Beta_vulgaris	OG0000139	1	MYB-like transcriptional regulator	Developmental_TF	Tier_A_core_supported_but_OG_split	1.0	0.173	Review before validation		developmental transition system with clear underground-organ initiation stage	stage-specific expression analysis and targeted perturbation of transcription factor homologs
LOC104883646	Beta_vulgaris|gene=LOC104883646|len=342|source=XP_010666498.1	UGOseq_000000729	Beta_vulgaris	OG0000139	1	MYB-like transcriptional regulator	Developmental_TF	Tier_A_core_supported_but_OG_split	1.0	0.173	Review before validation		developmental transition system with clear underground-organ initiation stage	stage-specific expression analysis and targeted perturbation of transcription factor homologs
LOC104883828	Beta_vulgaris|gene=LOC104883828|len=444|source=XP_010666689.1	UGOseq_000000886	Beta_vulgaris	OG0000139	1	MYB-like transcriptional regulator	Developmental_TF	Tier_A_core_supported_but_OG_split	1.0	0.173	Review before validation		developmental transition system with clear underground-organ initiation stage	stage-specific expression analysis and targeted perturbation of transcription factor homologs
LOC104883978	Beta_vulgaris|gene=LOC104883978|len=117|source=XP_010666861.1	UGOseq_000001018	Beta_vulgaris	OG0000154	4	XTH / xyloglucan cell-wall remodeling	Cell_wall_remodeling	Tier_A_plus_core_stable_with_lotus_or_ginger	1.0	0.791	Strong validation candidate	Cell-wall remodeling module	rhizome elongation or tuber/storage-organ expansion system	expression profiling across initiation/elongation stages; RNAi/CRISPR or overexpression in a tractable system
LOC104884144	Beta_vulgaris|gene=LOC104884144|len=208|source=XP_010667042.1	UGOseq_000001159	Beta_vulgaris	OG0000139	1	MYB-like transcriptional regulator	Developmental_TF	Tier_A_core_supported_but_OG_split	1.0	0.173	Review before validation		developmental transition system with clear underground-organ initiation stage	stage-specific expression analysis and targeted perturbation of transcription factor homologs
LOC104884250	Beta_vulgaris|gene=LOC104884250|len=869|source=XP_010667173.1	UGOseq_000001250	Beta_vulgaris	OG0000139	1	MYB-like transcriptional regulator	Developmental_TF	Tier_A_core_supported_but_OG_split	1.0	0.173	Review before validation		developmental transition system with clear underground-organ initiation stage	stage-specific expression analysis and targeted perturbation of transcription factor homologs
LOC104884289	Beta_vulgaris|gene=LOC104884289|len=1094|source=XP_010667214.1	UGOseq_000001283	Beta_vulgaris	OG0000139	1	MYB-like transcriptional regulator	Developmental_TF	Tier_A_core_supported_but_OG_split	1.0	0.173	Review before validation		developmental transition system with clear underground-organ initiation stage	stage-specific expression analysis and targeted perturbation of transcription factor homologs
LOC104884449	Beta_vulgaris|gene=LOC104884449|len=1275|source=XP_010667399.1	UGOseq_000001422	Beta_vulgaris	OG0000139	1	MYB-like transcriptional regulator	Developmental_TF	Tier_A_core_supported_but_OG_split	1.0	0.173	Review before validation		developmental transition system with clear underground-organ initiation stage	stage-specific expression analysis and targeted perturbation of transcription factor homologs
LOC104884598	Beta_vulgaris|gene=LOC104884598|len=303|source=XP_010667584.1	UGOseq_000001556	Beta_vulgaris	OG0000139	1	MYB-like transcriptional regulator	Developmental_TF	Tier_A_core_supported_but_OG_split	1.0	0.173	Review before validation		developmental transition system with clear underground-organ initiation stage	stage-specific expression analysis and targeted perturbation of transcription factor homologs
LOC104884643	Beta_vulgaris|gene=LOC104884643|len=843|source=XP_010667631.1	UGOseq_000001589	Beta_vulgaris	OG0000139	1	MYB-like transcriptional regulator	Developmental_TF	Tier_A_core_supported_but_OG_split	1.0	0.173	Review before validation		developmental transition system with clear underground-organ initiation stage	stage-specific expression analysis and targeted perturbation of transcription factor homologs
LOC104884644	Beta_vulgaris|gene=LOC104884644|len=189|source=XP_010667632.1	UGOseq_000001590	Beta_vulgaris	OG0000139	1	MYB-like transcriptional regulator	Developmental_TF	Tier_A_core_supported_but_OG_split	1.0	0.173	Review before validation		developmental transition system with clear underground-organ initiation stage	stage-specific expression analysis and targeted perturbation of transcription factor homologs
LOC104884775	Beta_vulgaris|gene=LOC104884775|len=977|source=XP_010667771.1	UGOseq_000001698	Beta_vulgaris	OG0000139	1	MYB-like transcriptional regulator	Developmental_TF	Tier_A_core_supported_but_OG_split	1.0	0.173	Review before validation		developmental transition system with clear underground-organ initiation stage	stage-specific expression analysis and targeted perturbation of transcription factor homologs
LOC104885085	Beta_vulgaris|gene=LOC104885085|len=204|source=XP_010668092.1	UGOseq_000001952	Beta_vulgaris	OG0000139	1	MYB-like transcriptional regulator	Developmental_TF	Tier_A_core_supported_but_OG_split	1.0	0.173	Review before validation		developmental transition system with clear underground-organ initiation stage	stage-specific expression analysis and targeted perturbation of transcription factor homologs
LOC104885130	Beta_vulgaris|gene=LOC104885130|len=398|source=XP_010668138.1	UGOseq_000001983	Beta_vulgaris	OG0000154	4	XTH / xyloglucan cell-wall remodeling	Cell_wall_remodeling	Tier_A_plus_core_stable_with_lotus_or_ginger	1.0	0.791	Strong validation candidate	Cell-wall remodeling module	rhizome elongation or tuber/storage-organ expansion system	expression profiling across initiation/elongation stages; RNAi/CRISPR or overexpression in a tractable system
LOC104885285	Beta_vulgaris|gene=LOC104885285|len=359|source=XP_010668282.1	UGOseq_000002104	Beta_vulgaris	OG0000154	4	XTH / xyloglucan cell-wall remodeling	Cell_wall_remodeling	Tier_A_plus_core_stable_with_lotus_or_ginger	1.0	0.791	Strong validation candidate	Cell-wall remodeling module	rhizome elongation or tuber/storage-organ expansion system	expression profiling across initiation/elongation stages; RNAi/CRISPR or overexpression in a tractable system
LOC104885320	Beta_vulgaris|gene=LOC104885320|len=372|source=XP_010668318.1	UGOseq_000002137	Beta_vulgaris	OG0000154	4	XTH / xyloglucan cell-wall remodeling	Cell_wall_remodeling	Tier_A_plus_core_stable_with_lotus_or_ginger	1.0	0.791	Strong validation candidate	Cell-wall remodeling module	rhizome elongation or tuber/storage-organ expansion system	expression profiling across initiation/elongation stages; RNAi/CRISPR or overexpression in a tractable system
LOC104885412	Beta_vulgaris|gene=LOC104885412|len=359|source=XP_010668408.1	UGOseq_000002205	Beta_vulgaris	OG0000154	4	XTH / xyloglucan cell-wall remodeling	Cell_wall_remodeling	Tier_A_plus_core_stable_with_lotus_or_ginger	1.0	0.791	Strong validation candidate	Cell-wall remodeling module	rhizome elongation or tuber/storage-organ expansion system	expression profiling across initiation/elongation stages; RNAi/CRISPR or overexpression in a tractable system
LOC104886236	Beta_vulgaris|gene=LOC104886236|len=545|source=XP_010669008.1	UGOseq_000002745	Beta_vulgaris	OG0000154	4	XTH / xyloglucan cell-wall remodeling	Cell_wall_remodeling	Tier_A_plus_core_stable_with_lotus_or_ginger	1.0	0.791	Strong validation candidate	Cell-wall remodeling module	rhizome elongation or tuber/storage-organ expansion system	expression profiling across initiation/elongation stages; RNAi/CRISPR or overexpression in a tractable system
LOC104886259	Beta_vulgaris|gene=LOC104886259|len=237|source=XP_010669027.1	UGOseq_000002764	Beta_vulgaris	OG0000154	4	XTH / xyloglucan cell-wall remodeling	Cell_wall_remodeling	Tier_A_plus_core_stable_with_lotus_or_ginger	1.0	0.791	Strong validation candidate	Cell-wall remodeling module	rhizome elongation or tuber/storage-organ expansion system	expression profiling across initiation/elongation stages; RNAi/CRISPR or overexpression in a tractable system
LOC104886272	Beta_vulgaris|gene=LOC104886272|len=294|source=XP_010669038.1	UGOseq_000002772	Beta_vulgaris	OG0000154	4	XTH / xyloglucan cell-wall remodeling	Cell_wall_remodeling	Tier_A_plus_core_stable_with_lotus_or_ginger	1.0	0.791	Strong validation candidate	Cell-wall remodeling module	rhizome elongation or tuber/storage-organ expansion system	expression profiling across initiation/elongation stages; RNAi/CRISPR or overexpression in a tractable system
LOC104886281	Beta_vulgaris|gene=LOC104886281|len=299|source=XP_010669044.1	UGOseq_000002775	Beta_vulgaris	OG0000154	4	XTH / xyloglucan cell-wall remodeling	Cell_wall_remodeling	Tier_A_plus_core_stable_with_lotus_or_ginger	1.0	0.791	Strong validation candidate	Cell-wall remodeling module	rhizome elongation or tuber/storage-organ expansion system	expression profiling across initiation/elongation stages; RNAi/CRISPR or overexpression in a tractable system
LOC104886467	Beta_vulgaris|gene=LOC104886467|len=335|source=XP_010669216.1	UGOseq_000002914	Beta_vulgaris	OG0000154	4	XTH / xyloglucan cell-wall remodeling	Cell_wall_remodeling	Tier_A_plus_core_stable_with_lotus_or_ginger	1.0	0.791	Strong validation candidate	Cell-wall remodeling module	rhizome elongation or tuber/storage-organ expansion system	expression profiling across initiation/elongation stages; RNAi/CRISPR or overexpression in a tractable system
LOC104886862	Beta_vulgaris|gene=LOC104886862|len=505|source=XP_019103678.1	UGOseq_000003261	Beta_vulgaris	OG0000154	4	XTH / xyloglucan cell-wall remodeling	Cell_wall_remodeling	Tier_A_plus_core_stable_with_lotus_or_ginger	1.0	0.791	Strong validation candidate	Cell-wall remodeling module	rhizome elongation or tuber/storage-organ expansion system	expression profiling across initiation/elongation stages; RNAi/CRISPR or overexpression in a tractable system
LOC104886926	Beta_vulgaris|gene=LOC104886926|len=329|source=XP_010669782.1	UGOseq_000003321	Beta_vulgaris	OG0000139	1	MYB-like transcriptional regulator	Developmental_TF	Tier_A_core_supported_but_OG_split	1.0	0.173	Review before validation		developmental transition system with clear underground-organ initiation stage	stage-specific expression analysis and targeted perturbation of transcription factor homologs
LOC104886993	Beta_vulgaris|gene=LOC104886993|len=1547|source=XP_010669873.1	UGOseq_000003383	Beta_vulgaris	OG0000139	1	MYB-like transcriptional regulator	Developmental_TF	Tier_A_core_supported_but_OG_split	1.0	0.173	Review before validation		developmental transition system with clear underground-organ initiation stage	stage-specific expression analysis and targeted perturbation of transcription factor homologs
LOC104887082	Beta_vulgaris|gene=LOC104887082|len=133|source=XP_010669970.1	UGOseq_000003459	Beta_vulgaris	OG0000154	4	XTH / xyloglucan cell-wall remodeling	Cell_wall_remodeling	Tier_A_plus_core_stable_with_lotus_or_ginger	1.0	0.791	Strong validation candidate	Cell-wall remodeling module	rhizome elongation or tuber/storage-organ expansion system	expression profiling across initiation/elongation stages; RNAi/CRISPR or overexpression in a tractable system
LOC104887340	Beta_vulgaris|gene=LOC104887340|len=183|source=XP_010670258.1	UGOseq_000003672	Beta_vulgaris	OG0000139	1	MYB-like transcriptional regulator	Developmental_TF	Tier_A_core_supported_but_OG_split	1.0	0.173	Review before validation		developmental transition system with clear underground-organ initiation stage	stage-specific expression analysis and targeted perturbation of transcription factor homologs
LOC104887469	Beta_vulgaris|gene=LOC104887469|len=308|source=XP_010670401.1	UGOseq_000003783	Beta_vulgaris	OG0000139	1	MYB-like transcriptional regulator	Developmental_TF	Tier_A_core_supported_but_OG_split	1.0	0.173	Review before validation		developmental transition system with clear underground-organ initiation stage	stage-specific expression analysis and targeted perturbation of transcription factor homologs
LOC104887622	Beta_vulgaris|gene=LOC104887622|len=549|source=XP_010670595.1	UGOseq_000003924	Beta_vulgaris	OG0000139	1	MYB-like transcriptional regulator	Developmental_TF	Tier_A_core_supported_but_OG_split	1.0	0.173	Review before validation		developmental transition system with clear underground-organ initiation stage	stage-specific expression analysis and targeted perturbation of transcription factor homologs
LOC104888584	Beta_vulgaris|gene=LOC104888584|len=1373|source=XP_010671909.1	UGOseq_000004830	Beta_vulgaris	OG0000139	1	MYB-like transcriptional regulator	Developmental_TF	Tier_A_core_supported_but_OG_split	1.0	0.173	Review before validation		developmental transition system with clear underground-organ initiation stage	stage-specific expression analysis and targeted perturbation of transcription factor homologs
LOC104888903	Beta_vulgaris|gene=LOC104888903|len=303|source=XP_010672318.1	UGOseq_000005103	Beta_vulgaris	OG0000139	1	MYB-like transcriptional regulator	Developmental_TF	Tier_A_core_supported_but_OG_split	1.0	0.173	Review before validation		developmental transition system with clear underground-organ initiation stage	stage-specific expression analysis and targeted perturbation of transcription factor homologs
LOC104889112	Beta_vulgaris|gene=LOC104889112|len=259|source=XP_010672558.1	UGOseq_000005288	Beta_vulgaris	OG0000139	1	MYB-like transcriptional regulator	Developmental_TF	Tier_A_core_supported_but_OG_split	1.0	0.173	Review before validation		developmental transition system with clear underground-organ initiation stage	stage-specific expression analysis and targeted perturbation of transcription factor homologs
LOC104889168	Beta_vulgaris|gene=LOC104889168|len=1709|source=XP_010672625.1	UGOseq_000005339	Beta_vulgaris	OG0000139	1	MYB-like transcriptional regulator	Developmental_TF	Tier_A_core_supported_but_OG_split	1.0	0.173	Review before validation		developmental transition system with clear underground-organ initiation stage	stage-specific expression analysis and targeted perturbation of transcription factor homologs
LOC104889315	Beta_vulgaris|gene=LOC104889315|len=352|source=XP_010672812.1	UGOseq_000005471	Beta_vulgaris	OG0000154	4	XTH / xyloglucan cell-wall remodeling	Cell_wall_remodeling	Tier_A_plus_core_stable_with_lotus_or_ginger	1.0	0.791	Strong validation candidate	Cell-wall remodeling module	rhizome elongation or tuber/storage-organ expansion system	expression profiling across initiation/elongation stages; RNAi/CRISPR or overexpression in a tractable system
LOC104889333	Beta_vulgaris|gene=LOC104889333|len=824|source=XP_010672830.1	UGOseq_000005486	Beta_vulgaris	OG0000139	1	MYB-like transcriptional regulator	Developmental_TF	Tier_A_core_supported_but_OG_split	1.0	0.173	Review before validation		developmental transition system with clear underground-organ initiation stage	stage-specific expression analysis and targeted perturbation of transcription factor homologs
LOC104889595	Beta_vulgaris|gene=LOC104889595|len=708|source=XP_010673155.1	UGOseq_000005726	Beta_vulgaris	OG0000139	1	MYB-like transcriptional regulator	Developmental_TF	Tier_A_core_supported_but_OG_split	1.0	0.173	Review before validation		developmental transition system with clear underground-organ initiation stage	stage-specific expression analysis and targeted perturbation of transcription factor homologs
LOC104889755	Beta_vulgaris|gene=LOC104889755|len=1001|source=XP_010673355.1	UGOseq_000005881	Beta_vulgaris	OG0000139	1	MYB-like transcriptional regulator	Developmental_TF	Tier_A_core_supported_but_OG_split	1.0	0.173	Review before validation		developmental transition system with clear underground-organ initiation stage	stage-specific expression analysis and targeted perturbation of transcription factor homologs
LOC104890294	Beta_vulgaris|gene=LOC104890294|len=989|source=XP_010674016.1	UGOseq_000006387	Beta_vulgaris	OG0000139	1	MYB-like transcriptional regulator	Developmental_TF	Tier_A_core_supported_but_OG_split	1.0	0.173	Review before validation		developmental transition system with clear underground-organ initiation stage	stage-specific expression analysis and targeted perturbation of transcription factor homologs
LOC104890473	Beta_vulgaris|gene=LOC104890473|len=1103|source=XP_010674286.1	UGOseq_000006556	Beta_vulgaris	OG0000139	1	MYB-like transcriptional regulator	Developmental_TF	Tier_A_core_supported_but_OG_split	1.0	0.173	Review before validation		developmental transition system with clear underground-organ initiation stage	stage-specific expression analysis and targeted perturbation of transcription factor homologs
LOC104890735	Beta_vulgaris|gene=LOC104890735|len=1375|source=XP_010674612.1	UGOseq_000006793	Beta_vulgaris	OG0000139	1	MYB-like transcriptional regulator	Developmental_TF	Tier_A_core_supported_but_OG_split	1.0	0.173	Review before validation		developmental transition system with clear underground-organ initiation stage	stage-specific expression analysis and targeted perturbation of transcription factor homologs
LOC104890943	Beta_vulgaris|gene=LOC104890943|len=169|source=XP_010674863.1	UGOseq_000006985	Beta_vulgaris	OG0000154	4	XTH / xyloglucan cell-wall remodeling	Cell_wall_remodeling	Tier_A_plus_core_stable_with_lotus_or_ginger	1.0	0.791	Strong validation candidate	Cell-wall remodeling module	rhizome elongation or tuber/storage-organ expansion system	expression profiling across initiation/elongation stages; RNAi/CRISPR or overexpression in a tractable system
LOC104891289	Beta_vulgaris|gene=LOC104891289|len=308|source=XP_010675260.1	UGOseq_000007281	Beta_vulgaris	OG0000139	1	MYB-like transcriptional regulator	Developmental_TF	Tier_A_core_supported_but_OG_split	1.0	0.173	Review before validation		developmental transition system with clear underground-organ initiation stage	stage-specific expression analysis and targeted perturbation of transcription factor homologs
LOC104891378	Beta_vulgaris|gene=LOC104891378|len=96|source=XP_010675365.1	UGOseq_000007359	Beta_vulgaris	OG0000154	4	XTH / xyloglucan cell-wall remodeling	Cell_wall_remodeling	Tier_A_plus_core_stable_with_lotus_or_ginger	1.0	0.791	Strong validation candidate	Cell-wall remodeling module	rhizome elongation or tuber/storage-organ expansion system	expression profiling across initiation/elongation stages; RNAi/CRISPR or overexpression in a tractable system
LOC104891549	Beta_vulgaris|gene=LOC104891549|len=267|source=XP_010675556.1	UGOseq_000007512	Beta_vulgaris	OG0000139	1	MYB-like transcriptional regulator	Developmental_TF	Tier_A_core_supported_but_OG_split	1.0	0.173	Review before validation		developmental transition system with clear underground-organ initiation stage	stage-specific expression analysis and targeted perturbation of transcription factor homologs
LOC104891936	Beta_vulgaris|gene=LOC104891936|len=1342|source=XP_010676026.1	UGOseq_000007858	Beta_vulgaris	OG0000139	1	MYB-like transcriptional regulator	Developmental_TF	Tier_A_core_supported_but_OG_split	1.0	0.173	Review before validation		developmental transition system with clear underground-organ initiation stage	stage-specific expression analysis and targeted perturbation of transcription factor homologs
LOC104892032	Beta_vulgaris|gene=LOC104892032|len=436|source=XP_010676147.2	UGOseq_000007945	Beta_vulgaris	OG0000154	4	XTH / xyloglucan cell-wall remodeling	Cell_wall_remodeling	Tier_A_plus_core_stable_with_lotus_or_ginger	1.0	0.791	Strong validation candidate	Cell-wall remodeling module	rhizome elongation or tuber/storage-organ expansion system	expression profiling across initiation/elongation stages; RNAi/CRISPR or overexpression in a tractable system
LOC104892675	Beta_vulgaris|gene=LOC104892675|len=917|source=XP_010676966.1	UGOseq_000008544	Beta_vulgaris	OG0000139	1	MYB-like transcriptional regulator	Developmental_TF	Tier_A_core_supported_but_OG_split	1.0	0.173	Review before validation		developmental transition system with clear underground-organ initiation stage	stage-specific expression analysis and targeted perturbation of transcription factor homologs
LOC104892705	Beta_vulgaris|gene=LOC104892705|len=832|source=XP_010676995.1	UGOseq_000008568	Beta_vulgaris	OG0000139	1	MYB-like transcriptional regulator	Developmental_TF	Tier_A_core_supported_but_OG_split	1.0	0.173	Review before validation		developmental transition system with clear underground-organ initiation stage	stage-specific expression analysis and targeted perturbation of transcription factor homologs
LOC104892729	Beta_vulgaris|gene=LOC104892729|len=1059|source=XP_010677018.1	UGOseq_000008584	Beta_vulgaris	OG0000139	1	MYB-like transcriptional regulator	Developmental_TF	Tier_A_core_supported_but_OG_split	1.0	0.173	Review before validation		developmental transition system with clear underground-organ initiation stage	stage-specific expression analysis and targeted perturbation of transcription factor homologs
LOC104892865	Beta_vulgaris|gene=LOC104892865|len=1103|source=XP_010677188.1	UGOseq_000008707	Beta_vulgaris	OG0000139	1	MYB-like transcriptional regulator	Developmental_TF	Tier_A_core_supported_but_OG_split	1.0	0.173	Review before validation		developmental transition system with clear underground-organ initiation stage	stage-specific expression analysis and targeted perturbation of transcription factor homologs
LOC104892909	Beta_vulgaris|gene=LOC104892909|len=649|source=XP_010677236.1	UGOseq_000008747	Beta_vulgaris	OG0000767	11	bHLH-like transcriptional regulator	Developmental_TF	Tier_A_supported_main_text_candidate	0.678	0.821	Strong validation candidate		developmental transition system with clear underground-organ initiation stage	stage-specific expression analysis and targeted perturbation of transcription factor homologs
LOC104892995	Beta_vulgaris|gene=LOC104892995|len=470|source=XP_010677327.1	UGOseq_000008823	Beta_vulgaris	OG0000139	1	MYB-like transcriptional regulator	Developmental_TF	Tier_A_core_supported_but_OG_split	1.0	0.173	Review before validation		developmental transition system with clear underground-organ initiation stage	stage-specific expression analysis and targeted perturbation of transcription factor homologs
LOC104893281	Beta_vulgaris|gene=LOC104893281|len=623|source=XP_010677682.1	UGOseq_000009064	Beta_vulgaris	OG0000139	1	MYB-like transcriptional regulator	Developmental_TF	Tier_A_core_supported_but_OG_split	1.0	0.173	Review before validation		developmental transition system with clear underground-organ initiation stage	stage-specific expression analysis and targeted perturbation of transcription factor homologs
LOC104893292	Beta_vulgaris|gene=LOC104893292|len=1373|source=XP_010677694.1	UGOseq_000009074	Beta_vulgaris	OG0000139	1	MYB-like transcriptional regulator	Developmental_TF	Tier_A_core_supported_but_OG_split	1.0	0.173	Review before validation		developmental transition system with clear underground-organ initiation stage	stage-specific expression analysis and targeted perturbation of transcription factor homologs
LOC104893339	Beta_vulgaris|gene=LOC104893339|len=323|source=XP_010677737.1	UGOseq_000009113	Beta_vulgaris	OG0000139	1	MYB-like transcriptional regulator	Developmental_TF	Tier_A_core_supported_but_OG_split	1.0	0.173	Review before validation		developmental transition system with clear underground-organ initiation stage	stage-specific expression analysis and targeted perturbation of transcription factor homologs
LOC104893430	Beta_vulgaris|gene=LOC104893430|len=280|source=XP_010677840.1	UGOseq_000009193	Beta_vulgaris	OG0000154	4	XTH / xyloglucan cell-wall remodeling	Cell_wall_remodeling	Tier_A_plus_core_stable_with_lotus_or_ginger	1.0	0.791	Strong validation candidate	Cell-wall remodeling module	rhizome elongation or tuber/storage-organ expansion system	expression profiling across initiation/elongation stages; RNAi/CRISPR or overexpression in a tractable system
LOC104893489	Beta_vulgaris|gene=LOC104893489|len=191|source=XP_010677896.1	UGOseq_000009235	Beta_vulgaris	OG0000154	4	XTH / xyloglucan cell-wall remodeling	Cell_wall_remodeling	Tier_A_plus_core_stable_with_lotus_or_ginger	1.0	0.791	Strong validation candidate	Cell-wall remodeling module	rhizome elongation or tuber/storage-organ expansion system	expression profiling across initiation/elongation stages; RNAi/CRISPR or overexpression in a tractable system
LOC104893595	Beta_vulgaris|gene=LOC104893595|len=831|source=XP_010678024.1	UGOseq_000009327	Beta_vulgaris	OG0000139	1	MYB-like transcriptional regulator	Developmental_TF	Tier_A_core_supported_but_OG_split	1.0	0.173	Review before validation		developmental transition system with clear underground-organ initiation stage	stage-specific expression analysis and targeted perturbation of transcription factor homologs
LOC104893741	Beta_vulgaris|gene=LOC104893741|len=262|source=XP_010678175.1	UGOseq_000009440	Beta_vulgaris	OG0000154	4	XTH / xyloglucan cell-wall remodeling	Cell_wall_remodeling	Tier_A_plus_core_stable_with_lotus_or_ginger	1.0	0.791	Strong validation candidate	Cell-wall remodeling module	rhizome elongation or tuber/storage-organ expansion system	expression profiling across initiation/elongation stages; RNAi/CRISPR or overexpression in a tractable system
LOC104893796	Beta_vulgaris|gene=LOC104893796|len=421|source=XP_010678233.2	UGOseq_000009479	Beta_vulgaris	OG0000154	4	XTH / xyloglucan cell-wall remodeling	Cell_wall_remodeling	Tier_A_plus_core_stable_with_lotus_or_ginger	1.0	0.791	Strong validation candidate	Cell-wall remodeling module	rhizome elongation or tuber/storage-organ expansion system	expression profiling across initiation/elongation stages; RNAi/CRISPR or overexpression in a tractable system
LOC104893961	Beta_vulgaris|gene=LOC104893961|len=365|source=XP_010678406.1	UGOseq_000009611	Beta_vulgaris	OG0000139	1	MYB-like transcriptional regulator	Developmental_TF	Tier_A_core_supported_but_OG_split	1.0	0.173	Review before validation		developmental transition system with clear underground-organ initiation stage	stage-specific expression analysis and targeted perturbation of transcription factor homologs
LOC104894083	Beta_vulgaris|gene=LOC104894083|len=1224|source=XP_010678551.1	UGOseq_000009727	Beta_vulgaris	OG0000139	1	MYB-like transcriptional regulator	Developmental_TF	Tier_A_core_supported_but_OG_split	1.0	0.173	Review before validation		developmental transition system with clear underground-organ initiation stage	stage-specific expression analysis and targeted perturbation of transcription factor homologs
LOC104894690	Beta_vulgaris|gene=LOC104894690|len=1373|source=XP_010679283.1	UGOseq_000010271	Beta_vulgaris	OG0000139	1	MYB-like transcriptional regulator	Developmental_TF	Tier_A_core_supported_but_OG_split	1.0	0.173	Review before validation		developmental transition system with clear underground-organ initiation stage	stage-specific expression analysis and targeted perturbation of transcription factor homologs
LOC104895320	Beta_vulgaris|gene=LOC104895320|len=327|source=XP_010680090.1	UGOseq_000010865	Beta_vulgaris	OG0000154	4	XTH / xyloglucan cell-wall remodeling	Cell_wall_remodeling	Tier_A_plus_core_stable_with_lotus_or_ginger	1.0	0.791	Strong validation candidate	Cell-wall remodeling module	rhizome elongation or tuber/storage-organ expansion system	expression profiling across initiation/elongation stages; RNAi/CRISPR or overexpression in a tractable system
LOC104896166	Beta_vulgaris|gene=LOC104896166|len=329|source=XP_010681186.1	UGOseq_000011641	Beta_vulgaris	OG0000139	1	MYB-like transcriptional regulator	Developmental_TF	Tier_A_core_supported_but_OG_split	1.0	0.173	Review before validation		developmental transition system with clear underground-organ initiation stage	stage-specific expression analysis and targeted perturbation of transcription factor homologs
LOC104896167	Beta_vulgaris|gene=LOC104896167|len=308|source=XP_010681188.1	UGOseq_000011642	Beta_vulgaris	OG0000139	1	MYB-like transcriptional regulator	Developmental_TF	Tier_A_core_supported_but_OG_split	1.0	0.173	Review before validation		developmental transition system with clear underground-organ initiation stage	stage-specific expression analysis and targeted perturbation of transcription factor homologs
LOC104896248	Beta_vulgaris|gene=LOC104896248|len=744|source=XP_010681266.1	UGOseq_000011714	Beta_vulgaris	OG0000139	1	MYB-like transcriptional regulator	Developmental_TF	Tier_A_core_supported_but_OG_split	1.0	0.173	Review before validation		developmental transition system with clear underground-organ initiation stage	stage-specific expression analysis and targeted perturbation of transcription factor homologs
LOC104896378	Beta_vulgaris|gene=LOC104896378|len=253|source=XP_010681427.1	UGOseq_000011827	Beta_vulgaris	OG0000154	4	XTH / xyloglucan cell-wall remodeling	Cell_wall_remodeling	Tier_A_plus_core_stable_with_lotus_or_ginger	1.0	0.791	Strong validation candidate	Cell-wall remodeling module	rhizome elongation or tuber/storage-organ expansion system	expression profiling across initiation/elongation stages; RNAi/CRISPR or overexpression in a tractable system
LOC104896405	Beta_vulgaris|gene=LOC104896405|len=838|source=XP_010681457.1	UGOseq_000011851	Beta_vulgaris	OG0000139	1	MYB-like transcriptional regulator	Developmental_TF	Tier_A_core_supported_but_OG_split	1.0	0.173	Review before validation		developmental transition system with clear underground-organ initiation stage	stage-specific expression analysis and targeted perturbation of transcription factor homologs
LOC104896534	Beta_vulgaris|gene=LOC104896534|len=158|source=XP_010681593.1	UGOseq_000011949	Beta_vulgaris	OG0000139	1	MYB-like transcriptional regulator	Developmental_TF	Tier_A_core_supported_but_OG_split	1.0	0.173	Review before validation		developmental transition system with clear underground-organ initiation stage	stage-specific expression analysis and targeted perturbation of transcription factor homologs
LOC104896541	Beta_vulgaris|gene=LOC104896541|len=1118|source=XP_010681601.1	UGOseq_000011955	Beta_vulgaris	OG0000139	1	MYB-like transcriptional regulator	Developmental_TF	Tier_A_core_supported_but_OG_split	1.0	0.173	Review before validation		developmental transition system with clear underground-organ initiation stage	stage-specific expression analysis and targeted perturbation of transcription factor homologs
LOC104896616	Beta_vulgaris|gene=LOC104896616|len=1160|source=XP_010681687.1	UGOseq_000012015	Beta_vulgaris	OG0000139	1	MYB-like transcriptional regulator	Developmental_TF	Tier_A_core_supported_but_OG_split	1.0	0.173	Review before validation		developmental transition system with clear underground-organ initiation stage	stage-specific expression analysis and targeted perturbation of transcription factor homologs
LOC104896731	Beta_vulgaris|gene=LOC104896731|len=322|source=XP_010681824.1	UGOseq_000012105	Beta_vulgaris	OG0000139	1	MYB-like transcriptional regulator	Developmental_TF	Tier_A_core_supported_but_OG_split	1.0	0.173	Review before validation		developmental transition system with clear underground-organ initiation stage	stage-specific expression analysis and targeted perturbation of transcription factor homologs
LOC104896776	Beta_vulgaris|gene=LOC104896776|len=142|source=XP_010681871.1	UGOseq_000012143	Beta_vulgaris	OG0000139	1	MYB-like transcriptional regulator	Developmental_TF	Tier_A_core_supported_but_OG_split	1.0	0.173	Review before validation		developmental transition system with clear underground-organ initiation stage	stage-specific expression analysis and targeted perturbation of transcription factor homologs
LOC104896777	Beta_vulgaris|gene=LOC104896777|len=217|source=XP_010681872.1	UGOseq_000012144	Beta_vulgaris	OG0000154	4	XTH / xyloglucan cell-wall remodeling	Cell_wall_remodeling	Tier_A_plus_core_stable_with_lotus_or_ginger	1.0	0.791	Strong validation candidate	Cell-wall remodeling module	rhizome elongation or tuber/storage-organ expansion system	expression profiling across initiation/elongation stages; RNAi/CRISPR or overexpression in a tractable system
LOC104896909	Beta_vulgaris|gene=LOC104896909|len=296|source=XP_010681998.1	UGOseq_000012238	Beta_vulgaris	OG0000154	4	XTH / xyloglucan cell-wall remodeling	Cell_wall_remodeling	Tier_A_plus_core_stable_with_lotus_or_ginger	1.0	0.791	Strong validation candidate	Cell-wall remodeling module	rhizome elongation or tuber/storage-organ expansion system	expression profiling across initiation/elongation stages; RNAi/CRISPR or overexpression in a tractable system
LOC104897312	Beta_vulgaris|gene=LOC104897312|len=1112|source=XP_010682474.1	UGOseq_000012576	Beta_vulgaris	OG0000139	1	MYB-like transcriptional regulator	Developmental_TF	Tier_A_core_supported_but_OG_split	1.0	0.173	Review before validation		developmental transition system with clear underground-organ initiation stage	stage-specific expression analysis and targeted perturbation of transcription factor homologs
LOC104897316	Beta_vulgaris|gene=LOC104897316|len=1192|source=XP_010682478.1	UGOseq_000012580	Beta_vulgaris	OG0000139	1	MYB-like transcriptional regulator	Developmental_TF	Tier_A_core_supported_but_OG_split	1.0	0.173	Review before validation		developmental transition system with clear underground-organ initiation stage	stage-specific expression analysis and targeted perturbation of transcription factor homologs
LOC104897344	Beta_vulgaris|gene=LOC104897344|len=307|source=XP_010682505.1	UGOseq_000012602	Beta_vulgaris	OG0000139	1	MYB-like transcriptional regulator	Developmental_TF	Tier_A_core_supported_but_OG_split	1.0	0.173	Review before validation		developmental transition system with clear underground-organ initiation stage	stage-specific expression analysis and targeted perturbation of transcription factor homologs
LOC104897699	Beta_vulgaris|gene=LOC104897699|len=326|source=XP_010682938.1	UGOseq_000012930	Beta_vulgaris	OG0000139	1	MYB-like transcriptional regulator	Developmental_TF	Tier_A_core_supported_but_OG_split	1.0	0.173	Review before validation		developmental transition system with clear underground-organ initiation stage	stage-specific expression analysis and targeted perturbation of transcription factor homologs
LOC104897703	Beta_vulgaris|gene=LOC104897703|len=386|source=XP_010682942.1	UGOseq_000012934	Beta_vulgaris	OG0000139	1	MYB-like transcriptional regulator	Developmental_TF	Tier_A_core_supported_but_OG_split	1.0	0.173	Review before validation		developmental transition system with clear underground-organ initiation stage	stage-specific expression analysis and targeted perturbation of transcription factor homologs
LOC104897876	Beta_vulgaris|gene=LOC104897876|len=274|source=XP_010683140.1	UGOseq_000013092	Beta_vulgaris	OG0000273	11	bHLH-like transcriptional regulator	Developmental_TF	Tier_A_plus_core_stable_with_lotus_or_ginger	0.678	0.821	Strong validation candidate	Developmental transcription-factor module	developmental transition system with clear underground-organ initiation stage	stage-specific expression analysis and targeted perturbation of transcription factor homologs
LOC104898070	Beta_vulgaris|gene=LOC104898070|len=226|source=XP_010683378.1	UGOseq_000013274	Beta_vulgaris	OG0000154	4	XTH / xyloglucan cell-wall remodeling	Cell_wall_remodeling	Tier_A_plus_core_stable_with_lotus_or_ginger	1.0	0.791	Strong validation candidate	Cell-wall remodeling module	rhizome elongation or tuber/storage-organ expansion system	expression profiling across initiation/elongation stages; RNAi/CRISPR or overexpression in a tractable system
LOC104898091	Beta_vulgaris|gene=LOC104898091|len=957|source=XP_010683403.1	UGOseq_000013294	Beta_vulgaris	OG0000139	1	MYB-like transcriptional regulator	Developmental_TF	Tier_A_core_supported_but_OG_split	1.0	0.173	Review before validation		developmental transition system with clear underground-organ initiation stage	stage-specific expression analysis and targeted perturbation of transcription factor homologs
LOC104898566	Beta_vulgaris|gene=LOC104898566|len=819|source=XP_019106321.1	UGOseq_000013723	Beta_vulgaris	OG0004958	11	Non-symbiotic hemoglobin / stress-resilience candidate	Stress_resilience	Tier_A_supported_main_text_candidate	1.0	0.95	Top validation-ready candidate	Stress-resilience module	regrowth or stress-resilience underground-organ system	stress/regrowth expression profiling and survival/regrowth phenotyping
LOC104898717	Beta_vulgaris|gene=LOC104898717|len=520|source=XP_010684120.1	UGOseq_000013851	Beta_vulgaris	OG0000139	1	MYB-like transcriptional regulator	Developmental_TF	Tier_A_core_supported_but_OG_split	1.0	0.173	Review before validation		developmental transition system with clear underground-organ initiation stage	stage-specific expression analysis and targeted perturbation of transcription factor homologs
LOC104898724	Beta_vulgaris|gene=LOC104898724|len=706|source=XP_010684129.2	UGOseq_000013858	Beta_vulgaris	OG0000139	1	MYB-like transcriptional regulator	Developmental_TF	Tier_A_core_supported_but_OG_split	1.0	0.173	Review before validation		developmental transition system with clear underground-organ initiation stage	stage-specific expression analysis and targeted perturbation of transcription factor homologs
LOC104898818	Beta_vulgaris|gene=LOC104898818|len=454|source=XP_010684227.1	UGOseq_000013937	Beta_vulgaris	OG0000139	1	MYB-like transcriptional regulator	Developmental_TF	Tier_A_core_supported_but_OG_split	1.0	0.173	Review before validation		developmental transition system with clear underground-organ initiation stage	stage-specific expression analysis and targeted perturbation of transcription factor homologs
LOC104898890	Beta_vulgaris|gene=LOC104898890|len=413|source=XP_010684321.1	UGOseq_000014000	Beta_vulgaris	OG0000154	4	XTH / xyloglucan cell-wall remodeling	Cell_wall_remodeling	Tier_A_plus_core_stable_with_lotus_or_ginger	1.0	0.791	Strong validation candidate	Cell-wall remodeling module	rhizome elongation or tuber/storage-organ expansion system	expression profiling across initiation/elongation stages; RNAi/CRISPR or overexpression in a tractable system
LOC104899127	Beta_vulgaris|gene=LOC104899127|len=351|source=XP_010684565.1	UGOseq_000014179	Beta_vulgaris	OG0000154	4	XTH / xyloglucan cell-wall remodeling	Cell_wall_remodeling	Tier_A_plus_core_stable_with_lotus_or_ginger	1.0	0.791	Strong validation candidate	Cell-wall remodeling module	rhizome elongation or tuber/storage-organ expansion system	expression profiling across initiation/elongation stages; RNAi/CRISPR or overexpression in a tractable system
LOC104899139	Beta_vulgaris|gene=LOC104899139|len=427|source=XP_019106222.1	UGOseq_000014188	Beta_vulgaris	OG0000154	4	XTH / xyloglucan cell-wall remodeling	Cell_wall_remodeling	Tier_A_plus_core_stable_with_lotus_or_ginger	1.0	0.791	Strong validation candidate	Cell-wall remodeling module	rhizome elongation or tuber/storage-organ expansion system	expression profiling across initiation/elongation stages; RNAi/CRISPR or overexpression in a tractable system
LOC104899272	Beta_vulgaris|gene=LOC104899272|len=303|source=XP_010684738.1	UGOseq_000014301	Beta_vulgaris	OG0000139	1	MYB-like transcriptional regulator	Developmental_TF	Tier_A_core_supported_but_OG_split	1.0	0.173	Review before validation		developmental transition system with clear underground-organ initiation stage	stage-specific expression analysis and targeted perturbation of transcription factor homologs
LOC104899484	Beta_vulgaris|gene=LOC104899484|len=317|source=XP_010684983.1	UGOseq_000014476	Beta_vulgaris	OG0000154	4	XTH / xyloglucan cell-wall remodeling	Cell_wall_remodeling	Tier_A_plus_core_stable_with_lotus_or_ginger	1.0	0.791	Strong validation candidate	Cell-wall remodeling module	rhizome elongation or tuber/storage-organ expansion system	expression profiling across initiation/elongation stages; RNAi/CRISPR or overexpression in a tractable system
LOC104899802	Beta_vulgaris|gene=LOC104899802|len=382|source=XP_010685376.1	UGOseq_000014760	Beta_vulgaris	OG0000154	4	XTH / xyloglucan cell-wall remodeling	Cell_wall_remodeling	Tier_A_plus_core_stable_with_lotus_or_ginger	1.0	0.791	Strong validation candidate	Cell-wall remodeling module	rhizome elongation or tuber/storage-organ expansion system	expression profiling across initiation/elongation stages; RNAi/CRISPR or overexpression in a tractable system
LOC104901040	Beta_vulgaris|gene=LOC104901040|len=439|source=XP_010686885.1	UGOseq_000015916	Beta_vulgaris	OG0000154	4	XTH / xyloglucan cell-wall remodeling	Cell_wall_remodeling	Tier_A_plus_core_stable_with_lotus_or_ginger	1.0	0.791	Strong validation candidate	Cell-wall remodeling module	rhizome elongation or tuber/storage-organ expansion system	expression profiling across initiation/elongation stages; RNAi/CRISPR or overexpression in a tractable system
LOC104901340	Beta_vulgaris|gene=LOC104901340|len=1342|source=XP_010687204.1	UGOseq_000016147	Beta_vulgaris	OG0000139	1	MYB-like transcriptional regulator	Developmental_TF	Tier_A_core_supported_but_OG_split	1.0	0.173	Review before validation		developmental transition system with clear underground-organ initiation stage	stage-specific expression analysis and targeted perturbation of transcription factor homologs
LOC104901378	Beta_vulgaris|gene=LOC104901378|len=825|source=XP_010687249.1	UGOseq_000016176	Beta_vulgaris	OG0000139	1	MYB-like transcriptional regulator	Developmental_TF	Tier_A_core_supported_but_OG_split	1.0	0.173	Review before validation		developmental transition system with clear underground-organ initiation stage	stage-specific expression analysis and targeted perturbation of transcription factor homologs
LOC104903276	Beta_vulgaris|gene=LOC104903276|len=251|source=XP_010689595.1	UGOseq_000017867	Beta_vulgaris	OG0000139	1	MYB-like transcriptional regulator	Developmental_TF	Tier_A_core_supported_but_OG_split	1.0	0.173	Review before validation		developmental transition system with clear underground-organ initiation stage	stage-specific expression analysis and targeted perturbation of transcription factor homologs
LOC104903323	Beta_vulgaris|gene=LOC104903323|len=455|source=XP_010689642.1	UGOseq_000017902	Beta_vulgaris	OG0000154	4	XTH / xyloglucan cell-wall remodeling	Cell_wall_remodeling	Tier_A_plus_core_stable_with_lotus_or_ginger	1.0	0.791	Strong validation candidate	Cell-wall remodeling module	rhizome elongation or tuber/storage-organ expansion system	expression profiling across initiation/elongation stages; RNAi/CRISPR or overexpression in a tractable system
LOC104903517	Beta_vulgaris|gene=LOC104903517|len=208|source=XP_010689860.1	UGOseq_000018067	Beta_vulgaris	OG0000139	1	MYB-like transcriptional regulator	Developmental_TF	Tier_A_core_supported_but_OG_split	1.0	0.173	Review before validation		developmental transition system with clear underground-organ initiation stage	stage-specific expression analysis and targeted perturbation of transcription factor homologs
LOC104904197	Beta_vulgaris|gene=LOC104904197|len=701|source=XP_010690696.1	UGOseq_000018673	Beta_vulgaris	OG0000139	1	MYB-like transcriptional regulator	Developmental_TF	Tier_A_core_supported_but_OG_split	1.0	0.173	Review before validation		developmental transition system with clear underground-organ initiation stage	stage-specific expression analysis and targeted perturbation of transcription factor homologs
LOC104905012	Beta_vulgaris|gene=LOC104905012|len=831|source=XP_010691755.1	UGOseq_000019439	Beta_vulgaris	OG0000139	1	MYB-like transcriptional regulator	Developmental_TF	Tier_A_core_supported_but_OG_split	1.0	0.173	Review before validation		developmental transition system with clear underground-organ initiation stage	stage-specific expression analysis and targeted perturbation of transcription factor homologs
LOC104905555	Beta_vulgaris|gene=LOC104905555|len=1634|source=XP_010692445.1	UGOseq_000019935	Beta_vulgaris	OG0000139	1	MYB-like transcriptional regulator	Developmental_TF	Tier_A_core_supported_but_OG_split	1.0	0.173	Review before validation		developmental transition system with clear underground-organ initiation stage	stage-specific expression analysis and targeted perturbation of transcription factor homologs
LOC104905583	Beta_vulgaris|gene=LOC104905583|len=280|source=XP_010692473.1	UGOseq_000019957	Beta_vulgaris	OG0000139	1	MYB-like transcriptional regulator	Developmental_TF	Tier_A_core_supported_but_OG_split	1.0	0.173	Review before validation		developmental transition system with clear underground-organ initiation stage	stage-specific expression analysis and targeted perturbation of transcription factor homologs
LOC104905603	Beta_vulgaris|gene=LOC104905603|len=1364|source=XP_010692491.1	UGOseq_000019973	Beta_vulgaris	OG0000139	1	MYB-like transcriptional regulator	Developmental_TF	Tier_A_core_supported_but_OG_split	1.0	0.173	Review before validation		developmental transition system with clear underground-organ initiation stage	stage-specific expression analysis and targeted perturbation of transcription factor homologs
LOC104905680	Beta_vulgaris|gene=LOC104905680|len=481|source=XP_010692583.1	UGOseq_000020039	Beta_vulgaris	OG0000139	1	MYB-like transcriptional regulator	Developmental_TF	Tier_A_core_supported_but_OG_split	1.0	0.173	Review before validation		developmental transition system with clear underground-organ initiation stage	stage-specific expression analysis and targeted perturbation of transcription factor homologs
LOC104905704	Beta_vulgaris|gene=LOC104905704|len=1052|source=XP_010692615.1	UGOseq_000020060	Beta_vulgaris	OG0000139	1	MYB-like transcriptional regulator	Developmental_TF	Tier_A_core_supported_but_OG_split	1.0	0.173	Review before validation		developmental transition system with clear underground-organ initiation stage	stage-specific expression analysis and targeted perturbation of transcription factor homologs
LOC104905753	Beta_vulgaris|gene=LOC104905753|len=179|source=XP_010692676.1	UGOseq_000020103	Beta_vulgaris	OG0000139	1	MYB-like transcriptional regulator	Developmental_TF	Tier_A_core_supported_but_OG_split	1.0	0.173	Review before validation		developmental transition system with clear underground-organ initiation stage	stage-specific expression analysis and targeted perturbation of transcription factor homologs
LOC104905754	Beta_vulgaris|gene=LOC104905754|len=965|source=XP_010692677.1	UGOseq_000020104	Beta_vulgaris	OG0000139	1	MYB-like transcriptional regulator	Developmental_TF	Tier_A_core_supported_but_OG_split	1.0	0.173	Review before validation		developmental transition system with clear underground-organ initiation stage	stage-specific expression analysis and targeted perturbation of transcription factor homologs
LOC104905756	Beta_vulgaris|gene=LOC104905756|len=577|source=XP_010692680.1	UGOseq_000020106	Beta_vulgaris	OG0000154	4	XTH / xyloglucan cell-wall remodeling	Cell_wall_remodeling	Tier_A_plus_core_stable_with_lotus_or_ginger	1.0	0.791	Strong validation candidate	Cell-wall remodeling module	rhizome elongation or tuber/storage-organ expansion system	expression profiling across initiation/elongation stages; RNAi/CRISPR or overexpression in a tractable system
LOC104905807	Beta_vulgaris|gene=LOC104905807|len=983|source=XP_010692745.1	UGOseq_000020148	Beta_vulgaris	OG0000139	1	MYB-like transcriptional regulator	Developmental_TF	Tier_A_core_supported_but_OG_split	1.0	0.173	Review before validation		developmental transition system with clear underground-organ initiation stage	stage-specific expression analysis and targeted perturbation of transcription factor homologs
LOC104906039	Beta_vulgaris|gene=LOC104906039|len=444|source=XP_010693038.1	UGOseq_000020344	Beta_vulgaris	OG0006937	11	Carotenoid cleavage dioxygenase / hormone-related regulation	Hormone_regulation	Tier_B_no_new_lotus_ginger_support	1.0	0.89	Top validation-ready candidate	Hormone-related regulation module	storage-root/tuber or hormone-responsive underground-organ system	hormone-response expression analysis and candidate perturbation
LOC104906154	Beta_vulgaris|gene=LOC104906154|len=1258|source=XP_010693172.1	UGOseq_000020447	Beta_vulgaris	OG0000139	1	MYB-like transcriptional regulator	Developmental_TF	Tier_A_core_supported_but_OG_split	1.0	0.173	Review before validation		developmental transition system with clear underground-organ initiation stage	stage-specific expression analysis and targeted perturbation of transcription factor homologs
LOC104906395	Beta_vulgaris|gene=LOC104906395|len=832|source=XP_010693438.1	UGOseq_000020653	Beta_vulgaris	OG0000139	1	MYB-like transcriptional regulator	Developmental_TF	Tier_A_core_supported_but_OG_split	1.0	0.173	Review before validation		developmental transition system with clear underground-organ initiation stage	stage-specific expression analysis and targeted perturbation of transcription factor homologs
LOC104906813	Beta_vulgaris|gene=LOC104906813|len=307|source=XP_010693932.1	UGOseq_000021033	Beta_vulgaris	OG0000139	1	MYB-like transcriptional regulator	Developmental_TF	Tier_A_core_supported_but_OG_split	1.0	0.173	Review before validation		developmental transition system with clear underground-organ initiation stage	stage-specific expression analysis and targeted perturbation of transcription factor homologs
LOC104906865	Beta_vulgaris|gene=LOC104906865|len=243|source=XP_010693996.1	UGOseq_000021078	Beta_vulgaris	OG0000154	4	XTH / xyloglucan cell-wall remodeling	Cell_wall_remodeling	Tier_A_plus_core_stable_with_lotus_or_ginger	1.0	0.791	Strong validation candidate	Cell-wall remodeling module	rhizome elongation or tuber/storage-organ expansion system	expression profiling across initiation/elongation stages; RNAi/CRISPR or overexpression in a tractable system
LOC104906894	Beta_vulgaris|gene=LOC104906894|len=455|source=XP_010694026.1	UGOseq_000021098	Beta_vulgaris	OG0000139	1	MYB-like transcriptional regulator	Developmental_TF	Tier_A_core_supported_but_OG_split	1.0	0.173	Review before validation		developmental transition system with clear underground-organ initiation stage	stage-specific expression analysis and targeted perturbation of transcription factor homologs
LOC104906953	Beta_vulgaris|gene=LOC104906953|len=355|source=XP_010694098.1	UGOseq_000021148	Beta_vulgaris	OG0000863	11	Early nodulin-like meristem/regrowth candidate	Meristem_bud_regrowth	Tier_A_supported_main_text_candidate	1.0	0.95	Top validation-ready candidate	Meristem and regrowth module	rhizome bud, root crown, or regrowth system	bud activation/regrowth-stage expression analysis followed by perturbation
LOC104907012	Beta_vulgaris|gene=LOC104907012|len=393|source=XP_010694162.1	UGOseq_000021198	Beta_vulgaris	OG0000154	4	XTH / xyloglucan cell-wall remodeling	Cell_wall_remodeling	Tier_A_plus_core_stable_with_lotus_or_ginger	1.0	0.791	Strong validation candidate	Cell-wall remodeling module	rhizome elongation or tuber/storage-organ expansion system	expression profiling across initiation/elongation stages; RNAi/CRISPR or overexpression in a tractable system
LOC104907261	Beta_vulgaris|gene=LOC104907261|len=367|source=XP_010694468.1	UGOseq_000021425	Beta_vulgaris	OG0000139	1	MYB-like transcriptional regulator	Developmental_TF	Tier_A_core_supported_but_OG_split	1.0	0.173	Review before validation		developmental transition system with clear underground-organ initiation stage	stage-specific expression analysis and targeted perturbation of transcription factor homologs
LOC104907438	Beta_vulgaris|gene=LOC104907438|len=1322|source=XP_010694673.1	UGOseq_000021571	Beta_vulgaris	OG0000139	1	MYB-like transcriptional regulator	Developmental_TF	Tier_A_core_supported_but_OG_split	1.0	0.173	Review before validation		developmental transition system with clear underground-organ initiation stage	stage-specific expression analysis and targeted perturbation of transcription factor homologs
LOC104907518	Beta_vulgaris|gene=LOC104907518|len=832|source=XP_010694760.1	UGOseq_000021638	Beta_vulgaris	OG0000139	1	MYB-like transcriptional regulator	Developmental_TF	Tier_A_core_supported_but_OG_split	1.0	0.173	Review before validation		developmental transition system with clear underground-organ initiation stage	stage-specific expression analysis and targeted perturbation of transcription factor homologs
LOC104907555	Beta_vulgaris|gene=LOC104907555|len=130|source=XP_010694799.1	UGOseq_000021668	Beta_vulgaris	OG0000154	4	XTH / xyloglucan cell-wall remodeling	Cell_wall_remodeling	Tier_A_plus_core_stable_with_lotus_or_ginger	1.0	0.791	Strong validation candidate	Cell-wall remodeling module	rhizome elongation or tuber/storage-organ expansion system	expression profiling across initiation/elongation stages; RNAi/CRISPR or overexpression in a tractable system
LOC104907631	Beta_vulgaris|gene=LOC104907631|len=1460|source=XP_010694891.1	UGOseq_000021731	Beta_vulgaris	OG0000139	1	MYB-like transcriptional regulator	Developmental_TF	Tier_A_core_supported_but_OG_split	1.0	0.173	Review before validation		developmental transition system with clear underground-organ initiation stage	stage-specific expression analysis and targeted perturbation of transcription factor homologs
LOC104907635	Beta_vulgaris|gene=LOC104907635|len=1410|source=XP_010694896.1	UGOseq_000021735	Beta_vulgaris	OG0000139	1	MYB-like transcriptional regulator	Developmental_TF	Tier_A_core_supported_but_OG_split	1.0	0.173	Review before validation		developmental transition system with clear underground-organ initiation stage	stage-specific expression analysis and targeted perturbation of transcription factor homologs
LOC104907665	Beta_vulgaris|gene=LOC104907665|len=944|source=XP_010694927.1	UGOseq_000021760	Beta_vulgaris	OG0000139	1	MYB-like transcriptional regulator	Developmental_TF	Tier_A_core_supported_but_OG_split	1.0	0.173	Review before validation		developmental transition system with clear underground-organ initiation stage	stage-specific expression analysis and targeted perturbation of transcription factor homologs
LOC104907808	Beta_vulgaris|gene=LOC104907808|len=346|source=XP_010695105.1	UGOseq_000021885	Beta_vulgaris	OG0000139	1	MYB-like transcriptional regulator	Developmental_TF	Tier_A_core_supported_but_OG_split	1.0	0.173	Review before validation		developmental transition system with clear underground-organ initiation stage	stage-specific expression analysis and targeted perturbation of transcription factor homologs
LOC104907871	Beta_vulgaris|gene=LOC104907871|len=465|source=XP_010695190.1	UGOseq_000021944	Beta_vulgaris	OG0003725	10	NAC-like transcriptional regulator	Developmental_TF	Tier_B_no_new_lotus_ginger_support	1.0	0.867	Top validation-ready candidate		developmental transition system with clear underground-organ initiation stage	stage-specific expression analysis and targeted perturbation of transcription factor homologs
LOC104907929	Beta_vulgaris|gene=LOC104907929|len=358|source=XP_010695260.1	UGOseq_000021998	Beta_vulgaris	OG0000863	11	Early nodulin-like meristem/regrowth candidate	Meristem_bud_regrowth	Tier_A_supported_main_text_candidate	1.0	0.95	Top validation-ready candidate	Meristem and regrowth module	rhizome bud, root crown, or regrowth system	bud activation/regrowth-stage expression analysis followed by perturbation
LOC104907939	Beta_vulgaris|gene=LOC104907939|len=1281|source=XP_010695270.1	UGOseq_000022007	Beta_vulgaris	OG0000139	1	MYB-like transcriptional regulator	Developmental_TF	Tier_A_core_supported_but_OG_split	1.0	0.173	Review before validation		developmental transition system with clear underground-organ initiation stage	stage-specific expression analysis and targeted perturbation of transcription factor homologs
LOC104908184	Beta_vulgaris|gene=LOC104908184|len=1376|source=XP_010695571.1	UGOseq_000022223	Beta_vulgaris	OG0000139	1	MYB-like transcriptional regulator	Developmental_TF	Tier_A_core_supported_but_OG_split	1.0	0.173	Review before validation		developmental transition system with clear underground-organ initiation stage	stage-specific expression analysis and targeted perturbation of transcription factor homologs
LOC104908655	Beta_vulgaris|gene=LOC104908655|len=193|source=XP_010696094.1	UGOseq_000022625	Beta_vulgaris	OG0000139	1	MYB-like transcriptional regulator	Developmental_TF	Tier_A_core_supported_but_OG_split	1.0	0.173	Review before validation		developmental transition system with clear underground-organ initiation stage	stage-specific expression analysis and targeted perturbation of transcription factor homologs
LOC104908858	Beta_vulgaris|gene=LOC104908858|len=870|source=XP_010696325.1	UGOseq_000022810	Beta_vulgaris	OG0000139	1	MYB-like transcriptional regulator	Developmental_TF	Tier_A_core_supported_but_OG_split	1.0	0.173	Review before validation		developmental transition system with clear underground-organ initiation stage	stage-specific expression analysis and targeted perturbation of transcription factor homologs
LOC104908940	Beta_vulgaris|gene=LOC104908940|len=311|source=XP_010696412.1	UGOseq_000022876	Beta_vulgaris	OG0000139	1	MYB-like transcriptional regulator	Developmental_TF	Tier_A_core_supported_but_OG_split	1.0	0.173	Review before validation		developmental transition system with clear underground-organ initiation stage	stage-specific expression analysis and targeted perturbation of transcription factor homologs
LOC104908979	Beta_vulgaris|gene=LOC104908979|len=337|source=XP_010696454.1	UGOseq_000022905	Beta_vulgaris	OG0000154	4	XTH / xyloglucan cell-wall remodeling	Cell_wall_remodeling	Tier_A_plus_core_stable_with_lotus_or_ginger	1.0	0.791	Strong validation candidate	Cell-wall remodeling module	rhizome elongation or tuber/storage-organ expansion system	expression profiling across initiation/elongation stages; RNAi/CRISPR or overexpression in a tractable system
LOC104908982	Beta_vulgaris|gene=LOC104908982|len=453|source=XP_010696456.1	UGOseq_000022908	Beta_vulgaris	OG0000139	1	MYB-like transcriptional regulator	Developmental_TF	Tier_A_core_supported_but_OG_split	1.0	0.173	Review before validation		developmental transition system with clear underground-organ initiation stage	stage-specific expression analysis and targeted perturbation of transcription factor homologs
LOC109133557	Beta_vulgaris|gene=LOC109133557|len=318|source=XP_019107435.1	UGOseq_000023076	Beta_vulgaris	OG0000154	4	XTH / xyloglucan cell-wall remodeling	Cell_wall_remodeling	Tier_A_plus_core_stable_with_lotus_or_ginger	1.0	0.791	Strong validation candidate	Cell-wall remodeling module	rhizome elongation or tuber/storage-organ expansion system	expression profiling across initiation/elongation stages; RNAi/CRISPR or overexpression in a tractable system
LOC109133640	Beta_vulgaris|gene=LOC109133640|len=299|source=XP_019102751.1	UGOseq_000023106	Beta_vulgaris	OG0000154	4	XTH / xyloglucan cell-wall remodeling	Cell_wall_remodeling	Tier_A_plus_core_stable_with_lotus_or_ginger	1.0	0.791	Strong validation candidate	Cell-wall remodeling module	rhizome elongation or tuber/storage-organ expansion system	expression profiling across initiation/elongation stages; RNAi/CRISPR or overexpression in a tractable system
LOC109133715	Beta_vulgaris|gene=LOC109133715|len=361|source=XP_019102954.1	UGOseq_000023150	Beta_vulgaris	OG0000154	4	XTH / xyloglucan cell-wall remodeling	Cell_wall_remodeling	Tier_A_plus_core_stable_with_lotus_or_ginger	1.0	0.791	Strong validation candidate	Cell-wall remodeling module	rhizome elongation or tuber/storage-organ expansion system	expression profiling across initiation/elongation stages; RNAi/CRISPR or overexpression in a tractable system
LOC109133881	Beta_vulgaris|gene=LOC109133881|len=471|source=XP_019103324.1	UGOseq_000023245	Beta_vulgaris	OG0000154	4	XTH / xyloglucan cell-wall remodeling	Cell_wall_remodeling	Tier_A_plus_core_stable_with_lotus_or_ginger	1.0	0.791	Strong validation candidate	Cell-wall remodeling module	rhizome elongation or tuber/storage-organ expansion system	expression profiling across initiation/elongation stages; RNAi/CRISPR or overexpression in a tractable system
LOC109133921	Beta_vulgaris|gene=LOC109133921|len=629|source=XP_019103379.1	UGOseq_000023269	Beta_vulgaris	OG0000154	4	XTH / xyloglucan cell-wall remodeling	Cell_wall_remodeling	Tier_A_plus_core_stable_with_lotus_or_ginger	1.0	0.791	Strong validation candidate	Cell-wall remodeling module	rhizome elongation or tuber/storage-organ expansion system	expression profiling across initiation/elongation stages; RNAi/CRISPR or overexpression in a tractable system
LOC109134289	Beta_vulgaris|gene=LOC109134289|len=295|source=XP_019103425.1	UGOseq_000023299	Beta_vulgaris	OG0000154	4	XTH / xyloglucan cell-wall remodeling	Cell_wall_remodeling	Tier_A_plus_core_stable_with_lotus_or_ginger	1.0	0.791	Strong validation candidate	Cell-wall remodeling module	rhizome elongation or tuber/storage-organ expansion system	expression profiling across initiation/elongation stages; RNAi/CRISPR or overexpression in a tractable system
LOC109134292	Beta_vulgaris|gene=LOC109134292|len=382|source=XP_019103427.1	UGOseq_000023301	Beta_vulgaris	OG0000154	4	XTH / xyloglucan cell-wall remodeling	Cell_wall_remodeling	Tier_A_plus_core_stable_with_lotus_or_ginger	1.0	0.791	Strong validation candidate	Cell-wall remodeling module	rhizome elongation or tuber/storage-organ expansion system	expression profiling across initiation/elongation stages; RNAi/CRISPR or overexpression in a tractable system
LOC109134329	Beta_vulgaris|gene=LOC109134329|len=362|source=XP_019103449.1	UGOseq_000023315	Beta_vulgaris	OG0000154	4	XTH / xyloglucan cell-wall remodeling	Cell_wall_remodeling	Tier_A_plus_core_stable_with_lotus_or_ginger	1.0	0.791	Strong validation candidate	Cell-wall remodeling module	rhizome elongation or tuber/storage-organ expansion system	expression profiling across initiation/elongation stages; RNAi/CRISPR or overexpression in a tractable system
LOC109134372	Beta_vulgaris|gene=LOC109134372|len=144|source=XP_019103536.1	UGOseq_000023338	Beta_vulgaris	OG0000139	1	MYB-like transcriptional regulator	Developmental_TF	Tier_A_core_supported_but_OG_split	1.0	0.173	Review before validation		developmental transition system with clear underground-organ initiation stage	stage-specific expression analysis and targeted perturbation of transcription factor homologs
LOC109134555	Beta_vulgaris|gene=LOC109134555|len=1357|source=XP_019103872.1	UGOseq_000023438	Beta_vulgaris	OG0000139	1	MYB-like transcriptional regulator	Developmental_TF	Tier_A_core_supported_but_OG_split	1.0	0.173	Review before validation		developmental transition system with clear underground-organ initiation stage	stage-specific expression analysis and targeted perturbation of transcription factor homologs
LOC109134559	Beta_vulgaris|gene=LOC109134559|len=252|source=XP_019103878.1	UGOseq_000023442	Beta_vulgaris	OG0000139	1	MYB-like transcriptional regulator	Developmental_TF	Tier_A_core_supported_but_OG_split	1.0	0.173	Review before validation		developmental transition system with clear underground-organ initiation stage	stage-specific expression analysis and targeted perturbation of transcription factor homologs
LOC109134587	Beta_vulgaris|gene=LOC109134587|len=159|source=XP_019103918.1	UGOseq_000023462	Beta_vulgaris	OG0000139	1	MYB-like transcriptional regulator	Developmental_TF	Tier_A_core_supported_but_OG_split	1.0	0.173	Review before validation		developmental transition system with clear underground-organ initiation stage	stage-specific expression analysis and targeted perturbation of transcription factor homologs
LOC109134908	Beta_vulgaris|gene=LOC109134908|len=309|source=XP_019104862.1	UGOseq_000023623	Beta_vulgaris	OG0000154	4	XTH / xyloglucan cell-wall remodeling	Cell_wall_remodeling	Tier_A_plus_core_stable_with_lotus_or_ginger	1.0	0.791	Strong validation candidate	Cell-wall remodeling module	rhizome elongation or tuber/storage-organ expansion system	expression profiling across initiation/elongation stages; RNAi/CRISPR or overexpression in a tractable system
LOC109134918	Beta_vulgaris|gene=LOC109134918|len=172|source=XP_019104877.1	UGOseq_000023631	Beta_vulgaris	OG0000154	4	XTH / xyloglucan cell-wall remodeling	Cell_wall_remodeling	Tier_A_plus_core_stable_with_lotus_or_ginger	1.0	0.791	Strong validation candidate	Cell-wall remodeling module	rhizome elongation or tuber/storage-organ expansion system	expression profiling across initiation/elongation stages; RNAi/CRISPR or overexpression in a tractable system
LOC109135200	Beta_vulgaris|gene=LOC109135200|len=322|source=XP_019105455.1	UGOseq_000023729	Beta_vulgaris	OG0000154	4	XTH / xyloglucan cell-wall remodeling	Cell_wall_remodeling	Tier_A_plus_core_stable_with_lotus_or_ginger	1.0	0.791	Strong validation candidate	Cell-wall remodeling module	rhizome elongation or tuber/storage-organ expansion system	expression profiling across initiation/elongation stages; RNAi/CRISPR or overexpression in a tractable system
LOC109135251	Beta_vulgaris|gene=LOC109135251|len=151|source=XP_019105537.1	UGOseq_000023773	Beta_vulgaris	OG0000154	4	XTH / xyloglucan cell-wall remodeling	Cell_wall_remodeling	Tier_A_plus_core_stable_with_lotus_or_ginger	1.0	0.791	Strong validation candidate	Cell-wall remodeling module	rhizome elongation or tuber/storage-organ expansion system	expression profiling across initiation/elongation stages; RNAi/CRISPR or overexpression in a tractable system
LOC109135448	Beta_vulgaris|gene=LOC109135448|len=547|source=XP_019106100.1	UGOseq_000023841	Beta_vulgaris	OG0000139	1	MYB-like transcriptional regulator	Developmental_TF	Tier_A_core_supported_but_OG_split	1.0	0.173	Review before validation		developmental transition system with clear underground-organ initiation stage	stage-specific expression analysis and targeted perturbation of transcription factor homologs
LOC109135466	Beta_vulgaris|gene=LOC109135466|len=208|source=XP_019106124.1	UGOseq_000023858	Beta_vulgaris	OG0000154	4	XTH / xyloglucan cell-wall remodeling	Cell_wall_remodeling	Tier_A_plus_core_stable_with_lotus_or_ginger	1.0	0.791	Strong validation candidate	Cell-wall remodeling module	rhizome elongation or tuber/storage-organ expansion system	expression profiling across initiation/elongation stages; RNAi/CRISPR or overexpression in a tractable system
LOC109135486	Beta_vulgaris|gene=LOC109135486|len=318|source=XP_019106145.1	UGOseq_000023874	Beta_vulgaris	OG0000154	4	XTH / xyloglucan cell-wall remodeling	Cell_wall_remodeling	Tier_A_plus_core_stable_with_lotus_or_ginger	1.0	0.791	Strong validation candidate	Cell-wall remodeling module	rhizome elongation or tuber/storage-organ expansion system	expression profiling across initiation/elongation stages; RNAi/CRISPR or overexpression in a tractable system
LOC109135491	Beta_vulgaris|gene=LOC109135491|len=503|source=XP_019106150.1	UGOseq_000023878	Beta_vulgaris	OG0000154	4	XTH / xyloglucan cell-wall remodeling	Cell_wall_remodeling	Tier_A_plus_core_stable_with_lotus_or_ginger	1.0	0.791	Strong validation candidate	Cell-wall remodeling module	rhizome elongation or tuber/storage-organ expansion system	expression profiling across initiation/elongation stages; RNAi/CRISPR or overexpression in a tractable system
LOC109136340	Beta_vulgaris|gene=LOC109136340|len=323|source=XP_019107887.1	UGOseq_000024224	Beta_vulgaris	OG0000139	1	MYB-like transcriptional regulator	Developmental_TF	Tier_A_core_supported_but_OG_split	1.0	0.173	Review before validation		developmental transition system with clear underground-organ initiation stage	stage-specific expression analysis and targeted perturbation of transcription factor homologs
LOC109136424	Beta_vulgaris|gene=LOC109136424|len=239|source=XP_019108065.1	UGOseq_000024267	Beta_vulgaris	OG0000139	1	MYB-like transcriptional regulator	Developmental_TF	Tier_A_core_supported_but_OG_split	1.0	0.173	Review before validation		developmental transition system with clear underground-organ initiation stage	stage-specific expression analysis and targeted perturbation of transcription factor homologs
LOC109136571	Beta_vulgaris|gene=LOC109136571|len=167|source=XP_019108348.1	UGOseq_000024346	Beta_vulgaris	OG0000139	1	MYB-like transcriptional regulator	Developmental_TF	Tier_A_core_supported_but_OG_split	1.0	0.173	Review before validation		developmental transition system with clear underground-organ initiation stage	stage-specific expression analysis and targeted perturbation of transcription factor homologs
LOC103827703	Brassica_rapa|gene=LOC103827703|len=399|source=XP_033128287.1	UGOseq_000024801	Brassica_rapa	OG0000767	11	bHLH-like transcriptional regulator	Developmental_TF	Tier_A_supported_main_text_candidate	0.678	0.821	Strong validation candidate		developmental transition system with clear underground-organ initiation stage	stage-specific expression analysis and targeted perturbation of transcription factor homologs
LOC103827709	Brassica_rapa|gene=LOC103827709|len=580|source=XP_009101493.1	UGOseq_000024805	Brassica_rapa	OG0000767	11	bHLH-like transcriptional regulator	Developmental_TF	Tier_A_supported_main_text_candidate	0.678	0.821	Strong validation candidate		developmental transition system with clear underground-organ initiation stage	stage-specific expression analysis and targeted perturbation of transcription factor homologs
LOC103827867	Brassica_rapa|gene=LOC103827867|len=271|source=XP_009101672.1	UGOseq_000024939	Brassica_rapa	OG0000767	11	bHLH-like transcriptional regulator	Developmental_TF	Tier_A_supported_main_text_candidate	0.678	0.821	Strong validation candidate		developmental transition system with clear underground-organ initiation stage	stage-specific expression analysis and targeted perturbation of transcription factor homologs
LOC103831344	Brassica_rapa|gene=LOC103831344|len=270|source=XP_009105493.1	UGOseq_000027674	Brassica_rapa	OG0000273	11	bHLH-like transcriptional regulator	Developmental_TF	Tier_A_plus_core_stable_with_lotus_or_ginger	0.678	0.821	Strong validation candidate	Developmental transcription-factor module	developmental transition system with clear underground-organ initiation stage	stage-specific expression analysis and targeted perturbation of transcription factor homologs
LOC103836317	Brassica_rapa|gene=LOC103836317|len=278|source=XP_009110809.1	UGOseq_000031547	Brassica_rapa	OG0003725	10	NAC-like transcriptional regulator	Developmental_TF	Tier_B_no_new_lotus_ginger_support	1.0	0.867	Top validation-ready candidate		developmental transition system with clear underground-organ initiation stage	stage-specific expression analysis and targeted perturbation of transcription factor homologs
LOC103836713	Brassica_rapa|gene=LOC103836713|len=807|source=XP_009111255.1	UGOseq_000031895	Brassica_rapa	OG0004958	11	Non-symbiotic hemoglobin / stress-resilience candidate	Stress_resilience	Tier_A_supported_main_text_candidate	1.0	0.95	Top validation-ready candidate	Stress-resilience module	regrowth or stress-resilience underground-organ system	stress/regrowth expression profiling and survival/regrowth phenotyping
LOC103839572	Brassica_rapa|gene=LOC103839572|len=509|source=XP_009114323.2	UGOseq_000034137	Brassica_rapa	OG0000767	11	bHLH-like transcriptional regulator	Developmental_TF	Tier_A_supported_main_text_candidate	0.678	0.821	Strong validation candidate		developmental transition system with clear underground-organ initiation stage	stage-specific expression analysis and targeted perturbation of transcription factor homologs
LOC103839575	Brassica_rapa|gene=LOC103839575|len=507|source=XP_033136834.1	UGOseq_000034138	Brassica_rapa	OG0000767	11	bHLH-like transcriptional regulator	Developmental_TF	Tier_A_supported_main_text_candidate	0.678	0.821	Strong validation candidate		developmental transition system with clear underground-organ initiation stage	stage-specific expression analysis and targeted perturbation of transcription factor homologs
LOC103839580	Brassica_rapa|gene=LOC103839580|len=563|source=XP_009114329.1	UGOseq_000034142	Brassica_rapa	OG0000767	11	bHLH-like transcriptional regulator	Developmental_TF	Tier_A_supported_main_text_candidate	0.678	0.821	Strong validation candidate		developmental transition system with clear underground-organ initiation stage	stage-specific expression analysis and targeted perturbation of transcription factor homologs
LOC103842932	Brassica_rapa|gene=LOC103842932|len=357|source=XP_009117866.1	UGOseq_000036726	Brassica_rapa	OG0000863	11	Early nodulin-like meristem/regrowth candidate	Meristem_bud_regrowth	Tier_A_supported_main_text_candidate	1.0	0.95	Top validation-ready candidate	Meristem and regrowth module	rhizome bud, root crown, or regrowth system	bud activation/regrowth-stage expression analysis followed by perturbation
LOC103846395	Brassica_rapa|gene=LOC103846395|len=357|source=XP_009121556.2	UGOseq_000039460	Brassica_rapa	OG0000863	11	Early nodulin-like meristem/regrowth candidate	Meristem_bud_regrowth	Tier_A_supported_main_text_candidate	1.0	0.95	Top validation-ready candidate	Meristem and regrowth module	rhizome bud, root crown, or regrowth system	bud activation/regrowth-stage expression analysis followed by perturbation
LOC103850060	Brassica_rapa|gene=LOC103850060|len=357|source=XP_009125011.1	UGOseq_000041876	Brassica_rapa	OG0000273	11	bHLH-like transcriptional regulator	Developmental_TF	Tier_A_plus_core_stable_with_lotus_or_ginger	0.678	0.821	Strong validation candidate	Developmental transcription-factor module	developmental transition system with clear underground-organ initiation stage	stage-specific expression analysis and targeted perturbation of transcription factor homologs
LOC103850998	Brassica_rapa|gene=LOC103850998|len=363|source=XP_018512493.2	UGOseq_000042690	Brassica_rapa	OG0000863	11	Early nodulin-like meristem/regrowth candidate	Meristem_bud_regrowth	Tier_A_supported_main_text_candidate	1.0	0.95	Top validation-ready candidate	Meristem and regrowth module	rhizome bud, root crown, or regrowth system	bud activation/regrowth-stage expression analysis followed by perturbation
LOC103855213	Brassica_rapa|gene=LOC103855213|len=325|source=XP_009130419.2	UGOseq_000045916	Brassica_rapa	OG0000273	11	bHLH-like transcriptional regulator	Developmental_TF	Tier_A_plus_core_stable_with_lotus_or_ginger	0.678	0.821	Strong validation candidate	Developmental transcription-factor module	developmental transition system with clear underground-organ initiation stage	stage-specific expression analysis and targeted perturbation of transcription factor homologs
LOC103855832	Brassica_rapa|gene=LOC103855832|len=590|source=XP_009131125.3	UGOseq_000046438	Brassica_rapa	OG0000767	11	bHLH-like transcriptional regulator	Developmental_TF	Tier_A_supported_main_text_candidate	0.678	0.821	Strong validation candidate		developmental transition system with clear underground-organ initiation stage	stage-specific expression analysis and targeted perturbation of transcription factor homologs
LOC103856155	Brassica_rapa|gene=LOC103856155|len=363|source=XP_009131489.2	UGOseq_000046725	Brassica_rapa	OG0000863	11	Early nodulin-like meristem/regrowth candidate	Meristem_bud_regrowth	Tier_A_supported_main_text_candidate	1.0	0.95	Top validation-ready candidate	Meristem and regrowth module	rhizome bud, root crown, or regrowth system	bud activation/regrowth-stage expression analysis followed by perturbation
LOC103858948	Brassica_rapa|gene=LOC103858948|len=357|source=XP_009134656.1	UGOseq_000049102	Brassica_rapa	OG0000863	11	Early nodulin-like meristem/regrowth candidate	Meristem_bud_regrowth	Tier_A_supported_main_text_candidate	1.0	0.95	Top validation-ready candidate	Meristem and regrowth module	rhizome bud, root crown, or regrowth system	bud activation/regrowth-stage expression analysis followed by perturbation
LOC103859324	Brassica_rapa|gene=LOC103859324|len=363|source=XP_009135081.1	UGOseq_000049429	Brassica_rapa	OG0000863	11	Early nodulin-like meristem/regrowth candidate	Meristem_bud_regrowth	Tier_A_supported_main_text_candidate	1.0	0.95	Top validation-ready candidate	Meristem and regrowth module	rhizome bud, root crown, or regrowth system	bud activation/regrowth-stage expression analysis followed by perturbation
LOC103860100	Brassica_rapa|gene=LOC103860100|len=796|source=XP_033142129.1	UGOseq_000050076	Brassica_rapa	OG0004958	11	Non-symbiotic hemoglobin / stress-resilience candidate	Stress_resilience	Tier_A_supported_main_text_candidate	1.0	0.95	Top validation-ready candidate	Stress-resilience module	regrowth or stress-resilience underground-organ system	stress/regrowth expression profiling and survival/regrowth phenotyping
LOC103863970	Brassica_rapa|gene=LOC103863970|len=445|source=XP_009139986.1	UGOseq_000053003	Brassica_rapa	OG0006937	11	Carotenoid cleavage dioxygenase / hormone-related regulation	Hormone_regulation	Tier_B_no_new_lotus_ginger_support	1.0	0.89	Top validation-ready candidate	Hormone-related regulation module	storage-root/tuber or hormone-responsive underground-organ system	hormone-response expression analysis and candidate perturbation
LOC103864229	Brassica_rapa|gene=LOC103864229|len=459|source=XP_033145950.1	UGOseq_000053187	Brassica_rapa	OG0006937	11	Carotenoid cleavage dioxygenase / hormone-related regulation	Hormone_regulation	Tier_B_no_new_lotus_ginger_support	1.0	0.89	Top validation-ready candidate	Hormone-related regulation module	storage-root/tuber or hormone-responsive underground-organ system	hormone-response expression analysis and candidate perturbation
LOC103870583	Brassica_rapa|gene=LOC103870583|len=367|source=XP_009146975.2	UGOseq_000058132	Brassica_rapa	OG0000863	11	Early nodulin-like meristem/regrowth candidate	Meristem_bud_regrowth	Tier_A_supported_main_text_candidate	1.0	0.95	Top validation-ready candidate	Meristem and regrowth module	rhizome bud, root crown, or regrowth system	bud activation/regrowth-stage expression analysis followed by perturbation
LOC103870925	Brassica_rapa|gene=LOC103870925|len=357|source=XP_009147367.1	UGOseq_000058430	Brassica_rapa	OG0000863	11	Early nodulin-like meristem/regrowth candidate	Meristem_bud_regrowth	Tier_A_supported_main_text_candidate	1.0	0.95	Top validation-ready candidate	Meristem and regrowth module	rhizome bud, root crown, or regrowth system	bud activation/regrowth-stage expression analysis followed by perturbation
LOC103871744	Brassica_rapa|gene=LOC103871744|len=274|source=XP_009148271.1	UGOseq_000059136	Brassica_rapa	OG0003725	10	NAC-like transcriptional regulator	Developmental_TF	Tier_B_no_new_lotus_ginger_support	1.0	0.867	Top validation-ready candidate		developmental transition system with clear underground-organ initiation stage	stage-specific expression analysis and targeted perturbation of transcription factor homologs
LOC103874758	Brassica_rapa|gene=LOC103874758|len=605|source=XP_009151447.1	UGOseq_000061428	Brassica_rapa	OG0000767	11	bHLH-like transcriptional regulator	Developmental_TF	Tier_A_supported_main_text_candidate	0.678	0.821	Strong validation candidate		developmental transition system with clear underground-organ initiation stage	stage-specific expression analysis and targeted perturbation of transcription factor homologs
NAP	Brassica_rapa|gene=NAP|len=271|source=XP_009105596.3	UGOseq_000065804	Brassica_rapa	OG0000273	11	bHLH-like transcriptional regulator	Developmental_TF	Tier_A_plus_core_stable_with_lotus_or_ginger	0.678	0.821	Strong validation candidate	Developmental transcription-factor module	developmental transition system with clear underground-organ initiation stage	stage-specific expression analysis and targeted perturbation of transcription factor homologs
DCAR_002079	DCAR_002079	UGOseq_000067627	Daucus_carota	OG0000273	11	bHLH-like transcriptional regulator	Developmental_TF	Tier_A_plus_core_stable_with_lotus_or_ginger	0.678	0.821	Strong validation candidate	Developmental transcription-factor module	developmental transition system with clear underground-organ initiation stage	stage-specific expression analysis and targeted perturbation of transcription factor homologs
DCAR_005363	DCAR_005363	UGOseq_000070911	Daucus_carota	OG0000273	11	bHLH-like transcriptional regulator	Developmental_TF	Tier_A_plus_core_stable_with_lotus_or_ginger	0.678	0.821	Strong validation candidate	Developmental transcription-factor module	developmental transition system with clear underground-organ initiation stage	stage-specific expression analysis and targeted perturbation of transcription factor homologs
DCAR_005631	DCAR_005631	UGOseq_000071179	Daucus_carota	OG0000767	11	bHLH-like transcriptional regulator	Developmental_TF	Tier_A_supported_main_text_candidate	0.678	0.821	Strong validation candidate		developmental transition system with clear underground-organ initiation stage	stage-specific expression analysis and targeted perturbation of transcription factor homologs
DCAR_006054	DCAR_006054	UGOseq_000071602	Daucus_carota	OG0000273	11	bHLH-like transcriptional regulator	Developmental_TF	Tier_A_plus_core_stable_with_lotus_or_ginger	0.678	0.821	Strong validation candidate	Developmental transcription-factor module	developmental transition system with clear underground-organ initiation stage	stage-specific expression analysis and targeted perturbation of transcription factor homologs
DCAR_008270	DCAR_008270	UGOseq_000073818	Daucus_carota	OG0000767	11	bHLH-like transcriptional regulator	Developmental_TF	Tier_A_supported_main_text_candidate	0.678	0.821	Strong validation candidate		developmental transition system with clear underground-organ initiation stage	stage-specific expression analysis and targeted perturbation of transcription factor homologs
DCAR_010170	DCAR_010170	UGOseq_000075718	Daucus_carota	OG0000863	11	Early nodulin-like meristem/regrowth candidate	Meristem_bud_regrowth	Tier_A_supported_main_text_candidate	1.0	0.95	Top validation-ready candidate	Meristem and regrowth module	rhizome bud, root crown, or regrowth system	bud activation/regrowth-stage expression analysis followed by perturbation
DCAR_011025	DCAR_011025	UGOseq_000076573	Daucus_carota	OG0000863	11	Early nodulin-like meristem/regrowth candidate	Meristem_bud_regrowth	Tier_A_supported_main_text_candidate	1.0	0.95	Top validation-ready candidate	Meristem and regrowth module	rhizome bud, root crown, or regrowth system	bud activation/regrowth-stage expression analysis followed by perturbation
DCAR_012483	DCAR_012483	UGOseq_000078029	Daucus_carota	OG0004958	11	Non-symbiotic hemoglobin / stress-resilience candidate	Stress_resilience	Tier_A_supported_main_text_candidate	1.0	0.95	Top validation-ready candidate	Stress-resilience module	regrowth or stress-resilience underground-organ system	stress/regrowth expression profiling and survival/regrowth phenotyping
DCAR_015040	DCAR_015040	UGOseq_000080586	Daucus_carota	OG0006937	11	Carotenoid cleavage dioxygenase / hormone-related regulation	Hormone_regulation	Tier_B_no_new_lotus_ginger_support	1.0	0.89	Top validation-ready candidate	Hormone-related regulation module	storage-root/tuber or hormone-responsive underground-organ system	hormone-response expression analysis and candidate perturbation
DCAR_018422	DCAR_018422	UGOseq_000083968	Daucus_carota	OG0004958	11	Non-symbiotic hemoglobin / stress-resilience candidate	Stress_resilience	Tier_A_supported_main_text_candidate	1.0	0.95	Top validation-ready candidate	Stress-resilience module	regrowth or stress-resilience underground-organ system	stress/regrowth expression profiling and survival/regrowth phenotyping
DCAR_019319	DCAR_019319	UGOseq_000084865	Daucus_carota	OG0003725	10	NAC-like transcriptional regulator	Developmental_TF	Tier_B_no_new_lotus_ginger_support	1.0	0.867	Top validation-ready candidate		developmental transition system with clear underground-organ initiation stage	stage-specific expression analysis and targeted perturbation of transcription factor homologs
DCAR_019490	DCAR_019490	UGOseq_000085036	Daucus_carota	OG0004958	11	Non-symbiotic hemoglobin / stress-resilience candidate	Stress_resilience	Tier_A_supported_main_text_candidate	1.0	0.95	Top validation-ready candidate	Stress-resilience module	regrowth or stress-resilience underground-organ system	stress/regrowth expression profiling and survival/regrowth phenotyping
DCAR_021424	DCAR_021424	UGOseq_000086970	Daucus_carota	OG0000863	11	Early nodulin-like meristem/regrowth candidate	Meristem_bud_regrowth	Tier_A_supported_main_text_candidate	1.0	0.95	Top validation-ready candidate	Meristem and regrowth module	rhizome bud, root crown, or regrowth system	bud activation/regrowth-stage expression analysis followed by perturbation
DCAR_024963	DCAR_024963	UGOseq_000090509	Daucus_carota	OG0000767	11	bHLH-like transcriptional regulator	Developmental_TF	Tier_A_supported_main_text_candidate	0.678	0.821	Strong validation candidate		developmental transition system with clear underground-organ initiation stage	stage-specific expression analysis and targeted perturbation of transcription factor homologs
DCAR_031001	DCAR_031001	UGOseq_000096547	Daucus_carota	OG0000273	11	bHLH-like transcriptional regulator	Developmental_TF	Tier_A_plus_core_stable_with_lotus_or_ginger	0.678	0.821	Strong validation candidate	Developmental transcription-factor module	developmental transition system with clear underground-organ initiation stage	stage-specific expression analysis and targeted perturbation of transcription factor homologs
LOC120249930	XP_039114574.1	UGOseq_000098684	Dioscorea_rotundata	OG0000154	4	XTH / xyloglucan cell-wall remodeling	Cell_wall_remodeling	Tier_A_plus_core_stable_with_lotus_or_ginger	1.0	0.791	Strong validation candidate	Cell-wall remodeling module	rhizome elongation or tuber/storage-organ expansion system	expression profiling across initiation/elongation stages; RNAi/CRISPR or overexpression in a tractable system
LOC120250226	XP_039114955.1	UGOseq_000098950	Dioscorea_rotundata	OG0000273	11	bHLH-like transcriptional regulator	Developmental_TF	Tier_A_plus_core_stable_with_lotus_or_ginger	0.678	0.821	Strong validation candidate	Developmental transcription-factor module	developmental transition system with clear underground-organ initiation stage	stage-specific expression analysis and targeted perturbation of transcription factor homologs
LOC120251177	XP_039115649.1	UGOseq_000099498	Dioscorea_rotundata	OG0006937	11	Carotenoid cleavage dioxygenase / hormone-related regulation	Hormone_regulation	Tier_B_no_new_lotus_ginger_support	1.0	0.89	Top validation-ready candidate	Hormone-related regulation module	storage-root/tuber or hormone-responsive underground-organ system	hormone-response expression analysis and candidate perturbation
LOC120251417	XP_039115873.1	UGOseq_000099687	Dioscorea_rotundata	OG0000154	4	XTH / xyloglucan cell-wall remodeling	Cell_wall_remodeling	Tier_A_plus_core_stable_with_lotus_or_ginger	1.0	0.791	Strong validation candidate	Cell-wall remodeling module	rhizome elongation or tuber/storage-organ expansion system	expression profiling across initiation/elongation stages; RNAi/CRISPR or overexpression in a tractable system
LOC120251545	XP_039116034.1	UGOseq_000099797	Dioscorea_rotundata	OG0006937	11	Carotenoid cleavage dioxygenase / hormone-related regulation	Hormone_regulation	Tier_B_no_new_lotus_ginger_support	1.0	0.89	Top validation-ready candidate	Hormone-related regulation module	storage-root/tuber or hormone-responsive underground-organ system	hormone-response expression analysis and candidate perturbation
LOC120253765	XP_039117946.1	UGOseq_000101113	Dioscorea_rotundata	OG0000154	4	XTH / xyloglucan cell-wall remodeling	Cell_wall_remodeling	Tier_A_plus_core_stable_with_lotus_or_ginger	1.0	0.791	Strong validation candidate	Cell-wall remodeling module	rhizome elongation or tuber/storage-organ expansion system	expression profiling across initiation/elongation stages; RNAi/CRISPR or overexpression in a tractable system
LOC120254039	XP_039118126.1	UGOseq_000101251	Dioscorea_rotundata	OG0000154	4	XTH / xyloglucan cell-wall remodeling	Cell_wall_remodeling	Tier_A_plus_core_stable_with_lotus_or_ginger	1.0	0.791	Strong validation candidate	Cell-wall remodeling module	rhizome elongation or tuber/storage-organ expansion system	expression profiling across initiation/elongation stages; RNAi/CRISPR or overexpression in a tractable system
LOC120255553	XP_039119299.1	UGOseq_000102168	Dioscorea_rotundata	OG0003725	10	NAC-like transcriptional regulator	Developmental_TF	Tier_B_no_new_lotus_ginger_support	1.0	0.867	Top validation-ready candidate		developmental transition system with clear underground-organ initiation stage	stage-specific expression analysis and targeted perturbation of transcription factor homologs
LOC120255675	XP_039119380.1	UGOseq_000102236	Dioscorea_rotundata	OG0000154	4	XTH / xyloglucan cell-wall remodeling	Cell_wall_remodeling	Tier_A_plus_core_stable_with_lotus_or_ginger	1.0	0.791	Strong validation candidate	Cell-wall remodeling module	rhizome elongation or tuber/storage-organ expansion system	expression profiling across initiation/elongation stages; RNAi/CRISPR or overexpression in a tractable system
LOC120255830	XP_039119537.1	UGOseq_000102344	Dioscorea_rotundata	OG0000154	4	XTH / xyloglucan cell-wall remodeling	Cell_wall_remodeling	Tier_A_plus_core_stable_with_lotus_or_ginger	1.0	0.791	Strong validation candidate	Cell-wall remodeling module	rhizome elongation or tuber/storage-organ expansion system	expression profiling across initiation/elongation stages; RNAi/CRISPR or overexpression in a tractable system
LOC120257444	XP_039120846.1	UGOseq_000103324	Dioscorea_rotundata	OG0000767	11	bHLH-like transcriptional regulator	Developmental_TF	Tier_A_supported_main_text_candidate	0.678	0.821	Strong validation candidate		developmental transition system with clear underground-organ initiation stage	stage-specific expression analysis and targeted perturbation of transcription factor homologs
LOC120257830	XP_039121048.1	UGOseq_000103477	Dioscorea_rotundata	OG0000154	4	XTH / xyloglucan cell-wall remodeling	Cell_wall_remodeling	Tier_A_plus_core_stable_with_lotus_or_ginger	1.0	0.791	Strong validation candidate	Cell-wall remodeling module	rhizome elongation or tuber/storage-organ expansion system	expression profiling across initiation/elongation stages; RNAi/CRISPR or overexpression in a tractable system
LOC120259159	XP_039122639.1	UGOseq_000104659	Dioscorea_rotundata	OG0000767	11	bHLH-like transcriptional regulator	Developmental_TF	Tier_A_supported_main_text_candidate	0.678	0.821	Strong validation candidate		developmental transition system with clear underground-organ initiation stage	stage-specific expression analysis and targeted perturbation of transcription factor homologs
LOC120261847	XP_039125785.1	UGOseq_000106890	Dioscorea_rotundata	OG0000273	11	bHLH-like transcriptional regulator	Developmental_TF	Tier_A_plus_core_stable_with_lotus_or_ginger	0.678	0.821	Strong validation candidate	Developmental transcription-factor module	developmental transition system with clear underground-organ initiation stage	stage-specific expression analysis and targeted perturbation of transcription factor homologs
LOC120262030	XP_039126001.1	UGOseq_000107051	Dioscorea_rotundata	OG0000273	11	bHLH-like transcriptional regulator	Developmental_TF	Tier_A_plus_core_stable_with_lotus_or_ginger	0.678	0.821	Strong validation candidate	Developmental transcription-factor module	developmental transition system with clear underground-organ initiation stage	stage-specific expression analysis and targeted perturbation of transcription factor homologs
LOC120262160	XP_039126166.1	UGOseq_000107169	Dioscorea_rotundata	OG0000154	4	XTH / xyloglucan cell-wall remodeling	Cell_wall_remodeling	Tier_A_plus_core_stable_with_lotus_or_ginger	1.0	0.791	Strong validation candidate	Cell-wall remodeling module	rhizome elongation or tuber/storage-organ expansion system	expression profiling across initiation/elongation stages; RNAi/CRISPR or overexpression in a tractable system
LOC120263643	XP_039127543.1	UGOseq_000108200	Dioscorea_rotundata	OG0000767	11	bHLH-like transcriptional regulator	Developmental_TF	Tier_A_supported_main_text_candidate	0.678	0.821	Strong validation candidate		developmental transition system with clear underground-organ initiation stage	stage-specific expression analysis and targeted perturbation of transcription factor homologs
LOC120264812	XP_039128595.1	UGOseq_000109014	Dioscorea_rotundata	OG0000273	11	bHLH-like transcriptional regulator	Developmental_TF	Tier_A_plus_core_stable_with_lotus_or_ginger	0.678	0.821	Strong validation candidate	Developmental transcription-factor module	developmental transition system with clear underground-organ initiation stage	stage-specific expression analysis and targeted perturbation of transcription factor homologs
LOC120265175	XP_039128997.1	UGOseq_000109307	Dioscorea_rotundata	OG0000154	4	XTH / xyloglucan cell-wall remodeling	Cell_wall_remodeling	Tier_A_plus_core_stable_with_lotus_or_ginger	1.0	0.791	Strong validation candidate	Cell-wall remodeling module	rhizome elongation or tuber/storage-organ expansion system	expression profiling across initiation/elongation stages; RNAi/CRISPR or overexpression in a tractable system
LOC120265655	XP_039129541.1	UGOseq_000109717	Dioscorea_rotundata	OG0000273	11	bHLH-like transcriptional regulator	Developmental_TF	Tier_A_plus_core_stable_with_lotus_or_ginger	0.678	0.821	Strong validation candidate	Developmental transcription-factor module	developmental transition system with clear underground-organ initiation stage	stage-specific expression analysis and targeted perturbation of transcription factor homologs
LOC120267893	XP_039131504.1	UGOseq_000111136	Dioscorea_rotundata	OG0000863	11	Early nodulin-like meristem/regrowth candidate	Meristem_bud_regrowth	Tier_A_supported_main_text_candidate	1.0	0.95	Top validation-ready candidate	Meristem and regrowth module	rhizome bud, root crown, or regrowth system	bud activation/regrowth-stage expression analysis followed by perturbation
LOC120269508	XP_039132778.1	UGOseq_000112100	Dioscorea_rotundata	OG0000154	4	XTH / xyloglucan cell-wall remodeling	Cell_wall_remodeling	Tier_A_plus_core_stable_with_lotus_or_ginger	1.0	0.791	Strong validation candidate	Cell-wall remodeling module	rhizome elongation or tuber/storage-organ expansion system	expression profiling across initiation/elongation stages; RNAi/CRISPR or overexpression in a tractable system
LOC120271646	XP_039134254.1	UGOseq_000113215	Dioscorea_rotundata	OG0000154	4	XTH / xyloglucan cell-wall remodeling	Cell_wall_remodeling	Tier_A_plus_core_stable_with_lotus_or_ginger	1.0	0.791	Strong validation candidate	Cell-wall remodeling module	rhizome elongation or tuber/storage-organ expansion system	expression profiling across initiation/elongation stages; RNAi/CRISPR or overexpression in a tractable system
LOC120271656	XP_039134264.1	UGOseq_000113223	Dioscorea_rotundata	OG0000154	4	XTH / xyloglucan cell-wall remodeling	Cell_wall_remodeling	Tier_A_plus_core_stable_with_lotus_or_ginger	1.0	0.791	Strong validation candidate	Cell-wall remodeling module	rhizome elongation or tuber/storage-organ expansion system	expression profiling across initiation/elongation stages; RNAi/CRISPR or overexpression in a tractable system
LOC120271845	XP_039134461.1	UGOseq_000113390	Dioscorea_rotundata	OG0000154	4	XTH / xyloglucan cell-wall remodeling	Cell_wall_remodeling	Tier_A_plus_core_stable_with_lotus_or_ginger	1.0	0.791	Strong validation candidate	Cell-wall remodeling module	rhizome elongation or tuber/storage-organ expansion system	expression profiling across initiation/elongation stages; RNAi/CRISPR or overexpression in a tractable system
LOC120272471	XP_039135240.1	UGOseq_000113929	Dioscorea_rotundata	OG0000154	4	XTH / xyloglucan cell-wall remodeling	Cell_wall_remodeling	Tier_A_plus_core_stable_with_lotus_or_ginger	1.0	0.791	Strong validation candidate	Cell-wall remodeling module	rhizome elongation or tuber/storage-organ expansion system	expression profiling across initiation/elongation stages; RNAi/CRISPR or overexpression in a tractable system
LOC120273114	XP_039135698.1	UGOseq_000114260	Dioscorea_rotundata	OG0000154	4	XTH / xyloglucan cell-wall remodeling	Cell_wall_remodeling	Tier_A_plus_core_stable_with_lotus_or_ginger	1.0	0.791	Strong validation candidate	Cell-wall remodeling module	rhizome elongation or tuber/storage-organ expansion system	expression profiling across initiation/elongation stages; RNAi/CRISPR or overexpression in a tractable system
LOC120273873	XP_039136545.1	UGOseq_000114909	Dioscorea_rotundata	OG0000273	11	bHLH-like transcriptional regulator	Developmental_TF	Tier_A_plus_core_stable_with_lotus_or_ginger	0.678	0.821	Strong validation candidate	Developmental transcription-factor module	developmental transition system with clear underground-organ initiation stage	stage-specific expression analysis and targeted perturbation of transcription factor homologs
LOC120274778	XP_039137248.1	UGOseq_000115455	Dioscorea_rotundata	OG0004958	11	Non-symbiotic hemoglobin / stress-resilience candidate	Stress_resilience	Tier_A_supported_main_text_candidate	1.0	0.95	Top validation-ready candidate	Stress-resilience module	regrowth or stress-resilience underground-organ system	stress/regrowth expression profiling and survival/regrowth phenotyping
LOC120274822	XP_039137290.1	UGOseq_000115492	Dioscorea_rotundata	OG0000863	11	Early nodulin-like meristem/regrowth candidate	Meristem_bud_regrowth	Tier_A_supported_main_text_candidate	1.0	0.95	Top validation-ready candidate	Meristem and regrowth module	rhizome bud, root crown, or regrowth system	bud activation/regrowth-stage expression analysis followed by perturbation
LOC120274924	XP_039137396.1	UGOseq_000115581	Dioscorea_rotundata	OG0000154	4	XTH / xyloglucan cell-wall remodeling	Cell_wall_remodeling	Tier_A_plus_core_stable_with_lotus_or_ginger	1.0	0.791	Strong validation candidate	Cell-wall remodeling module	rhizome elongation or tuber/storage-organ expansion system	expression profiling across initiation/elongation stages; RNAi/CRISPR or overexpression in a tractable system
LOC120276350	XP_039139008.1	UGOseq_000116795	Dioscorea_rotundata	OG0000154	4	XTH / xyloglucan cell-wall remodeling	Cell_wall_remodeling	Tier_A_plus_core_stable_with_lotus_or_ginger	1.0	0.791	Strong validation candidate	Cell-wall remodeling module	rhizome elongation or tuber/storage-organ expansion system	expression profiling across initiation/elongation stages; RNAi/CRISPR or overexpression in a tractable system
LOC120279061	XP_039141846.1	UGOseq_000118845	Dioscorea_rotundata	OG0000767	11	bHLH-like transcriptional regulator	Developmental_TF	Tier_A_supported_main_text_candidate	0.678	0.821	Strong validation candidate		developmental transition system with clear underground-organ initiation stage	stage-specific expression analysis and targeted perturbation of transcription factor homologs
LOC120283887	XP_039146613.1	UGOseq_000122311	Dioscorea_rotundata	OG0000273	11	bHLH-like transcriptional regulator	Developmental_TF	Tier_A_plus_core_stable_with_lotus_or_ginger	0.678	0.821	Strong validation candidate	Developmental transcription-factor module	developmental transition system with clear underground-organ initiation stage	stage-specific expression analysis and targeted perturbation of transcription factor homologs
LOC120284161	XP_039146889.1	UGOseq_000122536	Dioscorea_rotundata	OG0000154	4	XTH / xyloglucan cell-wall remodeling	Cell_wall_remodeling	Tier_A_plus_core_stable_with_lotus_or_ginger	1.0	0.791	Strong validation candidate	Cell-wall remodeling module	rhizome elongation or tuber/storage-organ expansion system	expression profiling across initiation/elongation stages; RNAi/CRISPR or overexpression in a tractable system
LOC120284172	XP_039146898.1	UGOseq_000122546	Dioscorea_rotundata	OG0000154	4	XTH / xyloglucan cell-wall remodeling	Cell_wall_remodeling	Tier_A_plus_core_stable_with_lotus_or_ginger	1.0	0.791	Strong validation candidate	Cell-wall remodeling module	rhizome elongation or tuber/storage-organ expansion system	expression profiling across initiation/elongation stages; RNAi/CRISPR or overexpression in a tractable system
Manes.01G026300.v8.1	Manes.01G026300.v8.1	UGOseq_000122841	Manihot_esculenta	OG0000863	11	Early nodulin-like meristem/regrowth candidate	Meristem_bud_regrowth	Tier_A_supported_main_text_candidate	1.0	0.95	Top validation-ready candidate	Meristem and regrowth module	rhizome bud, root crown, or regrowth system	bud activation/regrowth-stage expression analysis followed by perturbation
Manes.01G102900.v8.1	Manes.01G102900.v8.1	UGOseq_000123636	Manihot_esculenta	OG0000863	11	Early nodulin-like meristem/regrowth candidate	Meristem_bud_regrowth	Tier_A_supported_main_text_candidate	1.0	0.95	Top validation-ready candidate	Meristem and regrowth module	rhizome bud, root crown, or regrowth system	bud activation/regrowth-stage expression analysis followed by perturbation
Manes.01G207300.v8.1	Manes.01G207300.v8.1	UGOseq_000124618	Manihot_esculenta	OG0004958	11	Non-symbiotic hemoglobin / stress-resilience candidate	Stress_resilience	Tier_A_supported_main_text_candidate	1.0	0.95	Top validation-ready candidate	Stress-resilience module	regrowth or stress-resilience underground-organ system	stress/regrowth expression profiling and survival/regrowth phenotyping
Manes.02G058600.v8.1	Manes.02G058600.v8.1	UGOseq_000125832	Manihot_esculenta	OG0000863	11	Early nodulin-like meristem/regrowth candidate	Meristem_bud_regrowth	Tier_A_supported_main_text_candidate	1.0	0.95	Top validation-ready candidate	Meristem and regrowth module	rhizome bud, root crown, or regrowth system	bud activation/regrowth-stage expression analysis followed by perturbation
Manes.05G077200.v8.1	Manes.05G077200.v8.1	UGOseq_000132012	Manihot_esculenta	OG0004958	11	Non-symbiotic hemoglobin / stress-resilience candidate	Stress_resilience	Tier_A_supported_main_text_candidate	1.0	0.95	Top validation-ready candidate	Stress-resilience module	regrowth or stress-resilience underground-organ system	stress/regrowth expression profiling and survival/regrowth phenotyping
Manes.05G104750.v8.1	Manes.05G104750.v8.1	UGOseq_000132288	Manihot_esculenta	OG0000273	11	bHLH-like transcriptional regulator	Developmental_TF	Tier_A_plus_core_stable_with_lotus_or_ginger	0.678	0.821	Strong validation candidate	Developmental transcription-factor module	developmental transition system with clear underground-organ initiation stage	stage-specific expression analysis and targeted perturbation of transcription factor homologs
Manes.05G110800.v8.1	Manes.05G110800.v8.1	UGOseq_000132348	Manihot_esculenta	OG0000863	11	Early nodulin-like meristem/regrowth candidate	Meristem_bud_regrowth	Tier_A_supported_main_text_candidate	1.0	0.95	Top validation-ready candidate	Meristem and regrowth module	rhizome bud, root crown, or regrowth system	bud activation/regrowth-stage expression analysis followed by perturbation
Manes.05G190000.v8.1	Manes.05G190000.v8.1	UGOseq_000133138	Manihot_esculenta	OG0003725	10	NAC-like transcriptional regulator	Developmental_TF	Tier_B_no_new_lotus_ginger_support	1.0	0.867	Top validation-ready candidate		developmental transition system with clear underground-organ initiation stage	stage-specific expression analysis and targeted perturbation of transcription factor homologs
Manes.06G082100.v8.1	Manes.06G082100.v8.1	UGOseq_000134141	Manihot_esculenta	OG0000863	11	Early nodulin-like meristem/regrowth candidate	Meristem_bud_regrowth	Tier_A_supported_main_text_candidate	1.0	0.95	Top validation-ready candidate	Meristem and regrowth module	rhizome bud, root crown, or regrowth system	bud activation/regrowth-stage expression analysis followed by perturbation
Manes.08G147800.v8.1	Manes.08G147800.v8.1	UGOseq_000138113	Manihot_esculenta	OG0000273	11	bHLH-like transcriptional regulator	Developmental_TF	Tier_A_plus_core_stable_with_lotus_or_ginger	0.678	0.821	Strong validation candidate	Developmental transcription-factor module	developmental transition system with clear underground-organ initiation stage	stage-specific expression analysis and targeted perturbation of transcription factor homologs
Manes.09G144100.v8.1	Manes.09G144100.v8.1	UGOseq_000139916	Manihot_esculenta	OG0000273	11	bHLH-like transcriptional regulator	Developmental_TF	Tier_A_plus_core_stable_with_lotus_or_ginger	0.678	0.821	Strong validation candidate	Developmental transcription-factor module	developmental transition system with clear underground-organ initiation stage	stage-specific expression analysis and targeted perturbation of transcription factor homologs
Manes.11G142800.v8.1	Manes.11G142800.v8.1	UGOseq_000143417	Manihot_esculenta	OG0000273	11	bHLH-like transcriptional regulator	Developmental_TF	Tier_A_plus_core_stable_with_lotus_or_ginger	0.678	0.821	Strong validation candidate	Developmental transcription-factor module	developmental transition system with clear underground-organ initiation stage	stage-specific expression analysis and targeted perturbation of transcription factor homologs
Manes.14G049300.v8.1	Manes.14G049300.v8.1	UGOseq_000147422	Manihot_esculenta	OG0000863	11	Early nodulin-like meristem/regrowth candidate	Meristem_bud_regrowth	Tier_A_supported_main_text_candidate	1.0	0.95	Top validation-ready candidate	Meristem and regrowth module	rhizome bud, root crown, or regrowth system	bud activation/regrowth-stage expression analysis followed by perturbation
Manes.14G088100.v8.1	Manes.14G088100.v8.1	UGOseq_000147790	Manihot_esculenta	OG0000863	11	Early nodulin-like meristem/regrowth candidate	Meristem_bud_regrowth	Tier_A_supported_main_text_candidate	1.0	0.95	Top validation-ready candidate	Meristem and regrowth module	rhizome bud, root crown, or regrowth system	bud activation/regrowth-stage expression analysis followed by perturbation
Manes.14G152266.v8.1	Manes.14G152266.v8.1	UGOseq_000148433	Manihot_esculenta	OG0000273	11	bHLH-like transcriptional regulator	Developmental_TF	Tier_A_plus_core_stable_with_lotus_or_ginger	0.678	0.821	Strong validation candidate	Developmental transcription-factor module	developmental transition system with clear underground-organ initiation stage	stage-specific expression analysis and targeted perturbation of transcription factor homologs
Manes.15G182700.v8.1	Manes.15G182700.v8.1	UGOseq_000150499	Manihot_esculenta	OG0000767	11	bHLH-like transcriptional regulator	Developmental_TF	Tier_A_supported_main_text_candidate	0.678	0.821	Strong validation candidate		developmental transition system with clear underground-organ initiation stage	stage-specific expression analysis and targeted perturbation of transcription factor homologs
Manes.17G016000.v8.1	Manes.17G016000.v8.1	UGOseq_000152212	Manihot_esculenta	OG0000767	11	bHLH-like transcriptional regulator	Developmental_TF	Tier_A_supported_main_text_candidate	0.678	0.821	Strong validation candidate		developmental transition system with clear underground-organ initiation stage	stage-specific expression analysis and targeted perturbation of transcription factor homologs
Manes.17G050100.v8.1	Manes.17G050100.v8.1	UGOseq_000152603	Manihot_esculenta	OG0000273	11	bHLH-like transcriptional regulator	Developmental_TF	Tier_A_plus_core_stable_with_lotus_or_ginger	0.678	0.821	Strong validation candidate	Developmental transcription-factor module	developmental transition system with clear underground-organ initiation stage	stage-specific expression analysis and targeted perturbation of transcription factor homologs
Manes.17G121264.v8.1	Manes.17G121264.v8.1	UGOseq_000153324	Manihot_esculenta	OG0006937	11	Carotenoid cleavage dioxygenase / hormone-related regulation	Hormone_regulation	Tier_B_no_new_lotus_ginger_support	1.0	0.89	Top validation-ready candidate	Hormone-related regulation module	storage-root/tuber or hormone-responsive underground-organ system	hormone-response expression analysis and candidate perturbation
Manes.17G121440.v8.1	Manes.17G121440.v8.1	UGOseq_000153328	Manihot_esculenta	OG0006937	11	Carotenoid cleavage dioxygenase / hormone-related regulation	Hormone_regulation	Tier_B_no_new_lotus_ginger_support	1.0	0.89	Top validation-ready candidate	Hormone-related regulation module	storage-root/tuber or hormone-responsive underground-organ system	hormone-response expression analysis and candidate perturbation
Manes.17G121600.v8.1	Manes.17G121600.v8.1	UGOseq_000153330	Manihot_esculenta	OG0006937	11	Carotenoid cleavage dioxygenase / hormone-related regulation	Hormone_regulation	Tier_B_no_new_lotus_ginger_support	1.0	0.89	Top validation-ready candidate	Hormone-related regulation module	storage-root/tuber or hormone-responsive underground-organ system	hormone-response expression analysis and candidate perturbation
Ma00_g00300	Musa_acuminata|gene=Ma00_g00300|len=479|source=Ma00_p00300.1	UGOseq_000155392	Musa_acuminata	OG0006937	11	Carotenoid cleavage dioxygenase / hormone-related regulation	Hormone_regulation	Tier_B_no_new_lotus_ginger_support	1.0	0.89	Top validation-ready candidate	Hormone-related regulation module	storage-root/tuber or hormone-responsive underground-organ system	hormone-response expression analysis and candidate perturbation
Ma02_g01890	Musa_acuminata|gene=Ma02_g01890|len=327|source=Ma02_p01890.1	UGOseq_000158449	Musa_acuminata	OG0000273	11	bHLH-like transcriptional regulator	Developmental_TF	Tier_A_plus_core_stable_with_lotus_or_ginger	0.678	0.821	Strong validation candidate	Developmental transcription-factor module	developmental transition system with clear underground-organ initiation stage	stage-specific expression analysis and targeted perturbation of transcription factor homologs
Ma02_g19840	Musa_acuminata|gene=Ma02_g19840|len=705|source=Ma02_p19840.1	UGOseq_000160231	Musa_acuminata	OG0000767	11	bHLH-like transcriptional regulator	Developmental_TF	Tier_A_supported_main_text_candidate	0.678	0.821	Strong validation candidate		developmental transition system with clear underground-organ initiation stage	stage-specific expression analysis and targeted perturbation of transcription factor homologs
Ma03_g00290	Musa_acuminata|gene=Ma03_g00290|len=551|source=Ma03_p00290.1	UGOseq_000160790	Musa_acuminata	OG0000767	11	bHLH-like transcriptional regulator	Developmental_TF	Tier_A_supported_main_text_candidate	0.678	0.821	Strong validation candidate		developmental transition system with clear underground-organ initiation stage	stage-specific expression analysis and targeted perturbation of transcription factor homologs
Ma03_g19100	Musa_acuminata|gene=Ma03_g19100|len=322|source=Ma03_p19100.1	UGOseq_000162650	Musa_acuminata	OG0000273	11	bHLH-like transcriptional regulator	Developmental_TF	Tier_A_plus_core_stable_with_lotus_or_ginger	0.678	0.821	Strong validation candidate	Developmental transcription-factor module	developmental transition system with clear underground-organ initiation stage	stage-specific expression analysis and targeted perturbation of transcription factor homologs
Ma03_g26500	Musa_acuminata|gene=Ma03_g26500|len=369|source=Ma03_p26500.1	UGOseq_000163389	Musa_acuminata	OG0000863	11	Early nodulin-like meristem/regrowth candidate	Meristem_bud_regrowth	Tier_A_supported_main_text_candidate	1.0	0.95	Top validation-ready candidate	Meristem and regrowth module	rhizome bud, root crown, or regrowth system	bud activation/regrowth-stage expression analysis followed by perturbation
Ma04_g02440	Musa_acuminata|gene=Ma04_g02440|len=334|source=Ma04_p02440.1	UGOseq_000164349	Musa_acuminata	OG0000273	11	bHLH-like transcriptional regulator	Developmental_TF	Tier_A_plus_core_stable_with_lotus_or_ginger	0.678	0.821	Strong validation candidate	Developmental transcription-factor module	developmental transition system with clear underground-organ initiation stage	stage-specific expression analysis and targeted perturbation of transcription factor homologs
Ma04_g02450	Musa_acuminata|gene=Ma04_g02450|len=299|source=Ma04_p02450.1	UGOseq_000164350	Musa_acuminata	OG0000273	11	bHLH-like transcriptional regulator	Developmental_TF	Tier_A_plus_core_stable_with_lotus_or_ginger	0.678	0.821	Strong validation candidate	Developmental transcription-factor module	developmental transition system with clear underground-organ initiation stage	stage-specific expression analysis and targeted perturbation of transcription factor homologs
Ma04_g10270	Musa_acuminata|gene=Ma04_g10270|len=293|source=Ma04_p10270.1	UGOseq_000165128	Musa_acuminata	OG0000273	11	bHLH-like transcriptional regulator	Developmental_TF	Tier_A_plus_core_stable_with_lotus_or_ginger	0.678	0.821	Strong validation candidate	Developmental transcription-factor module	developmental transition system with clear underground-organ initiation stage	stage-specific expression analysis and targeted perturbation of transcription factor homologs
Ma04_g17530	Musa_acuminata|gene=Ma04_g17530|len=712|source=Ma04_p17530.1	UGOseq_000165846	Musa_acuminata	OG0000767	11	bHLH-like transcriptional regulator	Developmental_TF	Tier_A_supported_main_text_candidate	0.678	0.821	Strong validation candidate		developmental transition system with clear underground-organ initiation stage	stage-specific expression analysis and targeted perturbation of transcription factor homologs
Ma04_g30000	Musa_acuminata|gene=Ma04_g30000|len=364|source=Ma04_p30000.1	UGOseq_000167085	Musa_acuminata	OG0000863	11	Early nodulin-like meristem/regrowth candidate	Meristem_bud_regrowth	Tier_A_supported_main_text_candidate	1.0	0.95	Top validation-ready candidate	Meristem and regrowth module	rhizome bud, root crown, or regrowth system	bud activation/regrowth-stage expression analysis followed by perturbation
Ma04_g39430	Musa_acuminata|gene=Ma04_g39430|len=366|source=Ma04_p39430.1	UGOseq_000168020	Musa_acuminata	OG0000863	11	Early nodulin-like meristem/regrowth candidate	Meristem_bud_regrowth	Tier_A_supported_main_text_candidate	1.0	0.95	Top validation-ready candidate	Meristem and regrowth module	rhizome bud, root crown, or regrowth system	bud activation/regrowth-stage expression analysis followed by perturbation
Ma05_g07350	Musa_acuminata|gene=Ma05_g07350|len=313|source=Ma05_p07350.1	UGOseq_000168823	Musa_acuminata	OG0000273	11	bHLH-like transcriptional regulator	Developmental_TF	Tier_A_plus_core_stable_with_lotus_or_ginger	0.678	0.821	Strong validation candidate	Developmental transcription-factor module	developmental transition system with clear underground-organ initiation stage	stage-specific expression analysis and targeted perturbation of transcription factor homologs
Ma05_g20340	Musa_acuminata|gene=Ma05_g20340|len=690|source=Ma05_p20340.1	UGOseq_000170114	Musa_acuminata	OG0000767	11	bHLH-like transcriptional regulator	Developmental_TF	Tier_A_supported_main_text_candidate	0.678	0.821	Strong validation candidate		developmental transition system with clear underground-organ initiation stage	stage-specific expression analysis and targeted perturbation of transcription factor homologs
Ma06_g33980	Musa_acuminata|gene=Ma06_g33980|len=345|source=Ma06_p33980.1	UGOseq_000174654	Musa_acuminata	OG0000273	11	bHLH-like transcriptional regulator	Developmental_TF	Tier_A_plus_core_stable_with_lotus_or_ginger	0.678	0.821	Strong validation candidate	Developmental transcription-factor module	developmental transition system with clear underground-organ initiation stage	stage-specific expression analysis and targeted perturbation of transcription factor homologs
Ma06_g33990	Musa_acuminata|gene=Ma06_g33990|len=270|source=Ma06_p33990.1	UGOseq_000174655	Musa_acuminata	OG0000273	11	bHLH-like transcriptional regulator	Developmental_TF	Tier_A_plus_core_stable_with_lotus_or_ginger	0.678	0.821	Strong validation candidate	Developmental transcription-factor module	developmental transition system with clear underground-organ initiation stage	stage-specific expression analysis and targeted perturbation of transcription factor homologs
Ma06_g36910	Musa_acuminata|gene=Ma06_g36910|len=363|source=Ma06_p36910.1	UGOseq_000174945	Musa_acuminata	OG0000863	11	Early nodulin-like meristem/regrowth candidate	Meristem_bud_regrowth	Tier_A_supported_main_text_candidate	1.0	0.95	Top validation-ready candidate	Meristem and regrowth module	rhizome bud, root crown, or regrowth system	bud activation/regrowth-stage expression analysis followed by perturbation
Ma07_g04810	Musa_acuminata|gene=Ma07_g04810|len=613|source=Ma07_p04810.1	UGOseq_000175624	Musa_acuminata	OG0000767	11	bHLH-like transcriptional regulator	Developmental_TF	Tier_A_supported_main_text_candidate	0.678	0.821	Strong validation candidate		developmental transition system with clear underground-organ initiation stage	stage-specific expression analysis and targeted perturbation of transcription factor homologs
Ma07_g19140	Musa_acuminata|gene=Ma07_g19140|len=328|source=Ma07_p19140.1	UGOseq_000177037	Musa_acuminata	OG0000154	4	XTH / xyloglucan cell-wall remodeling	Cell_wall_remodeling	Tier_A_plus_core_stable_with_lotus_or_ginger	1.0	0.791	Strong validation candidate	Cell-wall remodeling module	rhizome elongation or tuber/storage-organ expansion system	expression profiling across initiation/elongation stages; RNAi/CRISPR or overexpression in a tractable system
Ma07_g23270	Musa_acuminata|gene=Ma07_g23270|len=285|source=Ma07_p23270.1	UGOseq_000177448	Musa_acuminata	OG0000273	11	bHLH-like transcriptional regulator	Developmental_TF	Tier_A_plus_core_stable_with_lotus_or_ginger	0.678	0.821	Strong validation candidate	Developmental transcription-factor module	developmental transition system with clear underground-organ initiation stage	stage-specific expression analysis and targeted perturbation of transcription factor homologs
Ma07_g23280	Musa_acuminata|gene=Ma07_g23280|len=298|source=Ma07_p23280.1	UGOseq_000177449	Musa_acuminata	OG0000273	11	bHLH-like transcriptional regulator	Developmental_TF	Tier_A_plus_core_stable_with_lotus_or_ginger	0.678	0.821	Strong validation candidate	Developmental transcription-factor module	developmental transition system with clear underground-organ initiation stage	stage-specific expression analysis and targeted perturbation of transcription factor homologs
Ma08_g15640	Musa_acuminata|gene=Ma08_g15640|len=707|source=Ma08_p15640.1	UGOseq_000179596	Musa_acuminata	OG0000767	11	bHLH-like transcriptional regulator	Developmental_TF	Tier_A_supported_main_text_candidate	0.678	0.821	Strong validation candidate		developmental transition system with clear underground-organ initiation stage	stage-specific expression analysis and targeted perturbation of transcription factor homologs
Ma08_g27650	Musa_acuminata|gene=Ma08_g27650|len=523|source=Ma08_p27650.3	UGOseq_000180791	Musa_acuminata	OG0006937	11	Carotenoid cleavage dioxygenase / hormone-related regulation	Hormone_regulation	Tier_B_no_new_lotus_ginger_support	1.0	0.89	Top validation-ready candidate	Hormone-related regulation module	storage-root/tuber or hormone-responsive underground-organ system	hormone-response expression analysis and candidate perturbation
Ma08_g28700	Musa_acuminata|gene=Ma08_g28700|len=372|source=Ma08_p28700.1	UGOseq_000180896	Musa_acuminata	OG0000863	11	Early nodulin-like meristem/regrowth candidate	Meristem_bud_regrowth	Tier_A_supported_main_text_candidate	1.0	0.95	Top validation-ready candidate	Meristem and regrowth module	rhizome bud, root crown, or regrowth system	bud activation/regrowth-stage expression analysis followed by perturbation
Ma08_g31860	Musa_acuminata|gene=Ma08_g31860|len=834|source=Ma08_p31860.1	UGOseq_000181211	Musa_acuminata	OG0004958	11	Non-symbiotic hemoglobin / stress-resilience candidate	Stress_resilience	Tier_A_supported_main_text_candidate	1.0	0.95	Top validation-ready candidate	Stress-resilience module	regrowth or stress-resilience underground-organ system	stress/regrowth expression profiling and survival/regrowth phenotyping
Ma08_g31870	Musa_acuminata|gene=Ma08_g31870|len=836|source=Ma08_p31870.1	UGOseq_000181212	Musa_acuminata	OG0004958	11	Non-symbiotic hemoglobin / stress-resilience candidate	Stress_resilience	Tier_A_supported_main_text_candidate	1.0	0.95	Top validation-ready candidate	Stress-resilience module	regrowth or stress-resilience underground-organ system	stress/regrowth expression profiling and survival/regrowth phenotyping
Ma09_g04890	Musa_acuminata|gene=Ma09_g04890|len=284|source=Ma09_p04890.1	UGOseq_000181998	Musa_acuminata	OG0000273	11	bHLH-like transcriptional regulator	Developmental_TF	Tier_A_plus_core_stable_with_lotus_or_ginger	0.678	0.821	Strong validation candidate	Developmental transcription-factor module	developmental transition system with clear underground-organ initiation stage	stage-specific expression analysis and targeted perturbation of transcription factor homologs
Ma10_g09210	Musa_acuminata|gene=Ma10_g09210|len=372|source=Ma10_p09210.1	UGOseq_000185555	Musa_acuminata	OG0000863	11	Early nodulin-like meristem/regrowth candidate	Meristem_bud_regrowth	Tier_A_supported_main_text_candidate	1.0	0.95	Top validation-ready candidate	Meristem and regrowth module	rhizome bud, root crown, or regrowth system	bud activation/regrowth-stage expression analysis followed by perturbation
Ma10_g13020	Musa_acuminata|gene=Ma10_g13020|len=302|source=Ma10_p13020.1	UGOseq_000185932	Musa_acuminata	OG0000273	11	bHLH-like transcriptional regulator	Developmental_TF	Tier_A_plus_core_stable_with_lotus_or_ginger	0.678	0.821	Strong validation candidate	Developmental transcription-factor module	developmental transition system with clear underground-organ initiation stage	stage-specific expression analysis and targeted perturbation of transcription factor homologs
Ma10_g29220	Musa_acuminata|gene=Ma10_g29220|len=299|source=Ma10_p29220.1	UGOseq_000187544	Musa_acuminata	OG0000273	11	bHLH-like transcriptional regulator	Developmental_TF	Tier_A_plus_core_stable_with_lotus_or_ginger	0.678	0.821	Strong validation candidate	Developmental transcription-factor module	developmental transition system with clear underground-organ initiation stage	stage-specific expression analysis and targeted perturbation of transcription factor homologs
Ma11_g09460	Musa_acuminata|gene=Ma11_g09460|len=276|source=Ma11_p09460.1	UGOseq_000188712	Musa_acuminata	OG0003725	10	NAC-like transcriptional regulator	Developmental_TF	Tier_B_no_new_lotus_ginger_support	1.0	0.867	Top validation-ready candidate		developmental transition system with clear underground-organ initiation stage	stage-specific expression analysis and targeted perturbation of transcription factor homologs
Ma11_g16400	Musa_acuminata|gene=Ma11_g16400|len=676|source=Ma11_p16400.1	UGOseq_000189401	Musa_acuminata	OG0000767	11	bHLH-like transcriptional regulator	Developmental_TF	Tier_A_supported_main_text_candidate	0.678	0.821	Strong validation candidate		developmental transition system with clear underground-organ initiation stage	stage-specific expression analysis and targeted perturbation of transcription factor homologs
Ma11_g21710	Musa_acuminata|gene=Ma11_g21710|len=696|source=Ma11_p21710.1	UGOseq_000189927	Musa_acuminata	OG0000767	11	bHLH-like transcriptional regulator	Developmental_TF	Tier_A_supported_main_text_candidate	0.678	0.821	Strong validation candidate		developmental transition system with clear underground-organ initiation stage	stage-specific expression analysis and targeted perturbation of transcription factor homologs
AMDW01005841.1_FG001	AMDW01005841.1_FG001	UGOseq_000214502	Oryza_longistaminata	OG0000767	11	bHLH-like transcriptional regulator	Developmental_TF	Tier_A_supported_main_text_candidate	0.678	0.821	Strong validation candidate		developmental transition system with clear underground-organ initiation stage	stage-specific expression analysis and targeted perturbation of transcription factor homologs
KN538695.1_FG006	KN538695.1_FG006	UGOseq_000219670	Oryza_longistaminata	OG0000273	11	bHLH-like transcriptional regulator	Developmental_TF	Tier_A_plus_core_stable_with_lotus_or_ginger	0.678	0.821	Strong validation candidate	Developmental transcription-factor module	developmental transition system with clear underground-organ initiation stage	stage-specific expression analysis and targeted perturbation of transcription factor homologs
KN538798.1_FG005	KN538798.1_FG005	UGOseq_000223222	Oryza_longistaminata	OG0004958	11	Non-symbiotic hemoglobin / stress-resilience candidate	Stress_resilience	Tier_A_supported_main_text_candidate	1.0	0.95	Top validation-ready candidate	Stress-resilience module	regrowth or stress-resilience underground-organ system	stress/regrowth expression profiling and survival/regrowth phenotyping
KN538826.1_FG011	KN538826.1_FG011	UGOseq_000223953	Oryza_longistaminata	OG0000273	11	bHLH-like transcriptional regulator	Developmental_TF	Tier_A_plus_core_stable_with_lotus_or_ginger	0.678	0.821	Strong validation candidate	Developmental transcription-factor module	developmental transition system with clear underground-organ initiation stage	stage-specific expression analysis and targeted perturbation of transcription factor homologs
KN539014.1_FG004	KN539014.1_FG004	UGOseq_000227564	Oryza_longistaminata	OG0000273	11	bHLH-like transcriptional regulator	Developmental_TF	Tier_A_plus_core_stable_with_lotus_or_ginger	0.678	0.821	Strong validation candidate	Developmental transcription-factor module	developmental transition system with clear underground-organ initiation stage	stage-specific expression analysis and targeted perturbation of transcription factor homologs
KN539025.1_FG005	KN539025.1_FG005	UGOseq_000227724	Oryza_longistaminata	OG0000273	11	bHLH-like transcriptional regulator	Developmental_TF	Tier_A_plus_core_stable_with_lotus_or_ginger	0.678	0.821	Strong validation candidate	Developmental transcription-factor module	developmental transition system with clear underground-organ initiation stage	stage-specific expression analysis and targeted perturbation of transcription factor homologs
KN539100.1_FG002	KN539100.1_FG002	UGOseq_000228762	Oryza_longistaminata	OG0000767	11	bHLH-like transcriptional regulator	Developmental_TF	Tier_A_supported_main_text_candidate	0.678	0.821	Strong validation candidate		developmental transition system with clear underground-organ initiation stage	stage-specific expression analysis and targeted perturbation of transcription factor homologs
KN539990.1_FG003	KN539990.1_FG003	UGOseq_000236990	Oryza_longistaminata	OG0000273	11	bHLH-like transcriptional regulator	Developmental_TF	Tier_A_plus_core_stable_with_lotus_or_ginger	0.678	0.821	Strong validation candidate	Developmental transcription-factor module	developmental transition system with clear underground-organ initiation stage	stage-specific expression analysis and targeted perturbation of transcription factor homologs
KN540515.1_FG003	KN540515.1_FG003	UGOseq_000239514	Oryza_longistaminata	OG0000863	11	Early nodulin-like meristem/regrowth candidate	Meristem_bud_regrowth	Tier_A_supported_main_text_candidate	1.0	0.95	Top validation-ready candidate	Meristem and regrowth module	rhizome bud, root crown, or regrowth system	bud activation/regrowth-stage expression analysis followed by perturbation
KN540732.1_FG003	KN540732.1_FG003	UGOseq_000240365	Oryza_longistaminata	OG0006937	11	Carotenoid cleavage dioxygenase / hormone-related regulation	Hormone_regulation	Tier_B_no_new_lotus_ginger_support	1.0	0.89	Top validation-ready candidate	Hormone-related regulation module	storage-root/tuber or hormone-responsive underground-organ system	hormone-response expression analysis and candidate perturbation
KN540983.1_FG002	KN540983.1_FG002	UGOseq_000241219	Oryza_longistaminata	OG0000863	11	Early nodulin-like meristem/regrowth candidate	Meristem_bud_regrowth	Tier_A_supported_main_text_candidate	1.0	0.95	Top validation-ready candidate	Meristem and regrowth module	rhizome bud, root crown, or regrowth system	bud activation/regrowth-stage expression analysis followed by perturbation
KN541005.1_FG005	KN541005.1_FG005	UGOseq_000241284	Oryza_longistaminata	OG0000273	11	bHLH-like transcriptional regulator	Developmental_TF	Tier_A_plus_core_stable_with_lotus_or_ginger	0.678	0.821	Strong validation candidate	Developmental transcription-factor module	developmental transition system with clear underground-organ initiation stage	stage-specific expression analysis and targeted perturbation of transcription factor homologs
KN541256.1_FG001	KN541256.1_FG001	UGOseq_000241991	Oryza_longistaminata	OG0000273	11	bHLH-like transcriptional regulator	Developmental_TF	Tier_A_plus_core_stable_with_lotus_or_ginger	0.678	0.821	Strong validation candidate	Developmental transcription-factor module	developmental transition system with clear underground-organ initiation stage	stage-specific expression analysis and targeted perturbation of transcription factor homologs
LOC120645672	XP_039778369.1	UGOseq_000250877	Panicum_virgatum	OG0000154	4	XTH / xyloglucan cell-wall remodeling	Cell_wall_remodeling	Tier_A_plus_core_stable_with_lotus_or_ginger	1.0	0.791	Strong validation candidate	Cell-wall remodeling module	rhizome elongation or tuber/storage-organ expansion system	expression profiling across initiation/elongation stages; RNAi/CRISPR or overexpression in a tractable system
LOC120645689	XP_039778384.1	UGOseq_000250891	Panicum_virgatum	OG0000154	4	XTH / xyloglucan cell-wall remodeling	Cell_wall_remodeling	Tier_A_plus_core_stable_with_lotus_or_ginger	1.0	0.791	Strong validation candidate	Cell-wall remodeling module	rhizome elongation or tuber/storage-organ expansion system	expression profiling across initiation/elongation stages; RNAi/CRISPR or overexpression in a tractable system
LOC120646450	XP_039778948.1	UGOseq_000251376	Panicum_virgatum	OG0003725	10	NAC-like transcriptional regulator	Developmental_TF	Tier_B_no_new_lotus_ginger_support	1.0	0.867	Top validation-ready candidate		developmental transition system with clear underground-organ initiation stage	stage-specific expression analysis and targeted perturbation of transcription factor homologs
LOC120647996	XP_039780719.1	UGOseq_000252552	Panicum_virgatum	OG0000154	4	XTH / xyloglucan cell-wall remodeling	Cell_wall_remodeling	Tier_A_plus_core_stable_with_lotus_or_ginger	1.0	0.791	Strong validation candidate	Cell-wall remodeling module	rhizome elongation or tuber/storage-organ expansion system	expression profiling across initiation/elongation stages; RNAi/CRISPR or overexpression in a tractable system
LOC120649320	XP_039782027.1	UGOseq_000253538	Panicum_virgatum	OG0000273	11	bHLH-like transcriptional regulator	Developmental_TF	Tier_A_plus_core_stable_with_lotus_or_ginger	0.678	0.821	Strong validation candidate	Developmental transcription-factor module	developmental transition system with clear underground-organ initiation stage	stage-specific expression analysis and targeted perturbation of transcription factor homologs
LOC120650406	XP_039783459.1	UGOseq_000254480	Panicum_virgatum	OG0000863	11	Early nodulin-like meristem/regrowth candidate	Meristem_bud_regrowth	Tier_A_supported_main_text_candidate	1.0	0.95	Top validation-ready candidate	Meristem and regrowth module	rhizome bud, root crown, or regrowth system	bud activation/regrowth-stage expression analysis followed by perturbation
LOC120651058	XP_039784335.1	UGOseq_000255012	Panicum_virgatum	OG0004958	11	Non-symbiotic hemoglobin / stress-resilience candidate	Stress_resilience	Tier_A_supported_main_text_candidate	1.0	0.95	Top validation-ready candidate	Stress-resilience module	regrowth or stress-resilience underground-organ system	stress/regrowth expression profiling and survival/regrowth phenotyping
LOC120651567	XP_039785027.1	UGOseq_000255383	Panicum_virgatum	OG0000767	11	bHLH-like transcriptional regulator	Developmental_TF	Tier_A_supported_main_text_candidate	0.678	0.821	Strong validation candidate		developmental transition system with clear underground-organ initiation stage	stage-specific expression analysis and targeted perturbation of transcription factor homologs
LOC120652503	XP_039786292.1	UGOseq_000256128	Panicum_virgatum	OG0000273	11	bHLH-like transcriptional regulator	Developmental_TF	Tier_A_plus_core_stable_with_lotus_or_ginger	0.678	0.821	Strong validation candidate	Developmental transcription-factor module	developmental transition system with clear underground-organ initiation stage	stage-specific expression analysis and targeted perturbation of transcription factor homologs
LOC120653738	XP_039787349.1	UGOseq_000256983	Panicum_virgatum	OG0000154	4	XTH / xyloglucan cell-wall remodeling	Cell_wall_remodeling	Tier_A_plus_core_stable_with_lotus_or_ginger	1.0	0.791	Strong validation candidate	Cell-wall remodeling module	rhizome elongation or tuber/storage-organ expansion system	expression profiling across initiation/elongation stages; RNAi/CRISPR or overexpression in a tractable system
LOC120659751	XP_039793911.1	UGOseq_000261317	Panicum_virgatum	OG0000273	11	bHLH-like transcriptional regulator	Developmental_TF	Tier_A_plus_core_stable_with_lotus_or_ginger	0.678	0.821	Strong validation candidate	Developmental transcription-factor module	developmental transition system with clear underground-organ initiation stage	stage-specific expression analysis and targeted perturbation of transcription factor homologs
LOC120662150	XP_039797206.1	UGOseq_000263259	Panicum_virgatum	OG0003725	10	NAC-like transcriptional regulator	Developmental_TF	Tier_B_no_new_lotus_ginger_support	1.0	0.867	Top validation-ready candidate		developmental transition system with clear underground-organ initiation stage	stage-specific expression analysis and targeted perturbation of transcription factor homologs
LOC120666560	XP_039802360.1	UGOseq_000266589	Panicum_virgatum	OG0003725	10	NAC-like transcriptional regulator	Developmental_TF	Tier_B_no_new_lotus_ginger_support	1.0	0.867	Top validation-ready candidate		developmental transition system with clear underground-organ initiation stage	stage-specific expression analysis and targeted perturbation of transcription factor homologs
LOC120666724	XP_039802573.1	UGOseq_000266718	Panicum_virgatum	OG0000154	4	XTH / xyloglucan cell-wall remodeling	Cell_wall_remodeling	Tier_A_plus_core_stable_with_lotus_or_ginger	1.0	0.791	Strong validation candidate	Cell-wall remodeling module	rhizome elongation or tuber/storage-organ expansion system	expression profiling across initiation/elongation stages; RNAi/CRISPR or overexpression in a tractable system
LOC120667282	XP_039803304.1	UGOseq_000267178	Panicum_virgatum	OG0000154	4	XTH / xyloglucan cell-wall remodeling	Cell_wall_remodeling	Tier_A_plus_core_stable_with_lotus_or_ginger	1.0	0.791	Strong validation candidate	Cell-wall remodeling module	rhizome elongation or tuber/storage-organ expansion system	expression profiling across initiation/elongation stages; RNAi/CRISPR or overexpression in a tractable system
LOC120670756	XP_039806833.1	UGOseq_000269664	Panicum_virgatum	OG0000154	4	XTH / xyloglucan cell-wall remodeling	Cell_wall_remodeling	Tier_A_plus_core_stable_with_lotus_or_ginger	1.0	0.791	Strong validation candidate	Cell-wall remodeling module	rhizome elongation or tuber/storage-organ expansion system	expression profiling across initiation/elongation stages; RNAi/CRISPR or overexpression in a tractable system
LOC120672284	XP_039808540.1	UGOseq_000270740	Panicum_virgatum	OG0006937	11	Carotenoid cleavage dioxygenase / hormone-related regulation	Hormone_regulation	Tier_B_no_new_lotus_ginger_support	1.0	0.89	Top validation-ready candidate	Hormone-related regulation module	storage-root/tuber or hormone-responsive underground-organ system	hormone-response expression analysis and candidate perturbation
LOC120672800	XP_039809326.1	UGOseq_000271173	Panicum_virgatum	OG0000273	11	bHLH-like transcriptional regulator	Developmental_TF	Tier_A_plus_core_stable_with_lotus_or_ginger	0.678	0.821	Strong validation candidate	Developmental transcription-factor module	developmental transition system with clear underground-organ initiation stage	stage-specific expression analysis and targeted perturbation of transcription factor homologs
LOC120674597	XP_039811689.1	UGOseq_000272635	Panicum_virgatum	OG0000154	4	XTH / xyloglucan cell-wall remodeling	Cell_wall_remodeling	Tier_A_plus_core_stable_with_lotus_or_ginger	1.0	0.791	Strong validation candidate	Cell-wall remodeling module	rhizome elongation or tuber/storage-organ expansion system	expression profiling across initiation/elongation stages; RNAi/CRISPR or overexpression in a tractable system
LOC120675169	XP_039812203.1	UGOseq_000273089	Panicum_virgatum	OG0006937	11	Carotenoid cleavage dioxygenase / hormone-related regulation	Hormone_regulation	Tier_B_no_new_lotus_ginger_support	1.0	0.89	Top validation-ready candidate	Hormone-related regulation module	storage-root/tuber or hormone-responsive underground-organ system	hormone-response expression analysis and candidate perturbation
LOC120675963	XP_039813097.1	UGOseq_000273703	Panicum_virgatum	OG0000273	11	bHLH-like transcriptional regulator	Developmental_TF	Tier_A_plus_core_stable_with_lotus_or_ginger	0.678	0.821	Strong validation candidate	Developmental transcription-factor module	developmental transition system with clear underground-organ initiation stage	stage-specific expression analysis and targeted perturbation of transcription factor homologs
LOC120676225	XP_039813390.1	UGOseq_000273894	Panicum_virgatum	OG0000863	11	Early nodulin-like meristem/regrowth candidate	Meristem_bud_regrowth	Tier_A_supported_main_text_candidate	1.0	0.95	Top validation-ready candidate	Meristem and regrowth module	rhizome bud, root crown, or regrowth system	bud activation/regrowth-stage expression analysis followed by perturbation
LOC120681016	XP_039818509.1	UGOseq_000277235	Panicum_virgatum	OG0000154	4	XTH / xyloglucan cell-wall remodeling	Cell_wall_remodeling	Tier_A_plus_core_stable_with_lotus_or_ginger	1.0	0.791	Strong validation candidate	Cell-wall remodeling module	rhizome elongation or tuber/storage-organ expansion system	expression profiling across initiation/elongation stages; RNAi/CRISPR or overexpression in a tractable system
LOC120681291	XP_039818735.1	UGOseq_000277453	Panicum_virgatum	OG0000154	4	XTH / xyloglucan cell-wall remodeling	Cell_wall_remodeling	Tier_A_plus_core_stable_with_lotus_or_ginger	1.0	0.791	Strong validation candidate	Cell-wall remodeling module	rhizome elongation or tuber/storage-organ expansion system	expression profiling across initiation/elongation stages; RNAi/CRISPR or overexpression in a tractable system
LOC120681292	XP_039818736.1	UGOseq_000277454	Panicum_virgatum	OG0000154	4	XTH / xyloglucan cell-wall remodeling	Cell_wall_remodeling	Tier_A_plus_core_stable_with_lotus_or_ginger	1.0	0.791	Strong validation candidate	Cell-wall remodeling module	rhizome elongation or tuber/storage-organ expansion system	expression profiling across initiation/elongation stages; RNAi/CRISPR or overexpression in a tractable system
LOC120684840	XP_039822640.1	UGOseq_000279964	Panicum_virgatum	OG0000154	4	XTH / xyloglucan cell-wall remodeling	Cell_wall_remodeling	Tier_A_plus_core_stable_with_lotus_or_ginger	1.0	0.791	Strong validation candidate	Cell-wall remodeling module	rhizome elongation or tuber/storage-organ expansion system	expression profiling across initiation/elongation stages; RNAi/CRISPR or overexpression in a tractable system
LOC120685141	XP_039822907.1	UGOseq_000280211	Panicum_virgatum	OG0000154	4	XTH / xyloglucan cell-wall remodeling	Cell_wall_remodeling	Tier_A_plus_core_stable_with_lotus_or_ginger	1.0	0.791	Strong validation candidate	Cell-wall remodeling module	rhizome elongation or tuber/storage-organ expansion system	expression profiling across initiation/elongation stages; RNAi/CRISPR or overexpression in a tractable system
LOC120686500	XP_039824650.1	UGOseq_000281208	Panicum_virgatum	OG0003725	10	NAC-like transcriptional regulator	Developmental_TF	Tier_B_no_new_lotus_ginger_support	1.0	0.867	Top validation-ready candidate		developmental transition system with clear underground-organ initiation stage	stage-specific expression analysis and targeted perturbation of transcription factor homologs
LOC120688050	XP_039826113.1	UGOseq_000282200	Panicum_virgatum	OG0000863	11	Early nodulin-like meristem/regrowth candidate	Meristem_bud_regrowth	Tier_A_supported_main_text_candidate	1.0	0.95	Top validation-ready candidate	Meristem and regrowth module	rhizome bud, root crown, or regrowth system	bud activation/regrowth-stage expression analysis followed by perturbation
LOC120689492	XP_039827702.1	UGOseq_000283350	Panicum_virgatum	OG0000273	11	bHLH-like transcriptional regulator	Developmental_TF	Tier_A_plus_core_stable_with_lotus_or_ginger	0.678	0.821	Strong validation candidate	Developmental transcription-factor module	developmental transition system with clear underground-organ initiation stage	stage-specific expression analysis and targeted perturbation of transcription factor homologs
LOC120689545	XP_039827772.1	UGOseq_000283391	Panicum_virgatum	OG0004958	11	Non-symbiotic hemoglobin / stress-resilience candidate	Stress_resilience	Tier_A_supported_main_text_candidate	1.0	0.95	Top validation-ready candidate	Stress-resilience module	regrowth or stress-resilience underground-organ system	stress/regrowth expression profiling and survival/regrowth phenotyping
LOC120689719	XP_039828037.1	UGOseq_000283533	Panicum_virgatum	OG0003725	10	NAC-like transcriptional regulator	Developmental_TF	Tier_B_no_new_lotus_ginger_support	1.0	0.867	Top validation-ready candidate		developmental transition system with clear underground-organ initiation stage	stage-specific expression analysis and targeted perturbation of transcription factor homologs
LOC120689726	XP_039828048.1	UGOseq_000283540	Panicum_virgatum	OG0000767	11	bHLH-like transcriptional regulator	Developmental_TF	Tier_A_supported_main_text_candidate	0.678	0.821	Strong validation candidate		developmental transition system with clear underground-organ initiation stage	stage-specific expression analysis and targeted perturbation of transcription factor homologs
LOC120690403	XP_039828975.1	UGOseq_000284090	Panicum_virgatum	OG0003725	10	NAC-like transcriptional regulator	Developmental_TF	Tier_B_no_new_lotus_ginger_support	1.0	0.867	Top validation-ready candidate		developmental transition system with clear underground-organ initiation stage	stage-specific expression analysis and targeted perturbation of transcription factor homologs
LOC120690542	XP_039829160.1	UGOseq_000284208	Panicum_virgatum	OG0003725	10	NAC-like transcriptional regulator	Developmental_TF	Tier_B_no_new_lotus_ginger_support	1.0	0.867	Top validation-ready candidate		developmental transition system with clear underground-organ initiation stage	stage-specific expression analysis and targeted perturbation of transcription factor homologs
LOC120690828	XP_039829597.1	UGOseq_000284446	Panicum_virgatum	OG0003725	10	NAC-like transcriptional regulator	Developmental_TF	Tier_B_no_new_lotus_ginger_support	1.0	0.867	Top validation-ready candidate		developmental transition system with clear underground-organ initiation stage	stage-specific expression analysis and targeted perturbation of transcription factor homologs
LOC120691471	XP_039830476.1	UGOseq_000284982	Panicum_virgatum	OG0003725	10	NAC-like transcriptional regulator	Developmental_TF	Tier_B_no_new_lotus_ginger_support	1.0	0.867	Top validation-ready candidate		developmental transition system with clear underground-organ initiation stage	stage-specific expression analysis and targeted perturbation of transcription factor homologs
LOC120691472	XP_039830477.1	UGOseq_000284983	Panicum_virgatum	OG0003725	10	NAC-like transcriptional regulator	Developmental_TF	Tier_B_no_new_lotus_ginger_support	1.0	0.867	Top validation-ready candidate		developmental transition system with clear underground-organ initiation stage	stage-specific expression analysis and targeted perturbation of transcription factor homologs
LOC120692648	XP_039831961.1	UGOseq_000285923	Panicum_virgatum	OG0000273	11	bHLH-like transcriptional regulator	Developmental_TF	Tier_A_plus_core_stable_with_lotus_or_ginger	0.678	0.821	Strong validation candidate	Developmental transcription-factor module	developmental transition system with clear underground-organ initiation stage	stage-specific expression analysis and targeted perturbation of transcription factor homologs
LOC120693973	XP_039833078.1	UGOseq_000286698	Panicum_virgatum	OG0003725	10	NAC-like transcriptional regulator	Developmental_TF	Tier_B_no_new_lotus_ginger_support	1.0	0.867	Top validation-ready candidate		developmental transition system with clear underground-organ initiation stage	stage-specific expression analysis and targeted perturbation of transcription factor homologs
LOC120695296	XP_039834516.1	UGOseq_000287667	Panicum_virgatum	OG0000154	4	XTH / xyloglucan cell-wall remodeling	Cell_wall_remodeling	Tier_A_plus_core_stable_with_lotus_or_ginger	1.0	0.791	Strong validation candidate	Cell-wall remodeling module	rhizome elongation or tuber/storage-organ expansion system	expression profiling across initiation/elongation stages; RNAi/CRISPR or overexpression in a tractable system
LOC120696517	XP_039835382.1	UGOseq_000288380	Panicum_virgatum	OG0003725	10	NAC-like transcriptional regulator	Developmental_TF	Tier_B_no_new_lotus_ginger_support	1.0	0.867	Top validation-ready candidate		developmental transition system with clear underground-organ initiation stage	stage-specific expression analysis and targeted perturbation of transcription factor homologs
LOC120700592	XP_039840776.1	UGOseq_000291673	Panicum_virgatum	OG0000154	4	XTH / xyloglucan cell-wall remodeling	Cell_wall_remodeling	Tier_A_plus_core_stable_with_lotus_or_ginger	1.0	0.791	Strong validation candidate	Cell-wall remodeling module	rhizome elongation or tuber/storage-organ expansion system	expression profiling across initiation/elongation stages; RNAi/CRISPR or overexpression in a tractable system
LOC120700960	XP_039841079.1	UGOseq_000291963	Panicum_virgatum	OG0000154	4	XTH / xyloglucan cell-wall remodeling	Cell_wall_remodeling	Tier_A_plus_core_stable_with_lotus_or_ginger	1.0	0.791	Strong validation candidate	Cell-wall remodeling module	rhizome elongation or tuber/storage-organ expansion system	expression profiling across initiation/elongation stages; RNAi/CRISPR or overexpression in a tractable system
LOC120701128	XP_039841214.1	UGOseq_000292091	Panicum_virgatum	OG0000154	4	XTH / xyloglucan cell-wall remodeling	Cell_wall_remodeling	Tier_A_plus_core_stable_with_lotus_or_ginger	1.0	0.791	Strong validation candidate	Cell-wall remodeling module	rhizome elongation or tuber/storage-organ expansion system	expression profiling across initiation/elongation stages; RNAi/CRISPR or overexpression in a tractable system
LOC120701869	XP_039841611.1	UGOseq_000292450	Panicum_virgatum	OG0000154	4	XTH / xyloglucan cell-wall remodeling	Cell_wall_remodeling	Tier_A_plus_core_stable_with_lotus_or_ginger	1.0	0.791	Strong validation candidate	Cell-wall remodeling module	rhizome elongation or tuber/storage-organ expansion system	expression profiling across initiation/elongation stages; RNAi/CRISPR or overexpression in a tractable system
LOC120701979	XP_039841698.1	UGOseq_000292535	Panicum_virgatum	OG0000154	4	XTH / xyloglucan cell-wall remodeling	Cell_wall_remodeling	Tier_A_plus_core_stable_with_lotus_or_ginger	1.0	0.791	Strong validation candidate	Cell-wall remodeling module	rhizome elongation or tuber/storage-organ expansion system	expression profiling across initiation/elongation stages; RNAi/CRISPR or overexpression in a tractable system
LOC120707469	XP_039848309.1	UGOseq_000296728	Panicum_virgatum	OG0000863	11	Early nodulin-like meristem/regrowth candidate	Meristem_bud_regrowth	Tier_A_supported_main_text_candidate	1.0	0.95	Top validation-ready candidate	Meristem and regrowth module	rhizome bud, root crown, or regrowth system	bud activation/regrowth-stage expression analysis followed by perturbation
LOC120707866	XP_039848855.1	UGOseq_000297063	Panicum_virgatum	OG0000273	11	bHLH-like transcriptional regulator	Developmental_TF	Tier_A_plus_core_stable_with_lotus_or_ginger	0.678	0.821	Strong validation candidate	Developmental transcription-factor module	developmental transition system with clear underground-organ initiation stage	stage-specific expression analysis and targeted perturbation of transcription factor homologs
LOC120707968	XP_039848961.1	UGOseq_000297147	Panicum_virgatum	OG0006937	11	Carotenoid cleavage dioxygenase / hormone-related regulation	Hormone_regulation	Tier_B_no_new_lotus_ginger_support	1.0	0.89	Top validation-ready candidate	Hormone-related regulation module	storage-root/tuber or hormone-responsive underground-organ system	hormone-response expression analysis and candidate perturbation
LOC120708456	XP_039849633.1	UGOseq_000297552	Panicum_virgatum	OG0000273	11	bHLH-like transcriptional regulator	Developmental_TF	Tier_A_plus_core_stable_with_lotus_or_ginger	0.678	0.821	Strong validation candidate	Developmental transcription-factor module	developmental transition system with clear underground-organ initiation stage	stage-specific expression analysis and targeted perturbation of transcription factor homologs
LOC120709666	XP_039851272.1	UGOseq_000298553	Panicum_virgatum	OG0000154	4	XTH / xyloglucan cell-wall remodeling	Cell_wall_remodeling	Tier_A_plus_core_stable_with_lotus_or_ginger	1.0	0.791	Strong validation candidate	Cell-wall remodeling module	rhizome elongation or tuber/storage-organ expansion system	expression profiling across initiation/elongation stages; RNAi/CRISPR or overexpression in a tractable system
LOC120713394	XP_039855306.1	UGOseq_000301245	Panicum_virgatum	OG0000154	4	XTH / xyloglucan cell-wall remodeling	Cell_wall_remodeling	Tier_A_plus_core_stable_with_lotus_or_ginger	1.0	0.791	Strong validation candidate	Cell-wall remodeling module	rhizome elongation or tuber/storage-organ expansion system	expression profiling across initiation/elongation stages; RNAi/CRISPR or overexpression in a tractable system
LOC120713438	XP_039855335.1	UGOseq_000301274	Panicum_virgatum	OG0000154	4	XTH / xyloglucan cell-wall remodeling	Cell_wall_remodeling	Tier_A_plus_core_stable_with_lotus_or_ginger	1.0	0.791	Strong validation candidate	Cell-wall remodeling module	rhizome elongation or tuber/storage-organ expansion system	expression profiling across initiation/elongation stages; RNAi/CRISPR or overexpression in a tractable system
PGSC0003DMG400000525	PGSC0003DMG400000525	UGOseq_000302164	Solanum_tuberosum	OG0006937	11	Carotenoid cleavage dioxygenase / hormone-related regulation	Hormone_regulation	Tier_B_no_new_lotus_ginger_support	1.0	0.89	Top validation-ready candidate	Hormone-related regulation module	storage-root/tuber or hormone-responsive underground-organ system	hormone-response expression analysis and candidate perturbation
PGSC0003DMG400001161	PGSC0003DMG400001161	UGOseq_000302656	Solanum_tuberosum	OG0000767	11	bHLH-like transcriptional regulator	Developmental_TF	Tier_A_supported_main_text_candidate	0.678	0.821	Strong validation candidate		developmental transition system with clear underground-organ initiation stage	stage-specific expression analysis and targeted perturbation of transcription factor homologs
PGSC0003DMG400001375	PGSC0003DMG400001375	UGOseq_000302829	Solanum_tuberosum	OG0000863	11	Early nodulin-like meristem/regrowth candidate	Meristem_bud_regrowth	Tier_A_supported_main_text_candidate	1.0	0.95	Top validation-ready candidate	Meristem and regrowth module	rhizome bud, root crown, or regrowth system	bud activation/regrowth-stage expression analysis followed by perturbation
PGSC0003DMG400001939	PGSC0003DMG400001939	UGOseq_000303292	Solanum_tuberosum	OG0000863	11	Early nodulin-like meristem/regrowth candidate	Meristem_bud_regrowth	Tier_A_supported_main_text_candidate	1.0	0.95	Top validation-ready candidate	Meristem and regrowth module	rhizome bud, root crown, or regrowth system	bud activation/regrowth-stage expression analysis followed by perturbation
PGSC0003DMG400002824	PGSC0003DMG400002824	UGOseq_000303965	Solanum_tuberosum	OG0000273	11	bHLH-like transcriptional regulator	Developmental_TF	Tier_A_plus_core_stable_with_lotus_or_ginger	0.678	0.821	Strong validation candidate	Developmental transcription-factor module	developmental transition system with clear underground-organ initiation stage	stage-specific expression analysis and targeted perturbation of transcription factor homologs
PGSC0003DMG400009356	PGSC0003DMG400009356	UGOseq_000309058	Solanum_tuberosum	OG0003725	10	NAC-like transcriptional regulator	Developmental_TF	Tier_B_no_new_lotus_ginger_support	1.0	0.867	Top validation-ready candidate		developmental transition system with clear underground-organ initiation stage	stage-specific expression analysis and targeted perturbation of transcription factor homologs
PGSC0003DMG400015269	PGSC0003DMG400015269	UGOseq_000313661	Solanum_tuberosum	OG0000863	11	Early nodulin-like meristem/regrowth candidate	Meristem_bud_regrowth	Tier_A_supported_main_text_candidate	1.0	0.95	Top validation-ready candidate	Meristem and regrowth module	rhizome bud, root crown, or regrowth system	bud activation/regrowth-stage expression analysis followed by perturbation
PGSC0003DMG400017535	PGSC0003DMG400017535	UGOseq_000315420	Solanum_tuberosum	OG0000767	11	bHLH-like transcriptional regulator	Developmental_TF	Tier_A_supported_main_text_candidate	0.678	0.821	Strong validation candidate		developmental transition system with clear underground-organ initiation stage	stage-specific expression analysis and targeted perturbation of transcription factor homologs
PGSC0003DMG400018435	PGSC0003DMG400018435	UGOseq_000316124	Solanum_tuberosum	OG0000273	11	bHLH-like transcriptional regulator	Developmental_TF	Tier_A_plus_core_stable_with_lotus_or_ginger	0.678	0.821	Strong validation candidate	Developmental transcription-factor module	developmental transition system with clear underground-organ initiation stage	stage-specific expression analysis and targeted perturbation of transcription factor homologs
PGSC0003DMG400020053	PGSC0003DMG400020053	UGOseq_000317349	Solanum_tuberosum	OG0004958	11	Non-symbiotic hemoglobin / stress-resilience candidate	Stress_resilience	Tier_A_supported_main_text_candidate	1.0	0.95	Top validation-ready candidate	Stress-resilience module	regrowth or stress-resilience underground-organ system	stress/regrowth expression profiling and survival/regrowth phenotyping
PGSC0003DMG400024627	PGSC0003DMG400024627	UGOseq_000320927	Solanum_tuberosum	OG0000863	11	Early nodulin-like meristem/regrowth candidate	Meristem_bud_regrowth	Tier_A_supported_main_text_candidate	1.0	0.95	Top validation-ready candidate	Meristem and regrowth module	rhizome bud, root crown, or regrowth system	bud activation/regrowth-stage expression analysis followed by perturbation
PGSC0003DMG400026564	PGSC0003DMG400026564	UGOseq_000322459	Solanum_tuberosum	OG0000863	11	Early nodulin-like meristem/regrowth candidate	Meristem_bud_regrowth	Tier_A_supported_main_text_candidate	1.0	0.95	Top validation-ready candidate	Meristem and regrowth module	rhizome bud, root crown, or regrowth system	bud activation/regrowth-stage expression analysis followed by perturbation
PGSC0003DMG400028361	PGSC0003DMG400028361	UGOseq_000323832	Solanum_tuberosum	OG0000863	11	Early nodulin-like meristem/regrowth candidate	Meristem_bud_regrowth	Tier_A_supported_main_text_candidate	1.0	0.95	Top validation-ready candidate	Meristem and regrowth module	rhizome bud, root crown, or regrowth system	bud activation/regrowth-stage expression analysis followed by perturbation
PGSC0003DMG400043393	PGSC0003DMG400043393	UGOseq_000334046	Solanum_tuberosum	OG0000273	11	bHLH-like transcriptional regulator	Developmental_TF	Tier_A_plus_core_stable_with_lotus_or_ginger	0.678	0.821	Strong validation candidate	Developmental transcription-factor module	developmental transition system with clear underground-organ initiation stage	stage-specific expression analysis and targeted perturbation of transcription factor homologs
