ugo_protein_id	search_database_header	species	gene_id	protein_id	raw_input_header	orthogroup	species_present_11	candidate_function	benchmark_module	candidate_tier	ugo_score	validation_priority_score	validation_priority_class	biological_discovery_case	suggested_validation_system	suggested_assay
UGOseq_000000145	UGOseq_000000145|species=Beta_vulgaris|gene=LOC104882962|protein=Beta_vulgaris|gene=LOC104882962|len=364|source=XP_010665700.1|orthogroup=OG0000154	Beta_vulgaris	LOC104882962	Beta_vulgaris|gene=LOC104882962|len=364|source=XP_010665700.1	Beta_vulgaris|gene=LOC104882962|len=364|source=XP_010665700.1 PREDICTED: uncharacterized protein LOC104882962 [Beta vulgaris subsp. vulgaris]	OG0000154	4	XTH / xyloglucan cell-wall remodeling	Cell_wall_remodeling	Tier_A_plus_core_stable_with_lotus_or_ginger	1.0	0.791	Strong validation candidate	Cell-wall remodeling module	rhizome elongation or tuber/storage-organ expansion system	expression profiling across initiation/elongation stages; RNAi/CRISPR or overexpression in a tractable system
UGOseq_000000248	UGOseq_000000248|species=Beta_vulgaris|gene=LOC104883085|protein=Beta_vulgaris|gene=LOC104883085|len=423|source=XP_010665842.1|orthogroup=OG0000139	Beta_vulgaris	LOC104883085	Beta_vulgaris|gene=LOC104883085|len=423|source=XP_010665842.1	Beta_vulgaris|gene=LOC104883085|len=423|source=XP_010665842.1 PREDICTED: uncharacterized protein LOC104883085 [Beta vulgaris subsp. vulgaris]	OG0000139	1	MYB-like transcriptional regulator	Developmental_TF	Tier_A_core_supported_but_OG_split	1.0	0.173	Review before validation		developmental transition system with clear underground-organ initiation stage	stage-specific expression analysis and targeted perturbation of transcription factor homologs
UGOseq_000000424	UGOseq_000000424|species=Beta_vulgaris|gene=LOC104883294|protein=Beta_vulgaris|gene=LOC104883294|len=406|source=XP_010666084.1|orthogroup=OG0000154	Beta_vulgaris	LOC104883294	Beta_vulgaris|gene=LOC104883294|len=406|source=XP_010666084.1	Beta_vulgaris|gene=LOC104883294|len=406|source=XP_010666084.1 PREDICTED: uncharacterized protein LOC104883294 [Beta vulgaris subsp. vulgaris]	OG0000154	4	XTH / xyloglucan cell-wall remodeling	Cell_wall_remodeling	Tier_A_plus_core_stable_with_lotus_or_ginger	1.0	0.791	Strong validation candidate	Cell-wall remodeling module	rhizome elongation or tuber/storage-organ expansion system	expression profiling across initiation/elongation stages; RNAi/CRISPR or overexpression in a tractable system
UGOseq_000000433	UGOseq_000000433|species=Beta_vulgaris|gene=LOC104883306|protein=Beta_vulgaris|gene=LOC104883306|len=1365|source=XP_010666096.1|orthogroup=OG0000139	Beta_vulgaris	LOC104883306	Beta_vulgaris|gene=LOC104883306|len=1365|source=XP_010666096.1	Beta_vulgaris|gene=LOC104883306|len=1365|source=XP_010666096.1 PREDICTED: uncharacterized protein LOC104883306 [Beta vulgaris subsp. vulgaris]	OG0000139	1	MYB-like transcriptional regulator	Developmental_TF	Tier_A_core_supported_but_OG_split	1.0	0.173	Review before validation		developmental transition system with clear underground-organ initiation stage	stage-specific expression analysis and targeted perturbation of transcription factor homologs
UGOseq_000000518	UGOseq_000000518|species=Beta_vulgaris|gene=LOC104883407|protein=Beta_vulgaris|gene=LOC104883407|len=422|source=XP_010666232.1|orthogroup=OG0000139	Beta_vulgaris	LOC104883407	Beta_vulgaris|gene=LOC104883407|len=422|source=XP_010666232.1	Beta_vulgaris|gene=LOC104883407|len=422|source=XP_010666232.1 PREDICTED: uncharacterized protein LOC104883407 [Beta vulgaris subsp. vulgaris]	OG0000139	1	MYB-like transcriptional regulator	Developmental_TF	Tier_A_core_supported_but_OG_split	1.0	0.173	Review before validation		developmental transition system with clear underground-organ initiation stage	stage-specific expression analysis and targeted perturbation of transcription factor homologs
UGOseq_000000729	UGOseq_000000729|species=Beta_vulgaris|gene=LOC104883646|protein=Beta_vulgaris|gene=LOC104883646|len=342|source=XP_010666498.1|orthogroup=OG0000139	Beta_vulgaris	LOC104883646	Beta_vulgaris|gene=LOC104883646|len=342|source=XP_010666498.1	Beta_vulgaris|gene=LOC104883646|len=342|source=XP_010666498.1 PREDICTED: uncharacterized protein LOC104883646 [Beta vulgaris subsp. vulgaris]	OG0000139	1	MYB-like transcriptional regulator	Developmental_TF	Tier_A_core_supported_but_OG_split	1.0	0.173	Review before validation		developmental transition system with clear underground-organ initiation stage	stage-specific expression analysis and targeted perturbation of transcription factor homologs
UGOseq_000000886	UGOseq_000000886|species=Beta_vulgaris|gene=LOC104883828|protein=Beta_vulgaris|gene=LOC104883828|len=444|source=XP_010666689.1|orthogroup=OG0000139	Beta_vulgaris	LOC104883828	Beta_vulgaris|gene=LOC104883828|len=444|source=XP_010666689.1	Beta_vulgaris|gene=LOC104883828|len=444|source=XP_010666689.1 PREDICTED: uncharacterized protein LOC104883828 [Beta vulgaris subsp. vulgaris]	OG0000139	1	MYB-like transcriptional regulator	Developmental_TF	Tier_A_core_supported_but_OG_split	1.0	0.173	Review before validation		developmental transition system with clear underground-organ initiation stage	stage-specific expression analysis and targeted perturbation of transcription factor homologs
UGOseq_000001018	UGOseq_000001018|species=Beta_vulgaris|gene=LOC104883978|protein=Beta_vulgaris|gene=LOC104883978|len=117|source=XP_010666861.1|orthogroup=OG0000154	Beta_vulgaris	LOC104883978	Beta_vulgaris|gene=LOC104883978|len=117|source=XP_010666861.1	Beta_vulgaris|gene=LOC104883978|len=117|source=XP_010666861.1 PREDICTED: cellular nucleic acid-binding protein homolog [Beta vulgaris subsp. vulgaris]	OG0000154	4	XTH / xyloglucan cell-wall remodeling	Cell_wall_remodeling	Tier_A_plus_core_stable_with_lotus_or_ginger	1.0	0.791	Strong validation candidate	Cell-wall remodeling module	rhizome elongation or tuber/storage-organ expansion system	expression profiling across initiation/elongation stages; RNAi/CRISPR or overexpression in a tractable system
UGOseq_000001159	UGOseq_000001159|species=Beta_vulgaris|gene=LOC104884144|protein=Beta_vulgaris|gene=LOC104884144|len=208|source=XP_010667042.1|orthogroup=OG0000139	Beta_vulgaris	LOC104884144	Beta_vulgaris|gene=LOC104884144|len=208|source=XP_010667042.1	Beta_vulgaris|gene=LOC104884144|len=208|source=XP_010667042.1 PREDICTED: uncharacterized protein LOC104884144 [Beta vulgaris subsp. vulgaris]	OG0000139	1	MYB-like transcriptional regulator	Developmental_TF	Tier_A_core_supported_but_OG_split	1.0	0.173	Review before validation		developmental transition system with clear underground-organ initiation stage	stage-specific expression analysis and targeted perturbation of transcription factor homologs
UGOseq_000001250	UGOseq_000001250|species=Beta_vulgaris|gene=LOC104884250|protein=Beta_vulgaris|gene=LOC104884250|len=869|source=XP_010667173.1|orthogroup=OG0000139	Beta_vulgaris	LOC104884250	Beta_vulgaris|gene=LOC104884250|len=869|source=XP_010667173.1	Beta_vulgaris|gene=LOC104884250|len=869|source=XP_010667173.1 PREDICTED: uncharacterized protein LOC104884250 [Beta vulgaris subsp. vulgaris]	OG0000139	1	MYB-like transcriptional regulator	Developmental_TF	Tier_A_core_supported_but_OG_split	1.0	0.173	Review before validation		developmental transition system with clear underground-organ initiation stage	stage-specific expression analysis and targeted perturbation of transcription factor homologs
UGOseq_000001283	UGOseq_000001283|species=Beta_vulgaris|gene=LOC104884289|protein=Beta_vulgaris|gene=LOC104884289|len=1094|source=XP_010667214.1|orthogroup=OG0000139	Beta_vulgaris	LOC104884289	Beta_vulgaris|gene=LOC104884289|len=1094|source=XP_010667214.1	Beta_vulgaris|gene=LOC104884289|len=1094|source=XP_010667214.1 PREDICTED: uncharacterized protein LOC104884289 [Beta vulgaris subsp. vulgaris]	OG0000139	1	MYB-like transcriptional regulator	Developmental_TF	Tier_A_core_supported_but_OG_split	1.0	0.173	Review before validation		developmental transition system with clear underground-organ initiation stage	stage-specific expression analysis and targeted perturbation of transcription factor homologs
UGOseq_000001422	UGOseq_000001422|species=Beta_vulgaris|gene=LOC104884449|protein=Beta_vulgaris|gene=LOC104884449|len=1275|source=XP_010667399.1|orthogroup=OG0000139	Beta_vulgaris	LOC104884449	Beta_vulgaris|gene=LOC104884449|len=1275|source=XP_010667399.1	Beta_vulgaris|gene=LOC104884449|len=1275|source=XP_010667399.1 PREDICTED: uncharacterized protein LOC104884449 [Beta vulgaris subsp. vulgaris]	OG0000139	1	MYB-like transcriptional regulator	Developmental_TF	Tier_A_core_supported_but_OG_split	1.0	0.173	Review before validation		developmental transition system with clear underground-organ initiation stage	stage-specific expression analysis and targeted perturbation of transcription factor homologs
UGOseq_000001556	UGOseq_000001556|species=Beta_vulgaris|gene=LOC104884598|protein=Beta_vulgaris|gene=LOC104884598|len=303|source=XP_010667584.1|orthogroup=OG0000139	Beta_vulgaris	LOC104884598	Beta_vulgaris|gene=LOC104884598|len=303|source=XP_010667584.1	Beta_vulgaris|gene=LOC104884598|len=303|source=XP_010667584.1 PREDICTED: uncharacterized protein LOC104884598 [Beta vulgaris subsp. vulgaris]	OG0000139	1	MYB-like transcriptional regulator	Developmental_TF	Tier_A_core_supported_but_OG_split	1.0	0.173	Review before validation		developmental transition system with clear underground-organ initiation stage	stage-specific expression analysis and targeted perturbation of transcription factor homologs
UGOseq_000001589	UGOseq_000001589|species=Beta_vulgaris|gene=LOC104884643|protein=Beta_vulgaris|gene=LOC104884643|len=843|source=XP_010667631.1|orthogroup=OG0000139	Beta_vulgaris	LOC104884643	Beta_vulgaris|gene=LOC104884643|len=843|source=XP_010667631.1	Beta_vulgaris|gene=LOC104884643|len=843|source=XP_010667631.1 PREDICTED: uncharacterized protein LOC104884643 [Beta vulgaris subsp. vulgaris]	OG0000139	1	MYB-like transcriptional regulator	Developmental_TF	Tier_A_core_supported_but_OG_split	1.0	0.173	Review before validation		developmental transition system with clear underground-organ initiation stage	stage-specific expression analysis and targeted perturbation of transcription factor homologs
UGOseq_000001590	UGOseq_000001590|species=Beta_vulgaris|gene=LOC104884644|protein=Beta_vulgaris|gene=LOC104884644|len=189|source=XP_010667632.1|orthogroup=OG0000139	Beta_vulgaris	LOC104884644	Beta_vulgaris|gene=LOC104884644|len=189|source=XP_010667632.1	Beta_vulgaris|gene=LOC104884644|len=189|source=XP_010667632.1 PREDICTED: uncharacterized protein LOC104884644 [Beta vulgaris subsp. vulgaris]	OG0000139	1	MYB-like transcriptional regulator	Developmental_TF	Tier_A_core_supported_but_OG_split	1.0	0.173	Review before validation		developmental transition system with clear underground-organ initiation stage	stage-specific expression analysis and targeted perturbation of transcription factor homologs
UGOseq_000001698	UGOseq_000001698|species=Beta_vulgaris|gene=LOC104884775|protein=Beta_vulgaris|gene=LOC104884775|len=977|source=XP_010667771.1|orthogroup=OG0000139	Beta_vulgaris	LOC104884775	Beta_vulgaris|gene=LOC104884775|len=977|source=XP_010667771.1	Beta_vulgaris|gene=LOC104884775|len=977|source=XP_010667771.1 PREDICTED: uncharacterized protein LOC104884775 [Beta vulgaris subsp. vulgaris]	OG0000139	1	MYB-like transcriptional regulator	Developmental_TF	Tier_A_core_supported_but_OG_split	1.0	0.173	Review before validation		developmental transition system with clear underground-organ initiation stage	stage-specific expression analysis and targeted perturbation of transcription factor homologs
UGOseq_000001952	UGOseq_000001952|species=Beta_vulgaris|gene=LOC104885085|protein=Beta_vulgaris|gene=LOC104885085|len=204|source=XP_010668092.1|orthogroup=OG0000139	Beta_vulgaris	LOC104885085	Beta_vulgaris|gene=LOC104885085|len=204|source=XP_010668092.1	Beta_vulgaris|gene=LOC104885085|len=204|source=XP_010668092.1 PREDICTED: uncharacterized protein LOC104885085 [Beta vulgaris subsp. vulgaris]	OG0000139	1	MYB-like transcriptional regulator	Developmental_TF	Tier_A_core_supported_but_OG_split	1.0	0.173	Review before validation		developmental transition system with clear underground-organ initiation stage	stage-specific expression analysis and targeted perturbation of transcription factor homologs
UGOseq_000001983	UGOseq_000001983|species=Beta_vulgaris|gene=LOC104885130|protein=Beta_vulgaris|gene=LOC104885130|len=398|source=XP_010668138.1|orthogroup=OG0000154	Beta_vulgaris	LOC104885130	Beta_vulgaris|gene=LOC104885130|len=398|source=XP_010668138.1	Beta_vulgaris|gene=LOC104885130|len=398|source=XP_010668138.1 PREDICTED: uncharacterized protein LOC104885130 [Beta vulgaris subsp. vulgaris]	OG0000154	4	XTH / xyloglucan cell-wall remodeling	Cell_wall_remodeling	Tier_A_plus_core_stable_with_lotus_or_ginger	1.0	0.791	Strong validation candidate	Cell-wall remodeling module	rhizome elongation or tuber/storage-organ expansion system	expression profiling across initiation/elongation stages; RNAi/CRISPR or overexpression in a tractable system
UGOseq_000002104	UGOseq_000002104|species=Beta_vulgaris|gene=LOC104885285|protein=Beta_vulgaris|gene=LOC104885285|len=359|source=XP_010668282.1|orthogroup=OG0000154	Beta_vulgaris	LOC104885285	Beta_vulgaris|gene=LOC104885285|len=359|source=XP_010668282.1	Beta_vulgaris|gene=LOC104885285|len=359|source=XP_010668282.1 PREDICTED: uncharacterized protein LOC104885285, partial [Beta vulgaris subsp. vulgaris]	OG0000154	4	XTH / xyloglucan cell-wall remodeling	Cell_wall_remodeling	Tier_A_plus_core_stable_with_lotus_or_ginger	1.0	0.791	Strong validation candidate	Cell-wall remodeling module	rhizome elongation or tuber/storage-organ expansion system	expression profiling across initiation/elongation stages; RNAi/CRISPR or overexpression in a tractable system
UGOseq_000002137	UGOseq_000002137|species=Beta_vulgaris|gene=LOC104885320|protein=Beta_vulgaris|gene=LOC104885320|len=372|source=XP_010668318.1|orthogroup=OG0000154	Beta_vulgaris	LOC104885320	Beta_vulgaris|gene=LOC104885320|len=372|source=XP_010668318.1	Beta_vulgaris|gene=LOC104885320|len=372|source=XP_010668318.1 PREDICTED: uncharacterized protein LOC104885320 [Beta vulgaris subsp. vulgaris]	OG0000154	4	XTH / xyloglucan cell-wall remodeling	Cell_wall_remodeling	Tier_A_plus_core_stable_with_lotus_or_ginger	1.0	0.791	Strong validation candidate	Cell-wall remodeling module	rhizome elongation or tuber/storage-organ expansion system	expression profiling across initiation/elongation stages; RNAi/CRISPR or overexpression in a tractable system
UGOseq_000002205	UGOseq_000002205|species=Beta_vulgaris|gene=LOC104885412|protein=Beta_vulgaris|gene=LOC104885412|len=359|source=XP_010668408.1|orthogroup=OG0000154	Beta_vulgaris	LOC104885412	Beta_vulgaris|gene=LOC104885412|len=359|source=XP_010668408.1	Beta_vulgaris|gene=LOC104885412|len=359|source=XP_010668408.1 PREDICTED: uncharacterized protein LOC104885412, partial [Beta vulgaris subsp. vulgaris]	OG0000154	4	XTH / xyloglucan cell-wall remodeling	Cell_wall_remodeling	Tier_A_plus_core_stable_with_lotus_or_ginger	1.0	0.791	Strong validation candidate	Cell-wall remodeling module	rhizome elongation or tuber/storage-organ expansion system	expression profiling across initiation/elongation stages; RNAi/CRISPR or overexpression in a tractable system
UGOseq_000002745	UGOseq_000002745|species=Beta_vulgaris|gene=LOC104886236|protein=Beta_vulgaris|gene=LOC104886236|len=545|source=XP_010669008.1|orthogroup=OG0000154	Beta_vulgaris	LOC104886236	Beta_vulgaris|gene=LOC104886236|len=545|source=XP_010669008.1	Beta_vulgaris|gene=LOC104886236|len=545|source=XP_010669008.1 PREDICTED: uncharacterized protein LOC104886236, partial [Beta vulgaris subsp. vulgaris]	OG0000154	4	XTH / xyloglucan cell-wall remodeling	Cell_wall_remodeling	Tier_A_plus_core_stable_with_lotus_or_ginger	1.0	0.791	Strong validation candidate	Cell-wall remodeling module	rhizome elongation or tuber/storage-organ expansion system	expression profiling across initiation/elongation stages; RNAi/CRISPR or overexpression in a tractable system
UGOseq_000002764	UGOseq_000002764|species=Beta_vulgaris|gene=LOC104886259|protein=Beta_vulgaris|gene=LOC104886259|len=237|source=XP_010669027.1|orthogroup=OG0000154	Beta_vulgaris	LOC104886259	Beta_vulgaris|gene=LOC104886259|len=237|source=XP_010669027.1	Beta_vulgaris|gene=LOC104886259|len=237|source=XP_010669027.1 PREDICTED: uncharacterized protein LOC104886259 [Beta vulgaris subsp. vulgaris]	OG0000154	4	XTH / xyloglucan cell-wall remodeling	Cell_wall_remodeling	Tier_A_plus_core_stable_with_lotus_or_ginger	1.0	0.791	Strong validation candidate	Cell-wall remodeling module	rhizome elongation or tuber/storage-organ expansion system	expression profiling across initiation/elongation stages; RNAi/CRISPR or overexpression in a tractable system
UGOseq_000002772	UGOseq_000002772|species=Beta_vulgaris|gene=LOC104886272|protein=Beta_vulgaris|gene=LOC104886272|len=294|source=XP_010669038.1|orthogroup=OG0000154	Beta_vulgaris	LOC104886272	Beta_vulgaris|gene=LOC104886272|len=294|source=XP_010669038.1	Beta_vulgaris|gene=LOC104886272|len=294|source=XP_010669038.1 PREDICTED: uncharacterized protein LOC104886272 [Beta vulgaris subsp. vulgaris]	OG0000154	4	XTH / xyloglucan cell-wall remodeling	Cell_wall_remodeling	Tier_A_plus_core_stable_with_lotus_or_ginger	1.0	0.791	Strong validation candidate	Cell-wall remodeling module	rhizome elongation or tuber/storage-organ expansion system	expression profiling across initiation/elongation stages; RNAi/CRISPR or overexpression in a tractable system
UGOseq_000002775	UGOseq_000002775|species=Beta_vulgaris|gene=LOC104886281|protein=Beta_vulgaris|gene=LOC104886281|len=299|source=XP_010669044.1|orthogroup=OG0000154	Beta_vulgaris	LOC104886281	Beta_vulgaris|gene=LOC104886281|len=299|source=XP_010669044.1	Beta_vulgaris|gene=LOC104886281|len=299|source=XP_010669044.1 PREDICTED: uncharacterized protein LOC104886281 [Beta vulgaris subsp. vulgaris]	OG0000154	4	XTH / xyloglucan cell-wall remodeling	Cell_wall_remodeling	Tier_A_plus_core_stable_with_lotus_or_ginger	1.0	0.791	Strong validation candidate	Cell-wall remodeling module	rhizome elongation or tuber/storage-organ expansion system	expression profiling across initiation/elongation stages; RNAi/CRISPR or overexpression in a tractable system
UGOseq_000002914	UGOseq_000002914|species=Beta_vulgaris|gene=LOC104886467|protein=Beta_vulgaris|gene=LOC104886467|len=335|source=XP_010669216.1|orthogroup=OG0000154	Beta_vulgaris	LOC104886467	Beta_vulgaris|gene=LOC104886467|len=335|source=XP_010669216.1	Beta_vulgaris|gene=LOC104886467|len=335|source=XP_010669216.1 PREDICTED: uncharacterized protein LOC104886467, partial [Beta vulgaris subsp. vulgaris]	OG0000154	4	XTH / xyloglucan cell-wall remodeling	Cell_wall_remodeling	Tier_A_plus_core_stable_with_lotus_or_ginger	1.0	0.791	Strong validation candidate	Cell-wall remodeling module	rhizome elongation or tuber/storage-organ expansion system	expression profiling across initiation/elongation stages; RNAi/CRISPR or overexpression in a tractable system
UGOseq_000003261	UGOseq_000003261|species=Beta_vulgaris|gene=LOC104886862|protein=Beta_vulgaris|gene=LOC104886862|len=505|source=XP_019103678.1|orthogroup=OG0000154	Beta_vulgaris	LOC104886862	Beta_vulgaris|gene=LOC104886862|len=505|source=XP_019103678.1	Beta_vulgaris|gene=LOC104886862|len=505|source=XP_019103678.1 PREDICTED: uncharacterized protein LOC104886862 [Beta vulgaris subsp. vulgaris]	OG0000154	4	XTH / xyloglucan cell-wall remodeling	Cell_wall_remodeling	Tier_A_plus_core_stable_with_lotus_or_ginger	1.0	0.791	Strong validation candidate	Cell-wall remodeling module	rhizome elongation or tuber/storage-organ expansion system	expression profiling across initiation/elongation stages; RNAi/CRISPR or overexpression in a tractable system
UGOseq_000003321	UGOseq_000003321|species=Beta_vulgaris|gene=LOC104886926|protein=Beta_vulgaris|gene=LOC104886926|len=329|source=XP_010669782.1|orthogroup=OG0000139	Beta_vulgaris	LOC104886926	Beta_vulgaris|gene=LOC104886926|len=329|source=XP_010669782.1	Beta_vulgaris|gene=LOC104886926|len=329|source=XP_010669782.1 PREDICTED: uncharacterized protein LOC104886926 [Beta vulgaris subsp. vulgaris]	OG0000139	1	MYB-like transcriptional regulator	Developmental_TF	Tier_A_core_supported_but_OG_split	1.0	0.173	Review before validation		developmental transition system with clear underground-organ initiation stage	stage-specific expression analysis and targeted perturbation of transcription factor homologs
UGOseq_000003383	UGOseq_000003383|species=Beta_vulgaris|gene=LOC104886993|protein=Beta_vulgaris|gene=LOC104886993|len=1547|source=XP_010669873.1|orthogroup=OG0000139	Beta_vulgaris	LOC104886993	Beta_vulgaris|gene=LOC104886993|len=1547|source=XP_010669873.1	Beta_vulgaris|gene=LOC104886993|len=1547|source=XP_010669873.1 PREDICTED: uncharacterized protein LOC104886993 [Beta vulgaris subsp. vulgaris]	OG0000139	1	MYB-like transcriptional regulator	Developmental_TF	Tier_A_core_supported_but_OG_split	1.0	0.173	Review before validation		developmental transition system with clear underground-organ initiation stage	stage-specific expression analysis and targeted perturbation of transcription factor homologs
UGOseq_000003459	UGOseq_000003459|species=Beta_vulgaris|gene=LOC104887082|protein=Beta_vulgaris|gene=LOC104887082|len=133|source=XP_010669970.1|orthogroup=OG0000154	Beta_vulgaris	LOC104887082	Beta_vulgaris|gene=LOC104887082|len=133|source=XP_010669970.1	Beta_vulgaris|gene=LOC104887082|len=133|source=XP_010669970.1 PREDICTED: CCHC-type zinc finger protein CG3800-like [Beta vulgaris subsp. vulgaris]	OG0000154	4	XTH / xyloglucan cell-wall remodeling	Cell_wall_remodeling	Tier_A_plus_core_stable_with_lotus_or_ginger	1.0	0.791	Strong validation candidate	Cell-wall remodeling module	rhizome elongation or tuber/storage-organ expansion system	expression profiling across initiation/elongation stages; RNAi/CRISPR or overexpression in a tractable system
UGOseq_000003672	UGOseq_000003672|species=Beta_vulgaris|gene=LOC104887340|protein=Beta_vulgaris|gene=LOC104887340|len=183|source=XP_010670258.1|orthogroup=OG0000139	Beta_vulgaris	LOC104887340	Beta_vulgaris|gene=LOC104887340|len=183|source=XP_010670258.1	Beta_vulgaris|gene=LOC104887340|len=183|source=XP_010670258.1 PREDICTED: uncharacterized protein LOC104887340 [Beta vulgaris subsp. vulgaris]	OG0000139	1	MYB-like transcriptional regulator	Developmental_TF	Tier_A_core_supported_but_OG_split	1.0	0.173	Review before validation		developmental transition system with clear underground-organ initiation stage	stage-specific expression analysis and targeted perturbation of transcription factor homologs
UGOseq_000003783	UGOseq_000003783|species=Beta_vulgaris|gene=LOC104887469|protein=Beta_vulgaris|gene=LOC104887469|len=308|source=XP_010670401.1|orthogroup=OG0000139	Beta_vulgaris	LOC104887469	Beta_vulgaris|gene=LOC104887469|len=308|source=XP_010670401.1	Beta_vulgaris|gene=LOC104887469|len=308|source=XP_010670401.1 PREDICTED: uncharacterized protein LOC104887469 [Beta vulgaris subsp. vulgaris]	OG0000139	1	MYB-like transcriptional regulator	Developmental_TF	Tier_A_core_supported_but_OG_split	1.0	0.173	Review before validation		developmental transition system with clear underground-organ initiation stage	stage-specific expression analysis and targeted perturbation of transcription factor homologs
UGOseq_000003924	UGOseq_000003924|species=Beta_vulgaris|gene=LOC104887622|protein=Beta_vulgaris|gene=LOC104887622|len=549|source=XP_010670595.1|orthogroup=OG0000139	Beta_vulgaris	LOC104887622	Beta_vulgaris|gene=LOC104887622|len=549|source=XP_010670595.1	Beta_vulgaris|gene=LOC104887622|len=549|source=XP_010670595.1 PREDICTED: uncharacterized protein LOC104887622 [Beta vulgaris subsp. vulgaris]	OG0000139	1	MYB-like transcriptional regulator	Developmental_TF	Tier_A_core_supported_but_OG_split	1.0	0.173	Review before validation		developmental transition system with clear underground-organ initiation stage	stage-specific expression analysis and targeted perturbation of transcription factor homologs
UGOseq_000004830	UGOseq_000004830|species=Beta_vulgaris|gene=LOC104888584|protein=Beta_vulgaris|gene=LOC104888584|len=1373|source=XP_010671909.1|orthogroup=OG0000139	Beta_vulgaris	LOC104888584	Beta_vulgaris|gene=LOC104888584|len=1373|source=XP_010671909.1	Beta_vulgaris|gene=LOC104888584|len=1373|source=XP_010671909.1 PREDICTED: uncharacterized protein LOC104888584 [Beta vulgaris subsp. vulgaris]	OG0000139	1	MYB-like transcriptional regulator	Developmental_TF	Tier_A_core_supported_but_OG_split	1.0	0.173	Review before validation		developmental transition system with clear underground-organ initiation stage	stage-specific expression analysis and targeted perturbation of transcription factor homologs
UGOseq_000005103	UGOseq_000005103|species=Beta_vulgaris|gene=LOC104888903|protein=Beta_vulgaris|gene=LOC104888903|len=303|source=XP_010672318.1|orthogroup=OG0000139	Beta_vulgaris	LOC104888903	Beta_vulgaris|gene=LOC104888903|len=303|source=XP_010672318.1	Beta_vulgaris|gene=LOC104888903|len=303|source=XP_010672318.1 PREDICTED: uncharacterized protein LOC104888903 [Beta vulgaris subsp. vulgaris]	OG0000139	1	MYB-like transcriptional regulator	Developmental_TF	Tier_A_core_supported_but_OG_split	1.0	0.173	Review before validation		developmental transition system with clear underground-organ initiation stage	stage-specific expression analysis and targeted perturbation of transcription factor homologs
UGOseq_000005288	UGOseq_000005288|species=Beta_vulgaris|gene=LOC104889112|protein=Beta_vulgaris|gene=LOC104889112|len=259|source=XP_010672558.1|orthogroup=OG0000139	Beta_vulgaris	LOC104889112	Beta_vulgaris|gene=LOC104889112|len=259|source=XP_010672558.1	Beta_vulgaris|gene=LOC104889112|len=259|source=XP_010672558.1 PREDICTED: uncharacterized protein LOC104889112 [Beta vulgaris subsp. vulgaris]	OG0000139	1	MYB-like transcriptional regulator	Developmental_TF	Tier_A_core_supported_but_OG_split	1.0	0.173	Review before validation		developmental transition system with clear underground-organ initiation stage	stage-specific expression analysis and targeted perturbation of transcription factor homologs
UGOseq_000005339	UGOseq_000005339|species=Beta_vulgaris|gene=LOC104889168|protein=Beta_vulgaris|gene=LOC104889168|len=1709|source=XP_010672625.1|orthogroup=OG0000139	Beta_vulgaris	LOC104889168	Beta_vulgaris|gene=LOC104889168|len=1709|source=XP_010672625.1	Beta_vulgaris|gene=LOC104889168|len=1709|source=XP_010672625.1 PREDICTED: uncharacterized protein LOC104889168 [Beta vulgaris subsp. vulgaris]	OG0000139	1	MYB-like transcriptional regulator	Developmental_TF	Tier_A_core_supported_but_OG_split	1.0	0.173	Review before validation		developmental transition system with clear underground-organ initiation stage	stage-specific expression analysis and targeted perturbation of transcription factor homologs
UGOseq_000005471	UGOseq_000005471|species=Beta_vulgaris|gene=LOC104889315|protein=Beta_vulgaris|gene=LOC104889315|len=352|source=XP_010672812.1|orthogroup=OG0000154	Beta_vulgaris	LOC104889315	Beta_vulgaris|gene=LOC104889315|len=352|source=XP_010672812.1	Beta_vulgaris|gene=LOC104889315|len=352|source=XP_010672812.1 PREDICTED: uncharacterized protein LOC104889315 [Beta vulgaris subsp. vulgaris]	OG0000154	4	XTH / xyloglucan cell-wall remodeling	Cell_wall_remodeling	Tier_A_plus_core_stable_with_lotus_or_ginger	1.0	0.791	Strong validation candidate	Cell-wall remodeling module	rhizome elongation or tuber/storage-organ expansion system	expression profiling across initiation/elongation stages; RNAi/CRISPR or overexpression in a tractable system
UGOseq_000005486	UGOseq_000005486|species=Beta_vulgaris|gene=LOC104889333|protein=Beta_vulgaris|gene=LOC104889333|len=824|source=XP_010672830.1|orthogroup=OG0000139	Beta_vulgaris	LOC104889333	Beta_vulgaris|gene=LOC104889333|len=824|source=XP_010672830.1	Beta_vulgaris|gene=LOC104889333|len=824|source=XP_010672830.1 PREDICTED: uncharacterized protein LOC104889333 [Beta vulgaris subsp. vulgaris]	OG0000139	1	MYB-like transcriptional regulator	Developmental_TF	Tier_A_core_supported_but_OG_split	1.0	0.173	Review before validation		developmental transition system with clear underground-organ initiation stage	stage-specific expression analysis and targeted perturbation of transcription factor homologs
UGOseq_000005726	UGOseq_000005726|species=Beta_vulgaris|gene=LOC104889595|protein=Beta_vulgaris|gene=LOC104889595|len=708|source=XP_010673155.1|orthogroup=OG0000139	Beta_vulgaris	LOC104889595	Beta_vulgaris|gene=LOC104889595|len=708|source=XP_010673155.1	Beta_vulgaris|gene=LOC104889595|len=708|source=XP_010673155.1 PREDICTED: uncharacterized protein LOC104889595 [Beta vulgaris subsp. vulgaris]	OG0000139	1	MYB-like transcriptional regulator	Developmental_TF	Tier_A_core_supported_but_OG_split	1.0	0.173	Review before validation		developmental transition system with clear underground-organ initiation stage	stage-specific expression analysis and targeted perturbation of transcription factor homologs
UGOseq_000005881	UGOseq_000005881|species=Beta_vulgaris|gene=LOC104889755|protein=Beta_vulgaris|gene=LOC104889755|len=1001|source=XP_010673355.1|orthogroup=OG0000139	Beta_vulgaris	LOC104889755	Beta_vulgaris|gene=LOC104889755|len=1001|source=XP_010673355.1	Beta_vulgaris|gene=LOC104889755|len=1001|source=XP_010673355.1 PREDICTED: uncharacterized protein LOC104889755 [Beta vulgaris subsp. vulgaris]	OG0000139	1	MYB-like transcriptional regulator	Developmental_TF	Tier_A_core_supported_but_OG_split	1.0	0.173	Review before validation		developmental transition system with clear underground-organ initiation stage	stage-specific expression analysis and targeted perturbation of transcription factor homologs
UGOseq_000006387	UGOseq_000006387|species=Beta_vulgaris|gene=LOC104890294|protein=Beta_vulgaris|gene=LOC104890294|len=989|source=XP_010674016.1|orthogroup=OG0000139	Beta_vulgaris	LOC104890294	Beta_vulgaris|gene=LOC104890294|len=989|source=XP_010674016.1	Beta_vulgaris|gene=LOC104890294|len=989|source=XP_010674016.1 PREDICTED: uncharacterized protein LOC104890294 [Beta vulgaris subsp. vulgaris]	OG0000139	1	MYB-like transcriptional regulator	Developmental_TF	Tier_A_core_supported_but_OG_split	1.0	0.173	Review before validation		developmental transition system with clear underground-organ initiation stage	stage-specific expression analysis and targeted perturbation of transcription factor homologs
UGOseq_000006556	UGOseq_000006556|species=Beta_vulgaris|gene=LOC104890473|protein=Beta_vulgaris|gene=LOC104890473|len=1103|source=XP_010674286.1|orthogroup=OG0000139	Beta_vulgaris	LOC104890473	Beta_vulgaris|gene=LOC104890473|len=1103|source=XP_010674286.1	Beta_vulgaris|gene=LOC104890473|len=1103|source=XP_010674286.1 PREDICTED: uncharacterized protein LOC104890473 [Beta vulgaris subsp. vulgaris]	OG0000139	1	MYB-like transcriptional regulator	Developmental_TF	Tier_A_core_supported_but_OG_split	1.0	0.173	Review before validation		developmental transition system with clear underground-organ initiation stage	stage-specific expression analysis and targeted perturbation of transcription factor homologs
UGOseq_000006793	UGOseq_000006793|species=Beta_vulgaris|gene=LOC104890735|protein=Beta_vulgaris|gene=LOC104890735|len=1375|source=XP_010674612.1|orthogroup=OG0000139	Beta_vulgaris	LOC104890735	Beta_vulgaris|gene=LOC104890735|len=1375|source=XP_010674612.1	Beta_vulgaris|gene=LOC104890735|len=1375|source=XP_010674612.1 PREDICTED: uncharacterized protein LOC104890735 [Beta vulgaris subsp. vulgaris]	OG0000139	1	MYB-like transcriptional regulator	Developmental_TF	Tier_A_core_supported_but_OG_split	1.0	0.173	Review before validation		developmental transition system with clear underground-organ initiation stage	stage-specific expression analysis and targeted perturbation of transcription factor homologs
UGOseq_000006985	UGOseq_000006985|species=Beta_vulgaris|gene=LOC104890943|protein=Beta_vulgaris|gene=LOC104890943|len=169|source=XP_010674863.1|orthogroup=OG0000154	Beta_vulgaris	LOC104890943	Beta_vulgaris|gene=LOC104890943|len=169|source=XP_010674863.1	Beta_vulgaris|gene=LOC104890943|len=169|source=XP_010674863.1 PREDICTED: cold shock protein 1-like [Beta vulgaris subsp. vulgaris]	OG0000154	4	XTH / xyloglucan cell-wall remodeling	Cell_wall_remodeling	Tier_A_plus_core_stable_with_lotus_or_ginger	1.0	0.791	Strong validation candidate	Cell-wall remodeling module	rhizome elongation or tuber/storage-organ expansion system	expression profiling across initiation/elongation stages; RNAi/CRISPR or overexpression in a tractable system
UGOseq_000007281	UGOseq_000007281|species=Beta_vulgaris|gene=LOC104891289|protein=Beta_vulgaris|gene=LOC104891289|len=308|source=XP_010675260.1|orthogroup=OG0000139	Beta_vulgaris	LOC104891289	Beta_vulgaris|gene=LOC104891289|len=308|source=XP_010675260.1	Beta_vulgaris|gene=LOC104891289|len=308|source=XP_010675260.1 PREDICTED: uncharacterized protein LOC104891289 [Beta vulgaris subsp. vulgaris]	OG0000139	1	MYB-like transcriptional regulator	Developmental_TF	Tier_A_core_supported_but_OG_split	1.0	0.173	Review before validation		developmental transition system with clear underground-organ initiation stage	stage-specific expression analysis and targeted perturbation of transcription factor homologs
UGOseq_000007359	UGOseq_000007359|species=Beta_vulgaris|gene=LOC104891378|protein=Beta_vulgaris|gene=LOC104891378|len=96|source=XP_010675365.1|orthogroup=OG0000154	Beta_vulgaris	LOC104891378	Beta_vulgaris|gene=LOC104891378|len=96|source=XP_010675365.1	Beta_vulgaris|gene=LOC104891378|len=96|source=XP_010675365.1 PREDICTED: DNA-binding protein HEXBP-like [Beta vulgaris subsp. vulgaris]	OG0000154	4	XTH / xyloglucan cell-wall remodeling	Cell_wall_remodeling	Tier_A_plus_core_stable_with_lotus_or_ginger	1.0	0.791	Strong validation candidate	Cell-wall remodeling module	rhizome elongation or tuber/storage-organ expansion system	expression profiling across initiation/elongation stages; RNAi/CRISPR or overexpression in a tractable system
UGOseq_000007512	UGOseq_000007512|species=Beta_vulgaris|gene=LOC104891549|protein=Beta_vulgaris|gene=LOC104891549|len=267|source=XP_010675556.1|orthogroup=OG0000139	Beta_vulgaris	LOC104891549	Beta_vulgaris|gene=LOC104891549|len=267|source=XP_010675556.1	Beta_vulgaris|gene=LOC104891549|len=267|source=XP_010675556.1 PREDICTED: uncharacterized protein LOC104891549 [Beta vulgaris subsp. vulgaris]	OG0000139	1	MYB-like transcriptional regulator	Developmental_TF	Tier_A_core_supported_but_OG_split	1.0	0.173	Review before validation		developmental transition system with clear underground-organ initiation stage	stage-specific expression analysis and targeted perturbation of transcription factor homologs
UGOseq_000007858	UGOseq_000007858|species=Beta_vulgaris|gene=LOC104891936|protein=Beta_vulgaris|gene=LOC104891936|len=1342|source=XP_010676026.1|orthogroup=OG0000139	Beta_vulgaris	LOC104891936	Beta_vulgaris|gene=LOC104891936|len=1342|source=XP_010676026.1	Beta_vulgaris|gene=LOC104891936|len=1342|source=XP_010676026.1 PREDICTED: uncharacterized protein LOC104891936 [Beta vulgaris subsp. vulgaris]	OG0000139	1	MYB-like transcriptional regulator	Developmental_TF	Tier_A_core_supported_but_OG_split	1.0	0.173	Review before validation		developmental transition system with clear underground-organ initiation stage	stage-specific expression analysis and targeted perturbation of transcription factor homologs
UGOseq_000007945	UGOseq_000007945|species=Beta_vulgaris|gene=LOC104892032|protein=Beta_vulgaris|gene=LOC104892032|len=436|source=XP_010676147.2|orthogroup=OG0000154	Beta_vulgaris	LOC104892032	Beta_vulgaris|gene=LOC104892032|len=436|source=XP_010676147.2	Beta_vulgaris|gene=LOC104892032|len=436|source=XP_010676147.2 PREDICTED: uncharacterized protein LOC104892032 [Beta vulgaris subsp. vulgaris]	OG0000154	4	XTH / xyloglucan cell-wall remodeling	Cell_wall_remodeling	Tier_A_plus_core_stable_with_lotus_or_ginger	1.0	0.791	Strong validation candidate	Cell-wall remodeling module	rhizome elongation or tuber/storage-organ expansion system	expression profiling across initiation/elongation stages; RNAi/CRISPR or overexpression in a tractable system
UGOseq_000008544	UGOseq_000008544|species=Beta_vulgaris|gene=LOC104892675|protein=Beta_vulgaris|gene=LOC104892675|len=917|source=XP_010676966.1|orthogroup=OG0000139	Beta_vulgaris	LOC104892675	Beta_vulgaris|gene=LOC104892675|len=917|source=XP_010676966.1	Beta_vulgaris|gene=LOC104892675|len=917|source=XP_010676966.1 PREDICTED: uncharacterized protein LOC104892675 [Beta vulgaris subsp. vulgaris]	OG0000139	1	MYB-like transcriptional regulator	Developmental_TF	Tier_A_core_supported_but_OG_split	1.0	0.173	Review before validation		developmental transition system with clear underground-organ initiation stage	stage-specific expression analysis and targeted perturbation of transcription factor homologs
UGOseq_000008568	UGOseq_000008568|species=Beta_vulgaris|gene=LOC104892705|protein=Beta_vulgaris|gene=LOC104892705|len=832|source=XP_010676995.1|orthogroup=OG0000139	Beta_vulgaris	LOC104892705	Beta_vulgaris|gene=LOC104892705|len=832|source=XP_010676995.1	Beta_vulgaris|gene=LOC104892705|len=832|source=XP_010676995.1 PREDICTED: uncharacterized protein LOC104892705 [Beta vulgaris subsp. vulgaris]	OG0000139	1	MYB-like transcriptional regulator	Developmental_TF	Tier_A_core_supported_but_OG_split	1.0	0.173	Review before validation		developmental transition system with clear underground-organ initiation stage	stage-specific expression analysis and targeted perturbation of transcription factor homologs
UGOseq_000008584	UGOseq_000008584|species=Beta_vulgaris|gene=LOC104892729|protein=Beta_vulgaris|gene=LOC104892729|len=1059|source=XP_010677018.1|orthogroup=OG0000139	Beta_vulgaris	LOC104892729	Beta_vulgaris|gene=LOC104892729|len=1059|source=XP_010677018.1	Beta_vulgaris|gene=LOC104892729|len=1059|source=XP_010677018.1 PREDICTED: uncharacterized protein LOC104892729 [Beta vulgaris subsp. vulgaris]	OG0000139	1	MYB-like transcriptional regulator	Developmental_TF	Tier_A_core_supported_but_OG_split	1.0	0.173	Review before validation		developmental transition system with clear underground-organ initiation stage	stage-specific expression analysis and targeted perturbation of transcription factor homologs
UGOseq_000008707	UGOseq_000008707|species=Beta_vulgaris|gene=LOC104892865|protein=Beta_vulgaris|gene=LOC104892865|len=1103|source=XP_010677188.1|orthogroup=OG0000139	Beta_vulgaris	LOC104892865	Beta_vulgaris|gene=LOC104892865|len=1103|source=XP_010677188.1	Beta_vulgaris|gene=LOC104892865|len=1103|source=XP_010677188.1 PREDICTED: uncharacterized protein LOC104892865 [Beta vulgaris subsp. vulgaris]	OG0000139	1	MYB-like transcriptional regulator	Developmental_TF	Tier_A_core_supported_but_OG_split	1.0	0.173	Review before validation		developmental transition system with clear underground-organ initiation stage	stage-specific expression analysis and targeted perturbation of transcription factor homologs
UGOseq_000008747	UGOseq_000008747|species=Beta_vulgaris|gene=LOC104892909|protein=Beta_vulgaris|gene=LOC104892909|len=649|source=XP_010677236.1|orthogroup=OG0000767	Beta_vulgaris	LOC104892909	Beta_vulgaris|gene=LOC104892909|len=649|source=XP_010677236.1	Beta_vulgaris|gene=LOC104892909|len=649|source=XP_010677236.1 PREDICTED: transcription factor MYC2 [Beta vulgaris subsp. vulgaris]	OG0000767	11	bHLH-like transcriptional regulator	Developmental_TF	Tier_A_supported_main_text_candidate	0.678	0.821	Strong validation candidate		developmental transition system with clear underground-organ initiation stage	stage-specific expression analysis and targeted perturbation of transcription factor homologs
UGOseq_000008823	UGOseq_000008823|species=Beta_vulgaris|gene=LOC104892995|protein=Beta_vulgaris|gene=LOC104892995|len=470|source=XP_010677327.1|orthogroup=OG0000139	Beta_vulgaris	LOC104892995	Beta_vulgaris|gene=LOC104892995|len=470|source=XP_010677327.1	Beta_vulgaris|gene=LOC104892995|len=470|source=XP_010677327.1 PREDICTED: uncharacterized protein LOC104892995 [Beta vulgaris subsp. vulgaris]	OG0000139	1	MYB-like transcriptional regulator	Developmental_TF	Tier_A_core_supported_but_OG_split	1.0	0.173	Review before validation		developmental transition system with clear underground-organ initiation stage	stage-specific expression analysis and targeted perturbation of transcription factor homologs
UGOseq_000009064	UGOseq_000009064|species=Beta_vulgaris|gene=LOC104893281|protein=Beta_vulgaris|gene=LOC104893281|len=623|source=XP_010677682.1|orthogroup=OG0000139	Beta_vulgaris	LOC104893281	Beta_vulgaris|gene=LOC104893281|len=623|source=XP_010677682.1	Beta_vulgaris|gene=LOC104893281|len=623|source=XP_010677682.1 PREDICTED: uncharacterized protein LOC104893281 [Beta vulgaris subsp. vulgaris]	OG0000139	1	MYB-like transcriptional regulator	Developmental_TF	Tier_A_core_supported_but_OG_split	1.0	0.173	Review before validation		developmental transition system with clear underground-organ initiation stage	stage-specific expression analysis and targeted perturbation of transcription factor homologs
UGOseq_000009074	UGOseq_000009074|species=Beta_vulgaris|gene=LOC104893292|protein=Beta_vulgaris|gene=LOC104893292|len=1373|source=XP_010677694.1|orthogroup=OG0000139	Beta_vulgaris	LOC104893292	Beta_vulgaris|gene=LOC104893292|len=1373|source=XP_010677694.1	Beta_vulgaris|gene=LOC104893292|len=1373|source=XP_010677694.1 PREDICTED: uncharacterized protein LOC104893292 [Beta vulgaris subsp. vulgaris]	OG0000139	1	MYB-like transcriptional regulator	Developmental_TF	Tier_A_core_supported_but_OG_split	1.0	0.173	Review before validation		developmental transition system with clear underground-organ initiation stage	stage-specific expression analysis and targeted perturbation of transcription factor homologs
UGOseq_000009113	UGOseq_000009113|species=Beta_vulgaris|gene=LOC104893339|protein=Beta_vulgaris|gene=LOC104893339|len=323|source=XP_010677737.1|orthogroup=OG0000139	Beta_vulgaris	LOC104893339	Beta_vulgaris|gene=LOC104893339|len=323|source=XP_010677737.1	Beta_vulgaris|gene=LOC104893339|len=323|source=XP_010677737.1 PREDICTED: uncharacterized protein LOC104893339 [Beta vulgaris subsp. vulgaris]	OG0000139	1	MYB-like transcriptional regulator	Developmental_TF	Tier_A_core_supported_but_OG_split	1.0	0.173	Review before validation		developmental transition system with clear underground-organ initiation stage	stage-specific expression analysis and targeted perturbation of transcription factor homologs
UGOseq_000009193	UGOseq_000009193|species=Beta_vulgaris|gene=LOC104893430|protein=Beta_vulgaris|gene=LOC104893430|len=280|source=XP_010677840.1|orthogroup=OG0000154	Beta_vulgaris	LOC104893430	Beta_vulgaris|gene=LOC104893430|len=280|source=XP_010677840.1	Beta_vulgaris|gene=LOC104893430|len=280|source=XP_010677840.1 PREDICTED: uncharacterized protein LOC104893430 [Beta vulgaris subsp. vulgaris]	OG0000154	4	XTH / xyloglucan cell-wall remodeling	Cell_wall_remodeling	Tier_A_plus_core_stable_with_lotus_or_ginger	1.0	0.791	Strong validation candidate	Cell-wall remodeling module	rhizome elongation or tuber/storage-organ expansion system	expression profiling across initiation/elongation stages; RNAi/CRISPR or overexpression in a tractable system
UGOseq_000009235	UGOseq_000009235|species=Beta_vulgaris|gene=LOC104893489|protein=Beta_vulgaris|gene=LOC104893489|len=191|source=XP_010677896.1|orthogroup=OG0000154	Beta_vulgaris	LOC104893489	Beta_vulgaris|gene=LOC104893489|len=191|source=XP_010677896.1	Beta_vulgaris|gene=LOC104893489|len=191|source=XP_010677896.1 PREDICTED: serine/arginine-rich splicing factor RS2Z32-like [Beta vulgaris subsp. vulgaris]	OG0000154	4	XTH / xyloglucan cell-wall remodeling	Cell_wall_remodeling	Tier_A_plus_core_stable_with_lotus_or_ginger	1.0	0.791	Strong validation candidate	Cell-wall remodeling module	rhizome elongation or tuber/storage-organ expansion system	expression profiling across initiation/elongation stages; RNAi/CRISPR or overexpression in a tractable system
UGOseq_000009327	UGOseq_000009327|species=Beta_vulgaris|gene=LOC104893595|protein=Beta_vulgaris|gene=LOC104893595|len=831|source=XP_010678024.1|orthogroup=OG0000139	Beta_vulgaris	LOC104893595	Beta_vulgaris|gene=LOC104893595|len=831|source=XP_010678024.1	Beta_vulgaris|gene=LOC104893595|len=831|source=XP_010678024.1 PREDICTED: uncharacterized protein LOC104893595 [Beta vulgaris subsp. vulgaris]	OG0000139	1	MYB-like transcriptional regulator	Developmental_TF	Tier_A_core_supported_but_OG_split	1.0	0.173	Review before validation		developmental transition system with clear underground-organ initiation stage	stage-specific expression analysis and targeted perturbation of transcription factor homologs
UGOseq_000009440	UGOseq_000009440|species=Beta_vulgaris|gene=LOC104893741|protein=Beta_vulgaris|gene=LOC104893741|len=262|source=XP_010678175.1|orthogroup=OG0000154	Beta_vulgaris	LOC104893741	Beta_vulgaris|gene=LOC104893741|len=262|source=XP_010678175.1	Beta_vulgaris|gene=LOC104893741|len=262|source=XP_010678175.1 PREDICTED: uncharacterized protein LOC104893741 [Beta vulgaris subsp. vulgaris]	OG0000154	4	XTH / xyloglucan cell-wall remodeling	Cell_wall_remodeling	Tier_A_plus_core_stable_with_lotus_or_ginger	1.0	0.791	Strong validation candidate	Cell-wall remodeling module	rhizome elongation or tuber/storage-organ expansion system	expression profiling across initiation/elongation stages; RNAi/CRISPR or overexpression in a tractable system
UGOseq_000009479	UGOseq_000009479|species=Beta_vulgaris|gene=LOC104893796|protein=Beta_vulgaris|gene=LOC104893796|len=421|source=XP_010678233.2|orthogroup=OG0000154	Beta_vulgaris	LOC104893796	Beta_vulgaris|gene=LOC104893796|len=421|source=XP_010678233.2	Beta_vulgaris|gene=LOC104893796|len=421|source=XP_010678233.2 PREDICTED: uncharacterized protein LOC104893796 [Beta vulgaris subsp. vulgaris]	OG0000154	4	XTH / xyloglucan cell-wall remodeling	Cell_wall_remodeling	Tier_A_plus_core_stable_with_lotus_or_ginger	1.0	0.791	Strong validation candidate	Cell-wall remodeling module	rhizome elongation or tuber/storage-organ expansion system	expression profiling across initiation/elongation stages; RNAi/CRISPR or overexpression in a tractable system
UGOseq_000009611	UGOseq_000009611|species=Beta_vulgaris|gene=LOC104893961|protein=Beta_vulgaris|gene=LOC104893961|len=365|source=XP_010678406.1|orthogroup=OG0000139	Beta_vulgaris	LOC104893961	Beta_vulgaris|gene=LOC104893961|len=365|source=XP_010678406.1	Beta_vulgaris|gene=LOC104893961|len=365|source=XP_010678406.1 PREDICTED: uncharacterized protein LOC104893961 [Beta vulgaris subsp. vulgaris]	OG0000139	1	MYB-like transcriptional regulator	Developmental_TF	Tier_A_core_supported_but_OG_split	1.0	0.173	Review before validation		developmental transition system with clear underground-organ initiation stage	stage-specific expression analysis and targeted perturbation of transcription factor homologs
UGOseq_000009727	UGOseq_000009727|species=Beta_vulgaris|gene=LOC104894083|protein=Beta_vulgaris|gene=LOC104894083|len=1224|source=XP_010678551.1|orthogroup=OG0000139	Beta_vulgaris	LOC104894083	Beta_vulgaris|gene=LOC104894083|len=1224|source=XP_010678551.1	Beta_vulgaris|gene=LOC104894083|len=1224|source=XP_010678551.1 PREDICTED: uncharacterized protein LOC104894083 [Beta vulgaris subsp. vulgaris]	OG0000139	1	MYB-like transcriptional regulator	Developmental_TF	Tier_A_core_supported_but_OG_split	1.0	0.173	Review before validation		developmental transition system with clear underground-organ initiation stage	stage-specific expression analysis and targeted perturbation of transcription factor homologs
UGOseq_000010271	UGOseq_000010271|species=Beta_vulgaris|gene=LOC104894690|protein=Beta_vulgaris|gene=LOC104894690|len=1373|source=XP_010679283.1|orthogroup=OG0000139	Beta_vulgaris	LOC104894690	Beta_vulgaris|gene=LOC104894690|len=1373|source=XP_010679283.1	Beta_vulgaris|gene=LOC104894690|len=1373|source=XP_010679283.1 PREDICTED: uncharacterized protein LOC104894690 [Beta vulgaris subsp. vulgaris]	OG0000139	1	MYB-like transcriptional regulator	Developmental_TF	Tier_A_core_supported_but_OG_split	1.0	0.173	Review before validation		developmental transition system with clear underground-organ initiation stage	stage-specific expression analysis and targeted perturbation of transcription factor homologs
UGOseq_000010865	UGOseq_000010865|species=Beta_vulgaris|gene=LOC104895320|protein=Beta_vulgaris|gene=LOC104895320|len=327|source=XP_010680090.1|orthogroup=OG0000154	Beta_vulgaris	LOC104895320	Beta_vulgaris|gene=LOC104895320|len=327|source=XP_010680090.1	Beta_vulgaris|gene=LOC104895320|len=327|source=XP_010680090.1 PREDICTED: uncharacterized protein LOC104895320 [Beta vulgaris subsp. vulgaris]	OG0000154	4	XTH / xyloglucan cell-wall remodeling	Cell_wall_remodeling	Tier_A_plus_core_stable_with_lotus_or_ginger	1.0	0.791	Strong validation candidate	Cell-wall remodeling module	rhizome elongation or tuber/storage-organ expansion system	expression profiling across initiation/elongation stages; RNAi/CRISPR or overexpression in a tractable system
UGOseq_000011641	UGOseq_000011641|species=Beta_vulgaris|gene=LOC104896166|protein=Beta_vulgaris|gene=LOC104896166|len=329|source=XP_010681186.1|orthogroup=OG0000139	Beta_vulgaris	LOC104896166	Beta_vulgaris|gene=LOC104896166|len=329|source=XP_010681186.1	Beta_vulgaris|gene=LOC104896166|len=329|source=XP_010681186.1 PREDICTED: uncharacterized protein LOC104896166 [Beta vulgaris subsp. vulgaris]	OG0000139	1	MYB-like transcriptional regulator	Developmental_TF	Tier_A_core_supported_but_OG_split	1.0	0.173	Review before validation		developmental transition system with clear underground-organ initiation stage	stage-specific expression analysis and targeted perturbation of transcription factor homologs
UGOseq_000011642	UGOseq_000011642|species=Beta_vulgaris|gene=LOC104896167|protein=Beta_vulgaris|gene=LOC104896167|len=308|source=XP_010681188.1|orthogroup=OG0000139	Beta_vulgaris	LOC104896167	Beta_vulgaris|gene=LOC104896167|len=308|source=XP_010681188.1	Beta_vulgaris|gene=LOC104896167|len=308|source=XP_010681188.1 PREDICTED: uncharacterized protein LOC104896167 [Beta vulgaris subsp. vulgaris]	OG0000139	1	MYB-like transcriptional regulator	Developmental_TF	Tier_A_core_supported_but_OG_split	1.0	0.173	Review before validation		developmental transition system with clear underground-organ initiation stage	stage-specific expression analysis and targeted perturbation of transcription factor homologs
UGOseq_000011714	UGOseq_000011714|species=Beta_vulgaris|gene=LOC104896248|protein=Beta_vulgaris|gene=LOC104896248|len=744|source=XP_010681266.1|orthogroup=OG0000139	Beta_vulgaris	LOC104896248	Beta_vulgaris|gene=LOC104896248|len=744|source=XP_010681266.1	Beta_vulgaris|gene=LOC104896248|len=744|source=XP_010681266.1 PREDICTED: uncharacterized protein LOC104896248 [Beta vulgaris subsp. vulgaris]	OG0000139	1	MYB-like transcriptional regulator	Developmental_TF	Tier_A_core_supported_but_OG_split	1.0	0.173	Review before validation		developmental transition system with clear underground-organ initiation stage	stage-specific expression analysis and targeted perturbation of transcription factor homologs
UGOseq_000011827	UGOseq_000011827|species=Beta_vulgaris|gene=LOC104896378|protein=Beta_vulgaris|gene=LOC104896378|len=253|source=XP_010681427.1|orthogroup=OG0000154	Beta_vulgaris	LOC104896378	Beta_vulgaris|gene=LOC104896378|len=253|source=XP_010681427.1	Beta_vulgaris|gene=LOC104896378|len=253|source=XP_010681427.1 PREDICTED: uncharacterized protein LOC104896378 [Beta vulgaris subsp. vulgaris]	OG0000154	4	XTH / xyloglucan cell-wall remodeling	Cell_wall_remodeling	Tier_A_plus_core_stable_with_lotus_or_ginger	1.0	0.791	Strong validation candidate	Cell-wall remodeling module	rhizome elongation or tuber/storage-organ expansion system	expression profiling across initiation/elongation stages; RNAi/CRISPR or overexpression in a tractable system
UGOseq_000011851	UGOseq_000011851|species=Beta_vulgaris|gene=LOC104896405|protein=Beta_vulgaris|gene=LOC104896405|len=838|source=XP_010681457.1|orthogroup=OG0000139	Beta_vulgaris	LOC104896405	Beta_vulgaris|gene=LOC104896405|len=838|source=XP_010681457.1	Beta_vulgaris|gene=LOC104896405|len=838|source=XP_010681457.1 PREDICTED: uncharacterized protein LOC104896405 [Beta vulgaris subsp. vulgaris]	OG0000139	1	MYB-like transcriptional regulator	Developmental_TF	Tier_A_core_supported_but_OG_split	1.0	0.173	Review before validation		developmental transition system with clear underground-organ initiation stage	stage-specific expression analysis and targeted perturbation of transcription factor homologs
UGOseq_000011949	UGOseq_000011949|species=Beta_vulgaris|gene=LOC104896534|protein=Beta_vulgaris|gene=LOC104896534|len=158|source=XP_010681593.1|orthogroup=OG0000139	Beta_vulgaris	LOC104896534	Beta_vulgaris|gene=LOC104896534|len=158|source=XP_010681593.1	Beta_vulgaris|gene=LOC104896534|len=158|source=XP_010681593.1 PREDICTED: uncharacterized protein LOC104896534 [Beta vulgaris subsp. vulgaris]	OG0000139	1	MYB-like transcriptional regulator	Developmental_TF	Tier_A_core_supported_but_OG_split	1.0	0.173	Review before validation		developmental transition system with clear underground-organ initiation stage	stage-specific expression analysis and targeted perturbation of transcription factor homologs
UGOseq_000011955	UGOseq_000011955|species=Beta_vulgaris|gene=LOC104896541|protein=Beta_vulgaris|gene=LOC104896541|len=1118|source=XP_010681601.1|orthogroup=OG0000139	Beta_vulgaris	LOC104896541	Beta_vulgaris|gene=LOC104896541|len=1118|source=XP_010681601.1	Beta_vulgaris|gene=LOC104896541|len=1118|source=XP_010681601.1 PREDICTED: uncharacterized protein LOC104896541 [Beta vulgaris subsp. vulgaris]	OG0000139	1	MYB-like transcriptional regulator	Developmental_TF	Tier_A_core_supported_but_OG_split	1.0	0.173	Review before validation		developmental transition system with clear underground-organ initiation stage	stage-specific expression analysis and targeted perturbation of transcription factor homologs
UGOseq_000012015	UGOseq_000012015|species=Beta_vulgaris|gene=LOC104896616|protein=Beta_vulgaris|gene=LOC104896616|len=1160|source=XP_010681687.1|orthogroup=OG0000139	Beta_vulgaris	LOC104896616	Beta_vulgaris|gene=LOC104896616|len=1160|source=XP_010681687.1	Beta_vulgaris|gene=LOC104896616|len=1160|source=XP_010681687.1 PREDICTED: uncharacterized protein LOC104896616 [Beta vulgaris subsp. vulgaris]	OG0000139	1	MYB-like transcriptional regulator	Developmental_TF	Tier_A_core_supported_but_OG_split	1.0	0.173	Review before validation		developmental transition system with clear underground-organ initiation stage	stage-specific expression analysis and targeted perturbation of transcription factor homologs
UGOseq_000012105	UGOseq_000012105|species=Beta_vulgaris|gene=LOC104896731|protein=Beta_vulgaris|gene=LOC104896731|len=322|source=XP_010681824.1|orthogroup=OG0000139	Beta_vulgaris	LOC104896731	Beta_vulgaris|gene=LOC104896731|len=322|source=XP_010681824.1	Beta_vulgaris|gene=LOC104896731|len=322|source=XP_010681824.1 PREDICTED: uncharacterized protein LOC104896731 [Beta vulgaris subsp. vulgaris]	OG0000139	1	MYB-like transcriptional regulator	Developmental_TF	Tier_A_core_supported_but_OG_split	1.0	0.173	Review before validation		developmental transition system with clear underground-organ initiation stage	stage-specific expression analysis and targeted perturbation of transcription factor homologs
UGOseq_000012143	UGOseq_000012143|species=Beta_vulgaris|gene=LOC104896776|protein=Beta_vulgaris|gene=LOC104896776|len=142|source=XP_010681871.1|orthogroup=OG0000139	Beta_vulgaris	LOC104896776	Beta_vulgaris|gene=LOC104896776|len=142|source=XP_010681871.1	Beta_vulgaris|gene=LOC104896776|len=142|source=XP_010681871.1 PREDICTED: uncharacterized protein LOC104896776 [Beta vulgaris subsp. vulgaris]	OG0000139	1	MYB-like transcriptional regulator	Developmental_TF	Tier_A_core_supported_but_OG_split	1.0	0.173	Review before validation		developmental transition system with clear underground-organ initiation stage	stage-specific expression analysis and targeted perturbation of transcription factor homologs
UGOseq_000012144	UGOseq_000012144|species=Beta_vulgaris|gene=LOC104896777|protein=Beta_vulgaris|gene=LOC104896777|len=217|source=XP_010681872.1|orthogroup=OG0000154	Beta_vulgaris	LOC104896777	Beta_vulgaris|gene=LOC104896777|len=217|source=XP_010681872.1	Beta_vulgaris|gene=LOC104896777|len=217|source=XP_010681872.1 PREDICTED: uncharacterized protein LOC104896777 [Beta vulgaris subsp. vulgaris]	OG0000154	4	XTH / xyloglucan cell-wall remodeling	Cell_wall_remodeling	Tier_A_plus_core_stable_with_lotus_or_ginger	1.0	0.791	Strong validation candidate	Cell-wall remodeling module	rhizome elongation or tuber/storage-organ expansion system	expression profiling across initiation/elongation stages; RNAi/CRISPR or overexpression in a tractable system
UGOseq_000012238	UGOseq_000012238|species=Beta_vulgaris|gene=LOC104896909|protein=Beta_vulgaris|gene=LOC104896909|len=296|source=XP_010681998.1|orthogroup=OG0000154	Beta_vulgaris	LOC104896909	Beta_vulgaris|gene=LOC104896909|len=296|source=XP_010681998.1	Beta_vulgaris|gene=LOC104896909|len=296|source=XP_010681998.1 PREDICTED: uncharacterized protein LOC104896909 [Beta vulgaris subsp. vulgaris]	OG0000154	4	XTH / xyloglucan cell-wall remodeling	Cell_wall_remodeling	Tier_A_plus_core_stable_with_lotus_or_ginger	1.0	0.791	Strong validation candidate	Cell-wall remodeling module	rhizome elongation or tuber/storage-organ expansion system	expression profiling across initiation/elongation stages; RNAi/CRISPR or overexpression in a tractable system
UGOseq_000012576	UGOseq_000012576|species=Beta_vulgaris|gene=LOC104897312|protein=Beta_vulgaris|gene=LOC104897312|len=1112|source=XP_010682474.1|orthogroup=OG0000139	Beta_vulgaris	LOC104897312	Beta_vulgaris|gene=LOC104897312|len=1112|source=XP_010682474.1	Beta_vulgaris|gene=LOC104897312|len=1112|source=XP_010682474.1 PREDICTED: uncharacterized protein LOC104897312 [Beta vulgaris subsp. vulgaris]	OG0000139	1	MYB-like transcriptional regulator	Developmental_TF	Tier_A_core_supported_but_OG_split	1.0	0.173	Review before validation		developmental transition system with clear underground-organ initiation stage	stage-specific expression analysis and targeted perturbation of transcription factor homologs
UGOseq_000012580	UGOseq_000012580|species=Beta_vulgaris|gene=LOC104897316|protein=Beta_vulgaris|gene=LOC104897316|len=1192|source=XP_010682478.1|orthogroup=OG0000139	Beta_vulgaris	LOC104897316	Beta_vulgaris|gene=LOC104897316|len=1192|source=XP_010682478.1	Beta_vulgaris|gene=LOC104897316|len=1192|source=XP_010682478.1 PREDICTED: uncharacterized protein LOC104897316 [Beta vulgaris subsp. vulgaris]	OG0000139	1	MYB-like transcriptional regulator	Developmental_TF	Tier_A_core_supported_but_OG_split	1.0	0.173	Review before validation		developmental transition system with clear underground-organ initiation stage	stage-specific expression analysis and targeted perturbation of transcription factor homologs
UGOseq_000012602	UGOseq_000012602|species=Beta_vulgaris|gene=LOC104897344|protein=Beta_vulgaris|gene=LOC104897344|len=307|source=XP_010682505.1|orthogroup=OG0000139	Beta_vulgaris	LOC104897344	Beta_vulgaris|gene=LOC104897344|len=307|source=XP_010682505.1	Beta_vulgaris|gene=LOC104897344|len=307|source=XP_010682505.1 PREDICTED: uncharacterized protein LOC104897344 [Beta vulgaris subsp. vulgaris]	OG0000139	1	MYB-like transcriptional regulator	Developmental_TF	Tier_A_core_supported_but_OG_split	1.0	0.173	Review before validation		developmental transition system with clear underground-organ initiation stage	stage-specific expression analysis and targeted perturbation of transcription factor homologs
UGOseq_000012930	UGOseq_000012930|species=Beta_vulgaris|gene=LOC104897699|protein=Beta_vulgaris|gene=LOC104897699|len=326|source=XP_010682938.1|orthogroup=OG0000139	Beta_vulgaris	LOC104897699	Beta_vulgaris|gene=LOC104897699|len=326|source=XP_010682938.1	Beta_vulgaris|gene=LOC104897699|len=326|source=XP_010682938.1 PREDICTED: uncharacterized protein LOC104897699 [Beta vulgaris subsp. vulgaris]	OG0000139	1	MYB-like transcriptional regulator	Developmental_TF	Tier_A_core_supported_but_OG_split	1.0	0.173	Review before validation		developmental transition system with clear underground-organ initiation stage	stage-specific expression analysis and targeted perturbation of transcription factor homologs
UGOseq_000012934	UGOseq_000012934|species=Beta_vulgaris|gene=LOC104897703|protein=Beta_vulgaris|gene=LOC104897703|len=386|source=XP_010682942.1|orthogroup=OG0000139	Beta_vulgaris	LOC104897703	Beta_vulgaris|gene=LOC104897703|len=386|source=XP_010682942.1	Beta_vulgaris|gene=LOC104897703|len=386|source=XP_010682942.1 PREDICTED: uncharacterized protein LOC104897703 [Beta vulgaris subsp. vulgaris]	OG0000139	1	MYB-like transcriptional regulator	Developmental_TF	Tier_A_core_supported_but_OG_split	1.0	0.173	Review before validation		developmental transition system with clear underground-organ initiation stage	stage-specific expression analysis and targeted perturbation of transcription factor homologs
UGOseq_000013092	UGOseq_000013092|species=Beta_vulgaris|gene=LOC104897876|protein=Beta_vulgaris|gene=LOC104897876|len=274|source=XP_010683140.1|orthogroup=OG0000273	Beta_vulgaris	LOC104897876	Beta_vulgaris|gene=LOC104897876|len=274|source=XP_010683140.1	Beta_vulgaris|gene=LOC104897876|len=274|source=XP_010683140.1 PREDICTED: NAC transcription factor 29 [Beta vulgaris subsp. vulgaris]	OG0000273	11	bHLH-like transcriptional regulator	Developmental_TF	Tier_A_plus_core_stable_with_lotus_or_ginger	0.678	0.821	Strong validation candidate	Developmental transcription-factor module	developmental transition system with clear underground-organ initiation stage	stage-specific expression analysis and targeted perturbation of transcription factor homologs
UGOseq_000013274	UGOseq_000013274|species=Beta_vulgaris|gene=LOC104898070|protein=Beta_vulgaris|gene=LOC104898070|len=226|source=XP_010683378.1|orthogroup=OG0000154	Beta_vulgaris	LOC104898070	Beta_vulgaris|gene=LOC104898070|len=226|source=XP_010683378.1	Beta_vulgaris|gene=LOC104898070|len=226|source=XP_010683378.1 PREDICTED: uncharacterized protein LOC104898070 [Beta vulgaris subsp. vulgaris]	OG0000154	4	XTH / xyloglucan cell-wall remodeling	Cell_wall_remodeling	Tier_A_plus_core_stable_with_lotus_or_ginger	1.0	0.791	Strong validation candidate	Cell-wall remodeling module	rhizome elongation or tuber/storage-organ expansion system	expression profiling across initiation/elongation stages; RNAi/CRISPR or overexpression in a tractable system
UGOseq_000013294	UGOseq_000013294|species=Beta_vulgaris|gene=LOC104898091|protein=Beta_vulgaris|gene=LOC104898091|len=957|source=XP_010683403.1|orthogroup=OG0000139	Beta_vulgaris	LOC104898091	Beta_vulgaris|gene=LOC104898091|len=957|source=XP_010683403.1	Beta_vulgaris|gene=LOC104898091|len=957|source=XP_010683403.1 PREDICTED: uncharacterized protein LOC104898091 [Beta vulgaris subsp. vulgaris]	OG0000139	1	MYB-like transcriptional regulator	Developmental_TF	Tier_A_core_supported_but_OG_split	1.0	0.173	Review before validation		developmental transition system with clear underground-organ initiation stage	stage-specific expression analysis and targeted perturbation of transcription factor homologs
UGOseq_000013723	UGOseq_000013723|species=Beta_vulgaris|gene=LOC104898566|protein=Beta_vulgaris|gene=LOC104898566|len=819|source=XP_019106321.1|orthogroup=OG0004958	Beta_vulgaris	LOC104898566	Beta_vulgaris|gene=LOC104898566|len=819|source=XP_019106321.1	Beta_vulgaris|gene=LOC104898566|len=819|source=XP_019106321.1 PREDICTED: ent-copalyl diphosphate synthase, chloroplastic isoform X1 [Beta vulgaris subsp. vulgaris]	OG0004958	11	Non-symbiotic hemoglobin / stress-resilience candidate	Stress_resilience	Tier_A_supported_main_text_candidate	1.0	0.95	Top validation-ready candidate	Stress-resilience module	regrowth or stress-resilience underground-organ system	stress/regrowth expression profiling and survival/regrowth phenotyping
UGOseq_000013851	UGOseq_000013851|species=Beta_vulgaris|gene=LOC104898717|protein=Beta_vulgaris|gene=LOC104898717|len=520|source=XP_010684120.1|orthogroup=OG0000139	Beta_vulgaris	LOC104898717	Beta_vulgaris|gene=LOC104898717|len=520|source=XP_010684120.1	Beta_vulgaris|gene=LOC104898717|len=520|source=XP_010684120.1 PREDICTED: uncharacterized protein LOC104898717 [Beta vulgaris subsp. vulgaris]	OG0000139	1	MYB-like transcriptional regulator	Developmental_TF	Tier_A_core_supported_but_OG_split	1.0	0.173	Review before validation		developmental transition system with clear underground-organ initiation stage	stage-specific expression analysis and targeted perturbation of transcription factor homologs
UGOseq_000013858	UGOseq_000013858|species=Beta_vulgaris|gene=LOC104898724|protein=Beta_vulgaris|gene=LOC104898724|len=706|source=XP_010684129.2|orthogroup=OG0000139	Beta_vulgaris	LOC104898724	Beta_vulgaris|gene=LOC104898724|len=706|source=XP_010684129.2	Beta_vulgaris|gene=LOC104898724|len=706|source=XP_010684129.2 PREDICTED: uncharacterized protein LOC104898724 [Beta vulgaris subsp. vulgaris]	OG0000139	1	MYB-like transcriptional regulator	Developmental_TF	Tier_A_core_supported_but_OG_split	1.0	0.173	Review before validation		developmental transition system with clear underground-organ initiation stage	stage-specific expression analysis and targeted perturbation of transcription factor homologs
UGOseq_000013937	UGOseq_000013937|species=Beta_vulgaris|gene=LOC104898818|protein=Beta_vulgaris|gene=LOC104898818|len=454|source=XP_010684227.1|orthogroup=OG0000139	Beta_vulgaris	LOC104898818	Beta_vulgaris|gene=LOC104898818|len=454|source=XP_010684227.1	Beta_vulgaris|gene=LOC104898818|len=454|source=XP_010684227.1 PREDICTED: uncharacterized protein LOC104898818 [Beta vulgaris subsp. vulgaris]	OG0000139	1	MYB-like transcriptional regulator	Developmental_TF	Tier_A_core_supported_but_OG_split	1.0	0.173	Review before validation		developmental transition system with clear underground-organ initiation stage	stage-specific expression analysis and targeted perturbation of transcription factor homologs
UGOseq_000014000	UGOseq_000014000|species=Beta_vulgaris|gene=LOC104898890|protein=Beta_vulgaris|gene=LOC104898890|len=413|source=XP_010684321.1|orthogroup=OG0000154	Beta_vulgaris	LOC104898890	Beta_vulgaris|gene=LOC104898890|len=413|source=XP_010684321.1	Beta_vulgaris|gene=LOC104898890|len=413|source=XP_010684321.1 PREDICTED: uncharacterized protein LOC104898890 [Beta vulgaris subsp. vulgaris]	OG0000154	4	XTH / xyloglucan cell-wall remodeling	Cell_wall_remodeling	Tier_A_plus_core_stable_with_lotus_or_ginger	1.0	0.791	Strong validation candidate	Cell-wall remodeling module	rhizome elongation or tuber/storage-organ expansion system	expression profiling across initiation/elongation stages; RNAi/CRISPR or overexpression in a tractable system
UGOseq_000014179	UGOseq_000014179|species=Beta_vulgaris|gene=LOC104899127|protein=Beta_vulgaris|gene=LOC104899127|len=351|source=XP_010684565.1|orthogroup=OG0000154	Beta_vulgaris	LOC104899127	Beta_vulgaris|gene=LOC104899127|len=351|source=XP_010684565.1	Beta_vulgaris|gene=LOC104899127|len=351|source=XP_010684565.1 PREDICTED: uncharacterized protein LOC104899127 [Beta vulgaris subsp. vulgaris]	OG0000154	4	XTH / xyloglucan cell-wall remodeling	Cell_wall_remodeling	Tier_A_plus_core_stable_with_lotus_or_ginger	1.0	0.791	Strong validation candidate	Cell-wall remodeling module	rhizome elongation or tuber/storage-organ expansion system	expression profiling across initiation/elongation stages; RNAi/CRISPR or overexpression in a tractable system
UGOseq_000014188	UGOseq_000014188|species=Beta_vulgaris|gene=LOC104899139|protein=Beta_vulgaris|gene=LOC104899139|len=427|source=XP_019106222.1|orthogroup=OG0000154	Beta_vulgaris	LOC104899139	Beta_vulgaris|gene=LOC104899139|len=427|source=XP_019106222.1	Beta_vulgaris|gene=LOC104899139|len=427|source=XP_019106222.1 PREDICTED: uncharacterized protein LOC104899139 [Beta vulgaris subsp. vulgaris]	OG0000154	4	XTH / xyloglucan cell-wall remodeling	Cell_wall_remodeling	Tier_A_plus_core_stable_with_lotus_or_ginger	1.0	0.791	Strong validation candidate	Cell-wall remodeling module	rhizome elongation or tuber/storage-organ expansion system	expression profiling across initiation/elongation stages; RNAi/CRISPR or overexpression in a tractable system
UGOseq_000014301	UGOseq_000014301|species=Beta_vulgaris|gene=LOC104899272|protein=Beta_vulgaris|gene=LOC104899272|len=303|source=XP_010684738.1|orthogroup=OG0000139	Beta_vulgaris	LOC104899272	Beta_vulgaris|gene=LOC104899272|len=303|source=XP_010684738.1	Beta_vulgaris|gene=LOC104899272|len=303|source=XP_010684738.1 PREDICTED: uncharacterized protein LOC104899272 [Beta vulgaris subsp. vulgaris]	OG0000139	1	MYB-like transcriptional regulator	Developmental_TF	Tier_A_core_supported_but_OG_split	1.0	0.173	Review before validation		developmental transition system with clear underground-organ initiation stage	stage-specific expression analysis and targeted perturbation of transcription factor homologs
UGOseq_000014476	UGOseq_000014476|species=Beta_vulgaris|gene=LOC104899484|protein=Beta_vulgaris|gene=LOC104899484|len=317|source=XP_010684983.1|orthogroup=OG0000154	Beta_vulgaris	LOC104899484	Beta_vulgaris|gene=LOC104899484|len=317|source=XP_010684983.1	Beta_vulgaris|gene=LOC104899484|len=317|source=XP_010684983.1 PREDICTED: uncharacterized protein LOC104899484 [Beta vulgaris subsp. vulgaris]	OG0000154	4	XTH / xyloglucan cell-wall remodeling	Cell_wall_remodeling	Tier_A_plus_core_stable_with_lotus_or_ginger	1.0	0.791	Strong validation candidate	Cell-wall remodeling module	rhizome elongation or tuber/storage-organ expansion system	expression profiling across initiation/elongation stages; RNAi/CRISPR or overexpression in a tractable system
UGOseq_000014760	UGOseq_000014760|species=Beta_vulgaris|gene=LOC104899802|protein=Beta_vulgaris|gene=LOC104899802|len=382|source=XP_010685376.1|orthogroup=OG0000154	Beta_vulgaris	LOC104899802	Beta_vulgaris|gene=LOC104899802|len=382|source=XP_010685376.1	Beta_vulgaris|gene=LOC104899802|len=382|source=XP_010685376.1 PREDICTED: uncharacterized protein LOC104899802 [Beta vulgaris subsp. vulgaris]	OG0000154	4	XTH / xyloglucan cell-wall remodeling	Cell_wall_remodeling	Tier_A_plus_core_stable_with_lotus_or_ginger	1.0	0.791	Strong validation candidate	Cell-wall remodeling module	rhizome elongation or tuber/storage-organ expansion system	expression profiling across initiation/elongation stages; RNAi/CRISPR or overexpression in a tractable system
UGOseq_000015916	UGOseq_000015916|species=Beta_vulgaris|gene=LOC104901040|protein=Beta_vulgaris|gene=LOC104901040|len=439|source=XP_010686885.1|orthogroup=OG0000154	Beta_vulgaris	LOC104901040	Beta_vulgaris|gene=LOC104901040|len=439|source=XP_010686885.1	Beta_vulgaris|gene=LOC104901040|len=439|source=XP_010686885.1 PREDICTED: uncharacterized protein LOC104901040 [Beta vulgaris subsp. vulgaris]	OG0000154	4	XTH / xyloglucan cell-wall remodeling	Cell_wall_remodeling	Tier_A_plus_core_stable_with_lotus_or_ginger	1.0	0.791	Strong validation candidate	Cell-wall remodeling module	rhizome elongation or tuber/storage-organ expansion system	expression profiling across initiation/elongation stages; RNAi/CRISPR or overexpression in a tractable system
UGOseq_000016147	UGOseq_000016147|species=Beta_vulgaris|gene=LOC104901340|protein=Beta_vulgaris|gene=LOC104901340|len=1342|source=XP_010687204.1|orthogroup=OG0000139	Beta_vulgaris	LOC104901340	Beta_vulgaris|gene=LOC104901340|len=1342|source=XP_010687204.1	Beta_vulgaris|gene=LOC104901340|len=1342|source=XP_010687204.1 PREDICTED: uncharacterized protein LOC104901340 [Beta vulgaris subsp. vulgaris]	OG0000139	1	MYB-like transcriptional regulator	Developmental_TF	Tier_A_core_supported_but_OG_split	1.0	0.173	Review before validation		developmental transition system with clear underground-organ initiation stage	stage-specific expression analysis and targeted perturbation of transcription factor homologs
UGOseq_000016176	UGOseq_000016176|species=Beta_vulgaris|gene=LOC104901378|protein=Beta_vulgaris|gene=LOC104901378|len=825|source=XP_010687249.1|orthogroup=OG0000139	Beta_vulgaris	LOC104901378	Beta_vulgaris|gene=LOC104901378|len=825|source=XP_010687249.1	Beta_vulgaris|gene=LOC104901378|len=825|source=XP_010687249.1 PREDICTED: uncharacterized protein LOC104901378 [Beta vulgaris subsp. vulgaris]	OG0000139	1	MYB-like transcriptional regulator	Developmental_TF	Tier_A_core_supported_but_OG_split	1.0	0.173	Review before validation		developmental transition system with clear underground-organ initiation stage	stage-specific expression analysis and targeted perturbation of transcription factor homologs
UGOseq_000017867	UGOseq_000017867|species=Beta_vulgaris|gene=LOC104903276|protein=Beta_vulgaris|gene=LOC104903276|len=251|source=XP_010689595.1|orthogroup=OG0000139	Beta_vulgaris	LOC104903276	Beta_vulgaris|gene=LOC104903276|len=251|source=XP_010689595.1	Beta_vulgaris|gene=LOC104903276|len=251|source=XP_010689595.1 PREDICTED: uncharacterized protein LOC104903276 [Beta vulgaris subsp. vulgaris]	OG0000139	1	MYB-like transcriptional regulator	Developmental_TF	Tier_A_core_supported_but_OG_split	1.0	0.173	Review before validation		developmental transition system with clear underground-organ initiation stage	stage-specific expression analysis and targeted perturbation of transcription factor homologs
UGOseq_000017902	UGOseq_000017902|species=Beta_vulgaris|gene=LOC104903323|protein=Beta_vulgaris|gene=LOC104903323|len=455|source=XP_010689642.1|orthogroup=OG0000154	Beta_vulgaris	LOC104903323	Beta_vulgaris|gene=LOC104903323|len=455|source=XP_010689642.1	Beta_vulgaris|gene=LOC104903323|len=455|source=XP_010689642.1 PREDICTED: uncharacterized protein LOC104903323 [Beta vulgaris subsp. vulgaris]	OG0000154	4	XTH / xyloglucan cell-wall remodeling	Cell_wall_remodeling	Tier_A_plus_core_stable_with_lotus_or_ginger	1.0	0.791	Strong validation candidate	Cell-wall remodeling module	rhizome elongation or tuber/storage-organ expansion system	expression profiling across initiation/elongation stages; RNAi/CRISPR or overexpression in a tractable system
UGOseq_000018067	UGOseq_000018067|species=Beta_vulgaris|gene=LOC104903517|protein=Beta_vulgaris|gene=LOC104903517|len=208|source=XP_010689860.1|orthogroup=OG0000139	Beta_vulgaris	LOC104903517	Beta_vulgaris|gene=LOC104903517|len=208|source=XP_010689860.1	Beta_vulgaris|gene=LOC104903517|len=208|source=XP_010689860.1 PREDICTED: uncharacterized protein LOC104903517 [Beta vulgaris subsp. vulgaris]	OG0000139	1	MYB-like transcriptional regulator	Developmental_TF	Tier_A_core_supported_but_OG_split	1.0	0.173	Review before validation		developmental transition system with clear underground-organ initiation stage	stage-specific expression analysis and targeted perturbation of transcription factor homologs
UGOseq_000018673	UGOseq_000018673|species=Beta_vulgaris|gene=LOC104904197|protein=Beta_vulgaris|gene=LOC104904197|len=701|source=XP_010690696.1|orthogroup=OG0000139	Beta_vulgaris	LOC104904197	Beta_vulgaris|gene=LOC104904197|len=701|source=XP_010690696.1	Beta_vulgaris|gene=LOC104904197|len=701|source=XP_010690696.1 PREDICTED: uncharacterized protein LOC104904197 [Beta vulgaris subsp. vulgaris]	OG0000139	1	MYB-like transcriptional regulator	Developmental_TF	Tier_A_core_supported_but_OG_split	1.0	0.173	Review before validation		developmental transition system with clear underground-organ initiation stage	stage-specific expression analysis and targeted perturbation of transcription factor homologs
UGOseq_000019439	UGOseq_000019439|species=Beta_vulgaris|gene=LOC104905012|protein=Beta_vulgaris|gene=LOC104905012|len=831|source=XP_010691755.1|orthogroup=OG0000139	Beta_vulgaris	LOC104905012	Beta_vulgaris|gene=LOC104905012|len=831|source=XP_010691755.1	Beta_vulgaris|gene=LOC104905012|len=831|source=XP_010691755.1 PREDICTED: uncharacterized protein LOC104905012 [Beta vulgaris subsp. vulgaris]	OG0000139	1	MYB-like transcriptional regulator	Developmental_TF	Tier_A_core_supported_but_OG_split	1.0	0.173	Review before validation		developmental transition system with clear underground-organ initiation stage	stage-specific expression analysis and targeted perturbation of transcription factor homologs
UGOseq_000019935	UGOseq_000019935|species=Beta_vulgaris|gene=LOC104905555|protein=Beta_vulgaris|gene=LOC104905555|len=1634|source=XP_010692445.1|orthogroup=OG0000139	Beta_vulgaris	LOC104905555	Beta_vulgaris|gene=LOC104905555|len=1634|source=XP_010692445.1	Beta_vulgaris|gene=LOC104905555|len=1634|source=XP_010692445.1 PREDICTED: uncharacterized protein LOC104905555 [Beta vulgaris subsp. vulgaris]	OG0000139	1	MYB-like transcriptional regulator	Developmental_TF	Tier_A_core_supported_but_OG_split	1.0	0.173	Review before validation		developmental transition system with clear underground-organ initiation stage	stage-specific expression analysis and targeted perturbation of transcription factor homologs
UGOseq_000019957	UGOseq_000019957|species=Beta_vulgaris|gene=LOC104905583|protein=Beta_vulgaris|gene=LOC104905583|len=280|source=XP_010692473.1|orthogroup=OG0000139	Beta_vulgaris	LOC104905583	Beta_vulgaris|gene=LOC104905583|len=280|source=XP_010692473.1	Beta_vulgaris|gene=LOC104905583|len=280|source=XP_010692473.1 PREDICTED: uncharacterized protein LOC104905583 [Beta vulgaris subsp. vulgaris]	OG0000139	1	MYB-like transcriptional regulator	Developmental_TF	Tier_A_core_supported_but_OG_split	1.0	0.173	Review before validation		developmental transition system with clear underground-organ initiation stage	stage-specific expression analysis and targeted perturbation of transcription factor homologs
UGOseq_000019973	UGOseq_000019973|species=Beta_vulgaris|gene=LOC104905603|protein=Beta_vulgaris|gene=LOC104905603|len=1364|source=XP_010692491.1|orthogroup=OG0000139	Beta_vulgaris	LOC104905603	Beta_vulgaris|gene=LOC104905603|len=1364|source=XP_010692491.1	Beta_vulgaris|gene=LOC104905603|len=1364|source=XP_010692491.1 PREDICTED: uncharacterized protein LOC104905603 [Beta vulgaris subsp. vulgaris]	OG0000139	1	MYB-like transcriptional regulator	Developmental_TF	Tier_A_core_supported_but_OG_split	1.0	0.173	Review before validation		developmental transition system with clear underground-organ initiation stage	stage-specific expression analysis and targeted perturbation of transcription factor homologs
UGOseq_000020039	UGOseq_000020039|species=Beta_vulgaris|gene=LOC104905680|protein=Beta_vulgaris|gene=LOC104905680|len=481|source=XP_010692583.1|orthogroup=OG0000139	Beta_vulgaris	LOC104905680	Beta_vulgaris|gene=LOC104905680|len=481|source=XP_010692583.1	Beta_vulgaris|gene=LOC104905680|len=481|source=XP_010692583.1 PREDICTED: uncharacterized protein LOC104905680 [Beta vulgaris subsp. vulgaris]	OG0000139	1	MYB-like transcriptional regulator	Developmental_TF	Tier_A_core_supported_but_OG_split	1.0	0.173	Review before validation		developmental transition system with clear underground-organ initiation stage	stage-specific expression analysis and targeted perturbation of transcription factor homologs
UGOseq_000020060	UGOseq_000020060|species=Beta_vulgaris|gene=LOC104905704|protein=Beta_vulgaris|gene=LOC104905704|len=1052|source=XP_010692615.1|orthogroup=OG0000139	Beta_vulgaris	LOC104905704	Beta_vulgaris|gene=LOC104905704|len=1052|source=XP_010692615.1	Beta_vulgaris|gene=LOC104905704|len=1052|source=XP_010692615.1 PREDICTED: uncharacterized protein LOC104905704 [Beta vulgaris subsp. vulgaris]	OG0000139	1	MYB-like transcriptional regulator	Developmental_TF	Tier_A_core_supported_but_OG_split	1.0	0.173	Review before validation		developmental transition system with clear underground-organ initiation stage	stage-specific expression analysis and targeted perturbation of transcription factor homologs
UGOseq_000020103	UGOseq_000020103|species=Beta_vulgaris|gene=LOC104905753|protein=Beta_vulgaris|gene=LOC104905753|len=179|source=XP_010692676.1|orthogroup=OG0000139	Beta_vulgaris	LOC104905753	Beta_vulgaris|gene=LOC104905753|len=179|source=XP_010692676.1	Beta_vulgaris|gene=LOC104905753|len=179|source=XP_010692676.1 PREDICTED: uncharacterized protein LOC104905753 [Beta vulgaris subsp. vulgaris]	OG0000139	1	MYB-like transcriptional regulator	Developmental_TF	Tier_A_core_supported_but_OG_split	1.0	0.173	Review before validation		developmental transition system with clear underground-organ initiation stage	stage-specific expression analysis and targeted perturbation of transcription factor homologs
UGOseq_000020104	UGOseq_000020104|species=Beta_vulgaris|gene=LOC104905754|protein=Beta_vulgaris|gene=LOC104905754|len=965|source=XP_010692677.1|orthogroup=OG0000139	Beta_vulgaris	LOC104905754	Beta_vulgaris|gene=LOC104905754|len=965|source=XP_010692677.1	Beta_vulgaris|gene=LOC104905754|len=965|source=XP_010692677.1 PREDICTED: uncharacterized protein LOC104905754 [Beta vulgaris subsp. vulgaris]	OG0000139	1	MYB-like transcriptional regulator	Developmental_TF	Tier_A_core_supported_but_OG_split	1.0	0.173	Review before validation		developmental transition system with clear underground-organ initiation stage	stage-specific expression analysis and targeted perturbation of transcription factor homologs
UGOseq_000020106	UGOseq_000020106|species=Beta_vulgaris|gene=LOC104905756|protein=Beta_vulgaris|gene=LOC104905756|len=577|source=XP_010692680.1|orthogroup=OG0000154	Beta_vulgaris	LOC104905756	Beta_vulgaris|gene=LOC104905756|len=577|source=XP_010692680.1	Beta_vulgaris|gene=LOC104905756|len=577|source=XP_010692680.1 PREDICTED: uncharacterized protein LOC104905756 [Beta vulgaris subsp. vulgaris]	OG0000154	4	XTH / xyloglucan cell-wall remodeling	Cell_wall_remodeling	Tier_A_plus_core_stable_with_lotus_or_ginger	1.0	0.791	Strong validation candidate	Cell-wall remodeling module	rhizome elongation or tuber/storage-organ expansion system	expression profiling across initiation/elongation stages; RNAi/CRISPR or overexpression in a tractable system
UGOseq_000020148	UGOseq_000020148|species=Beta_vulgaris|gene=LOC104905807|protein=Beta_vulgaris|gene=LOC104905807|len=983|source=XP_010692745.1|orthogroup=OG0000139	Beta_vulgaris	LOC104905807	Beta_vulgaris|gene=LOC104905807|len=983|source=XP_010692745.1	Beta_vulgaris|gene=LOC104905807|len=983|source=XP_010692745.1 PREDICTED: uncharacterized protein LOC104905807 [Beta vulgaris subsp. vulgaris]	OG0000139	1	MYB-like transcriptional regulator	Developmental_TF	Tier_A_core_supported_but_OG_split	1.0	0.173	Review before validation		developmental transition system with clear underground-organ initiation stage	stage-specific expression analysis and targeted perturbation of transcription factor homologs
UGOseq_000020344	UGOseq_000020344|species=Beta_vulgaris|gene=LOC104906039|protein=Beta_vulgaris|gene=LOC104906039|len=444|source=XP_010693038.1|orthogroup=OG0006937	Beta_vulgaris	LOC104906039	Beta_vulgaris|gene=LOC104906039|len=444|source=XP_010693038.1	Beta_vulgaris|gene=LOC104906039|len=444|source=XP_010693038.1 PREDICTED: protein farnesyltransferase subunit beta isoform X1 [Beta vulgaris subsp. vulgaris]	OG0006937	11	Carotenoid cleavage dioxygenase / hormone-related regulation	Hormone_regulation	Tier_B_no_new_lotus_ginger_support	1.0	0.89	Top validation-ready candidate	Hormone-related regulation module	storage-root/tuber or hormone-responsive underground-organ system	hormone-response expression analysis and candidate perturbation
UGOseq_000020447	UGOseq_000020447|species=Beta_vulgaris|gene=LOC104906154|protein=Beta_vulgaris|gene=LOC104906154|len=1258|source=XP_010693172.1|orthogroup=OG0000139	Beta_vulgaris	LOC104906154	Beta_vulgaris|gene=LOC104906154|len=1258|source=XP_010693172.1	Beta_vulgaris|gene=LOC104906154|len=1258|source=XP_010693172.1 PREDICTED: uncharacterized protein LOC104906154 [Beta vulgaris subsp. vulgaris]	OG0000139	1	MYB-like transcriptional regulator	Developmental_TF	Tier_A_core_supported_but_OG_split	1.0	0.173	Review before validation		developmental transition system with clear underground-organ initiation stage	stage-specific expression analysis and targeted perturbation of transcription factor homologs
UGOseq_000020653	UGOseq_000020653|species=Beta_vulgaris|gene=LOC104906395|protein=Beta_vulgaris|gene=LOC104906395|len=832|source=XP_010693438.1|orthogroup=OG0000139	Beta_vulgaris	LOC104906395	Beta_vulgaris|gene=LOC104906395|len=832|source=XP_010693438.1	Beta_vulgaris|gene=LOC104906395|len=832|source=XP_010693438.1 PREDICTED: uncharacterized protein LOC104906395 [Beta vulgaris subsp. vulgaris]	OG0000139	1	MYB-like transcriptional regulator	Developmental_TF	Tier_A_core_supported_but_OG_split	1.0	0.173	Review before validation		developmental transition system with clear underground-organ initiation stage	stage-specific expression analysis and targeted perturbation of transcription factor homologs
UGOseq_000021033	UGOseq_000021033|species=Beta_vulgaris|gene=LOC104906813|protein=Beta_vulgaris|gene=LOC104906813|len=307|source=XP_010693932.1|orthogroup=OG0000139	Beta_vulgaris	LOC104906813	Beta_vulgaris|gene=LOC104906813|len=307|source=XP_010693932.1	Beta_vulgaris|gene=LOC104906813|len=307|source=XP_010693932.1 PREDICTED: uncharacterized protein LOC104906813 [Beta vulgaris subsp. vulgaris]	OG0000139	1	MYB-like transcriptional regulator	Developmental_TF	Tier_A_core_supported_but_OG_split	1.0	0.173	Review before validation		developmental transition system with clear underground-organ initiation stage	stage-specific expression analysis and targeted perturbation of transcription factor homologs
UGOseq_000021078	UGOseq_000021078|species=Beta_vulgaris|gene=LOC104906865|protein=Beta_vulgaris|gene=LOC104906865|len=243|source=XP_010693996.1|orthogroup=OG0000154	Beta_vulgaris	LOC104906865	Beta_vulgaris|gene=LOC104906865|len=243|source=XP_010693996.1	Beta_vulgaris|gene=LOC104906865|len=243|source=XP_010693996.1 PREDICTED: uncharacterized protein LOC104906865 [Beta vulgaris subsp. vulgaris]	OG0000154	4	XTH / xyloglucan cell-wall remodeling	Cell_wall_remodeling	Tier_A_plus_core_stable_with_lotus_or_ginger	1.0	0.791	Strong validation candidate	Cell-wall remodeling module	rhizome elongation or tuber/storage-organ expansion system	expression profiling across initiation/elongation stages; RNAi/CRISPR or overexpression in a tractable system
UGOseq_000021098	UGOseq_000021098|species=Beta_vulgaris|gene=LOC104906894|protein=Beta_vulgaris|gene=LOC104906894|len=455|source=XP_010694026.1|orthogroup=OG0000139	Beta_vulgaris	LOC104906894	Beta_vulgaris|gene=LOC104906894|len=455|source=XP_010694026.1	Beta_vulgaris|gene=LOC104906894|len=455|source=XP_010694026.1 PREDICTED: uncharacterized protein LOC104906894 [Beta vulgaris subsp. vulgaris]	OG0000139	1	MYB-like transcriptional regulator	Developmental_TF	Tier_A_core_supported_but_OG_split	1.0	0.173	Review before validation		developmental transition system with clear underground-organ initiation stage	stage-specific expression analysis and targeted perturbation of transcription factor homologs
UGOseq_000021148	UGOseq_000021148|species=Beta_vulgaris|gene=LOC104906953|protein=Beta_vulgaris|gene=LOC104906953|len=355|source=XP_010694098.1|orthogroup=OG0000863	Beta_vulgaris	LOC104906953	Beta_vulgaris|gene=LOC104906953|len=355|source=XP_010694098.1	Beta_vulgaris|gene=LOC104906953|len=355|source=XP_010694098.1 PREDICTED: alpha-1,4-glucan-protein synthase [UDP-forming] 2 [Beta vulgaris subsp. vulgaris]	OG0000863	11	Early nodulin-like meristem/regrowth candidate	Meristem_bud_regrowth	Tier_A_supported_main_text_candidate	1.0	0.95	Top validation-ready candidate	Meristem and regrowth module	rhizome bud, root crown, or regrowth system	bud activation/regrowth-stage expression analysis followed by perturbation
UGOseq_000021198	UGOseq_000021198|species=Beta_vulgaris|gene=LOC104907012|protein=Beta_vulgaris|gene=LOC104907012|len=393|source=XP_010694162.1|orthogroup=OG0000154	Beta_vulgaris	LOC104907012	Beta_vulgaris|gene=LOC104907012|len=393|source=XP_010694162.1	Beta_vulgaris|gene=LOC104907012|len=393|source=XP_010694162.1 PREDICTED: uncharacterized protein LOC104907012 [Beta vulgaris subsp. vulgaris]	OG0000154	4	XTH / xyloglucan cell-wall remodeling	Cell_wall_remodeling	Tier_A_plus_core_stable_with_lotus_or_ginger	1.0	0.791	Strong validation candidate	Cell-wall remodeling module	rhizome elongation or tuber/storage-organ expansion system	expression profiling across initiation/elongation stages; RNAi/CRISPR or overexpression in a tractable system
UGOseq_000021425	UGOseq_000021425|species=Beta_vulgaris|gene=LOC104907261|protein=Beta_vulgaris|gene=LOC104907261|len=367|source=XP_010694468.1|orthogroup=OG0000139	Beta_vulgaris	LOC104907261	Beta_vulgaris|gene=LOC104907261|len=367|source=XP_010694468.1	Beta_vulgaris|gene=LOC104907261|len=367|source=XP_010694468.1 PREDICTED: uncharacterized protein LOC104907261 [Beta vulgaris subsp. vulgaris]	OG0000139	1	MYB-like transcriptional regulator	Developmental_TF	Tier_A_core_supported_but_OG_split	1.0	0.173	Review before validation		developmental transition system with clear underground-organ initiation stage	stage-specific expression analysis and targeted perturbation of transcription factor homologs
UGOseq_000021571	UGOseq_000021571|species=Beta_vulgaris|gene=LOC104907438|protein=Beta_vulgaris|gene=LOC104907438|len=1322|source=XP_010694673.1|orthogroup=OG0000139	Beta_vulgaris	LOC104907438	Beta_vulgaris|gene=LOC104907438|len=1322|source=XP_010694673.1	Beta_vulgaris|gene=LOC104907438|len=1322|source=XP_010694673.1 PREDICTED: uncharacterized protein LOC104907438 [Beta vulgaris subsp. vulgaris]	OG0000139	1	MYB-like transcriptional regulator	Developmental_TF	Tier_A_core_supported_but_OG_split	1.0	0.173	Review before validation		developmental transition system with clear underground-organ initiation stage	stage-specific expression analysis and targeted perturbation of transcription factor homologs
UGOseq_000021638	UGOseq_000021638|species=Beta_vulgaris|gene=LOC104907518|protein=Beta_vulgaris|gene=LOC104907518|len=832|source=XP_010694760.1|orthogroup=OG0000139	Beta_vulgaris	LOC104907518	Beta_vulgaris|gene=LOC104907518|len=832|source=XP_010694760.1	Beta_vulgaris|gene=LOC104907518|len=832|source=XP_010694760.1 PREDICTED: uncharacterized protein LOC104907518 [Beta vulgaris subsp. vulgaris]	OG0000139	1	MYB-like transcriptional regulator	Developmental_TF	Tier_A_core_supported_but_OG_split	1.0	0.173	Review before validation		developmental transition system with clear underground-organ initiation stage	stage-specific expression analysis and targeted perturbation of transcription factor homologs
UGOseq_000021668	UGOseq_000021668|species=Beta_vulgaris|gene=LOC104907555|protein=Beta_vulgaris|gene=LOC104907555|len=130|source=XP_010694799.1|orthogroup=OG0000154	Beta_vulgaris	LOC104907555	Beta_vulgaris|gene=LOC104907555|len=130|source=XP_010694799.1	Beta_vulgaris|gene=LOC104907555|len=130|source=XP_010694799.1 PREDICTED: uncharacterized protein LOC104907555 [Beta vulgaris subsp. vulgaris]	OG0000154	4	XTH / xyloglucan cell-wall remodeling	Cell_wall_remodeling	Tier_A_plus_core_stable_with_lotus_or_ginger	1.0	0.791	Strong validation candidate	Cell-wall remodeling module	rhizome elongation or tuber/storage-organ expansion system	expression profiling across initiation/elongation stages; RNAi/CRISPR or overexpression in a tractable system
UGOseq_000021731	UGOseq_000021731|species=Beta_vulgaris|gene=LOC104907631|protein=Beta_vulgaris|gene=LOC104907631|len=1460|source=XP_010694891.1|orthogroup=OG0000139	Beta_vulgaris	LOC104907631	Beta_vulgaris|gene=LOC104907631|len=1460|source=XP_010694891.1	Beta_vulgaris|gene=LOC104907631|len=1460|source=XP_010694891.1 PREDICTED: uncharacterized protein LOC104907631 [Beta vulgaris subsp. vulgaris]	OG0000139	1	MYB-like transcriptional regulator	Developmental_TF	Tier_A_core_supported_but_OG_split	1.0	0.173	Review before validation		developmental transition system with clear underground-organ initiation stage	stage-specific expression analysis and targeted perturbation of transcription factor homologs
UGOseq_000021735	UGOseq_000021735|species=Beta_vulgaris|gene=LOC104907635|protein=Beta_vulgaris|gene=LOC104907635|len=1410|source=XP_010694896.1|orthogroup=OG0000139	Beta_vulgaris	LOC104907635	Beta_vulgaris|gene=LOC104907635|len=1410|source=XP_010694896.1	Beta_vulgaris|gene=LOC104907635|len=1410|source=XP_010694896.1 PREDICTED: uncharacterized protein LOC104907635 [Beta vulgaris subsp. vulgaris]	OG0000139	1	MYB-like transcriptional regulator	Developmental_TF	Tier_A_core_supported_but_OG_split	1.0	0.173	Review before validation		developmental transition system with clear underground-organ initiation stage	stage-specific expression analysis and targeted perturbation of transcription factor homologs
UGOseq_000021760	UGOseq_000021760|species=Beta_vulgaris|gene=LOC104907665|protein=Beta_vulgaris|gene=LOC104907665|len=944|source=XP_010694927.1|orthogroup=OG0000139	Beta_vulgaris	LOC104907665	Beta_vulgaris|gene=LOC104907665|len=944|source=XP_010694927.1	Beta_vulgaris|gene=LOC104907665|len=944|source=XP_010694927.1 PREDICTED: uncharacterized protein LOC104907665 [Beta vulgaris subsp. vulgaris]	OG0000139	1	MYB-like transcriptional regulator	Developmental_TF	Tier_A_core_supported_but_OG_split	1.0	0.173	Review before validation		developmental transition system with clear underground-organ initiation stage	stage-specific expression analysis and targeted perturbation of transcription factor homologs
UGOseq_000021885	UGOseq_000021885|species=Beta_vulgaris|gene=LOC104907808|protein=Beta_vulgaris|gene=LOC104907808|len=346|source=XP_010695105.1|orthogroup=OG0000139	Beta_vulgaris	LOC104907808	Beta_vulgaris|gene=LOC104907808|len=346|source=XP_010695105.1	Beta_vulgaris|gene=LOC104907808|len=346|source=XP_010695105.1 PREDICTED: uncharacterized protein LOC104907808 [Beta vulgaris subsp. vulgaris]	OG0000139	1	MYB-like transcriptional regulator	Developmental_TF	Tier_A_core_supported_but_OG_split	1.0	0.173	Review before validation		developmental transition system with clear underground-organ initiation stage	stage-specific expression analysis and targeted perturbation of transcription factor homologs
UGOseq_000021944	UGOseq_000021944|species=Beta_vulgaris|gene=LOC104907871|protein=Beta_vulgaris|gene=LOC104907871|len=465|source=XP_010695190.1|orthogroup=OG0003725	Beta_vulgaris	LOC104907871	Beta_vulgaris|gene=LOC104907871|len=465|source=XP_010695190.1	Beta_vulgaris|gene=LOC104907871|len=465|source=XP_010695190.1 PREDICTED: uncharacterized protein LOC104907871 isoform X1 [Beta vulgaris subsp. vulgaris]	OG0003725	10	NAC-like transcriptional regulator	Developmental_TF	Tier_B_no_new_lotus_ginger_support	1.0	0.867	Top validation-ready candidate		developmental transition system with clear underground-organ initiation stage	stage-specific expression analysis and targeted perturbation of transcription factor homologs
UGOseq_000021998	UGOseq_000021998|species=Beta_vulgaris|gene=LOC104907929|protein=Beta_vulgaris|gene=LOC104907929|len=358|source=XP_010695260.1|orthogroup=OG0000863	Beta_vulgaris	LOC104907929	Beta_vulgaris|gene=LOC104907929|len=358|source=XP_010695260.1	Beta_vulgaris|gene=LOC104907929|len=358|source=XP_010695260.1 PREDICTED: alpha-1,4-glucan-protein synthase [UDP-forming] 2 [Beta vulgaris subsp. vulgaris]	OG0000863	11	Early nodulin-like meristem/regrowth candidate	Meristem_bud_regrowth	Tier_A_supported_main_text_candidate	1.0	0.95	Top validation-ready candidate	Meristem and regrowth module	rhizome bud, root crown, or regrowth system	bud activation/regrowth-stage expression analysis followed by perturbation
UGOseq_000022007	UGOseq_000022007|species=Beta_vulgaris|gene=LOC104907939|protein=Beta_vulgaris|gene=LOC104907939|len=1281|source=XP_010695270.1|orthogroup=OG0000139	Beta_vulgaris	LOC104907939	Beta_vulgaris|gene=LOC104907939|len=1281|source=XP_010695270.1	Beta_vulgaris|gene=LOC104907939|len=1281|source=XP_010695270.1 PREDICTED: uncharacterized protein LOC104907939 [Beta vulgaris subsp. vulgaris]	OG0000139	1	MYB-like transcriptional regulator	Developmental_TF	Tier_A_core_supported_but_OG_split	1.0	0.173	Review before validation		developmental transition system with clear underground-organ initiation stage	stage-specific expression analysis and targeted perturbation of transcription factor homologs
UGOseq_000022223	UGOseq_000022223|species=Beta_vulgaris|gene=LOC104908184|protein=Beta_vulgaris|gene=LOC104908184|len=1376|source=XP_010695571.1|orthogroup=OG0000139	Beta_vulgaris	LOC104908184	Beta_vulgaris|gene=LOC104908184|len=1376|source=XP_010695571.1	Beta_vulgaris|gene=LOC104908184|len=1376|source=XP_010695571.1 PREDICTED: uncharacterized protein LOC104908184 [Beta vulgaris subsp. vulgaris]	OG0000139	1	MYB-like transcriptional regulator	Developmental_TF	Tier_A_core_supported_but_OG_split	1.0	0.173	Review before validation		developmental transition system with clear underground-organ initiation stage	stage-specific expression analysis and targeted perturbation of transcription factor homologs
UGOseq_000022625	UGOseq_000022625|species=Beta_vulgaris|gene=LOC104908655|protein=Beta_vulgaris|gene=LOC104908655|len=193|source=XP_010696094.1|orthogroup=OG0000139	Beta_vulgaris	LOC104908655	Beta_vulgaris|gene=LOC104908655|len=193|source=XP_010696094.1	Beta_vulgaris|gene=LOC104908655|len=193|source=XP_010696094.1 PREDICTED: uncharacterized protein LOC104908655 [Beta vulgaris subsp. vulgaris]	OG0000139	1	MYB-like transcriptional regulator	Developmental_TF	Tier_A_core_supported_but_OG_split	1.0	0.173	Review before validation		developmental transition system with clear underground-organ initiation stage	stage-specific expression analysis and targeted perturbation of transcription factor homologs
UGOseq_000022810	UGOseq_000022810|species=Beta_vulgaris|gene=LOC104908858|protein=Beta_vulgaris|gene=LOC104908858|len=870|source=XP_010696325.1|orthogroup=OG0000139	Beta_vulgaris	LOC104908858	Beta_vulgaris|gene=LOC104908858|len=870|source=XP_010696325.1	Beta_vulgaris|gene=LOC104908858|len=870|source=XP_010696325.1 PREDICTED: uncharacterized protein LOC104908858 [Beta vulgaris subsp. vulgaris]	OG0000139	1	MYB-like transcriptional regulator	Developmental_TF	Tier_A_core_supported_but_OG_split	1.0	0.173	Review before validation		developmental transition system with clear underground-organ initiation stage	stage-specific expression analysis and targeted perturbation of transcription factor homologs
UGOseq_000022876	UGOseq_000022876|species=Beta_vulgaris|gene=LOC104908940|protein=Beta_vulgaris|gene=LOC104908940|len=311|source=XP_010696412.1|orthogroup=OG0000139	Beta_vulgaris	LOC104908940	Beta_vulgaris|gene=LOC104908940|len=311|source=XP_010696412.1	Beta_vulgaris|gene=LOC104908940|len=311|source=XP_010696412.1 PREDICTED: uncharacterized protein LOC104908940 [Beta vulgaris subsp. vulgaris]	OG0000139	1	MYB-like transcriptional regulator	Developmental_TF	Tier_A_core_supported_but_OG_split	1.0	0.173	Review before validation		developmental transition system with clear underground-organ initiation stage	stage-specific expression analysis and targeted perturbation of transcription factor homologs
UGOseq_000022905	UGOseq_000022905|species=Beta_vulgaris|gene=LOC104908979|protein=Beta_vulgaris|gene=LOC104908979|len=337|source=XP_010696454.1|orthogroup=OG0000154	Beta_vulgaris	LOC104908979	Beta_vulgaris|gene=LOC104908979|len=337|source=XP_010696454.1	Beta_vulgaris|gene=LOC104908979|len=337|source=XP_010696454.1 PREDICTED: uncharacterized protein LOC104908979 [Beta vulgaris subsp. vulgaris]	OG0000154	4	XTH / xyloglucan cell-wall remodeling	Cell_wall_remodeling	Tier_A_plus_core_stable_with_lotus_or_ginger	1.0	0.791	Strong validation candidate	Cell-wall remodeling module	rhizome elongation or tuber/storage-organ expansion system	expression profiling across initiation/elongation stages; RNAi/CRISPR or overexpression in a tractable system
UGOseq_000022908	UGOseq_000022908|species=Beta_vulgaris|gene=LOC104908982|protein=Beta_vulgaris|gene=LOC104908982|len=453|source=XP_010696456.1|orthogroup=OG0000139	Beta_vulgaris	LOC104908982	Beta_vulgaris|gene=LOC104908982|len=453|source=XP_010696456.1	Beta_vulgaris|gene=LOC104908982|len=453|source=XP_010696456.1 PREDICTED: uncharacterized protein LOC104908982 [Beta vulgaris subsp. vulgaris]	OG0000139	1	MYB-like transcriptional regulator	Developmental_TF	Tier_A_core_supported_but_OG_split	1.0	0.173	Review before validation		developmental transition system with clear underground-organ initiation stage	stage-specific expression analysis and targeted perturbation of transcription factor homologs
UGOseq_000023076	UGOseq_000023076|species=Beta_vulgaris|gene=LOC109133557|protein=Beta_vulgaris|gene=LOC109133557|len=318|source=XP_019107435.1|orthogroup=OG0000154	Beta_vulgaris	LOC109133557	Beta_vulgaris|gene=LOC109133557|len=318|source=XP_019107435.1	Beta_vulgaris|gene=LOC109133557|len=318|source=XP_019107435.1 PREDICTED: uncharacterized protein LOC109133557 isoform X1 [Beta vulgaris subsp. vulgaris]	OG0000154	4	XTH / xyloglucan cell-wall remodeling	Cell_wall_remodeling	Tier_A_plus_core_stable_with_lotus_or_ginger	1.0	0.791	Strong validation candidate	Cell-wall remodeling module	rhizome elongation or tuber/storage-organ expansion system	expression profiling across initiation/elongation stages; RNAi/CRISPR or overexpression in a tractable system
UGOseq_000023106	UGOseq_000023106|species=Beta_vulgaris|gene=LOC109133640|protein=Beta_vulgaris|gene=LOC109133640|len=299|source=XP_019102751.1|orthogroup=OG0000154	Beta_vulgaris	LOC109133640	Beta_vulgaris|gene=LOC109133640|len=299|source=XP_019102751.1	Beta_vulgaris|gene=LOC109133640|len=299|source=XP_019102751.1 PREDICTED: uncharacterized protein LOC109133640 [Beta vulgaris subsp. vulgaris]	OG0000154	4	XTH / xyloglucan cell-wall remodeling	Cell_wall_remodeling	Tier_A_plus_core_stable_with_lotus_or_ginger	1.0	0.791	Strong validation candidate	Cell-wall remodeling module	rhizome elongation or tuber/storage-organ expansion system	expression profiling across initiation/elongation stages; RNAi/CRISPR or overexpression in a tractable system
UGOseq_000023150	UGOseq_000023150|species=Beta_vulgaris|gene=LOC109133715|protein=Beta_vulgaris|gene=LOC109133715|len=361|source=XP_019102954.1|orthogroup=OG0000154	Beta_vulgaris	LOC109133715	Beta_vulgaris|gene=LOC109133715|len=361|source=XP_019102954.1	Beta_vulgaris|gene=LOC109133715|len=361|source=XP_019102954.1 PREDICTED: uncharacterized protein LOC109133715 [Beta vulgaris subsp. vulgaris]	OG0000154	4	XTH / xyloglucan cell-wall remodeling	Cell_wall_remodeling	Tier_A_plus_core_stable_with_lotus_or_ginger	1.0	0.791	Strong validation candidate	Cell-wall remodeling module	rhizome elongation or tuber/storage-organ expansion system	expression profiling across initiation/elongation stages; RNAi/CRISPR or overexpression in a tractable system
UGOseq_000023245	UGOseq_000023245|species=Beta_vulgaris|gene=LOC109133881|protein=Beta_vulgaris|gene=LOC109133881|len=471|source=XP_019103324.1|orthogroup=OG0000154	Beta_vulgaris	LOC109133881	Beta_vulgaris|gene=LOC109133881|len=471|source=XP_019103324.1	Beta_vulgaris|gene=LOC109133881|len=471|source=XP_019103324.1 PREDICTED: uncharacterized protein LOC109133881 [Beta vulgaris subsp. vulgaris]	OG0000154	4	XTH / xyloglucan cell-wall remodeling	Cell_wall_remodeling	Tier_A_plus_core_stable_with_lotus_or_ginger	1.0	0.791	Strong validation candidate	Cell-wall remodeling module	rhizome elongation or tuber/storage-organ expansion system	expression profiling across initiation/elongation stages; RNAi/CRISPR or overexpression in a tractable system
UGOseq_000023269	UGOseq_000023269|species=Beta_vulgaris|gene=LOC109133921|protein=Beta_vulgaris|gene=LOC109133921|len=629|source=XP_019103379.1|orthogroup=OG0000154	Beta_vulgaris	LOC109133921	Beta_vulgaris|gene=LOC109133921|len=629|source=XP_019103379.1	Beta_vulgaris|gene=LOC109133921|len=629|source=XP_019103379.1 PREDICTED: uncharacterized protein LOC109133921, partial [Beta vulgaris subsp. vulgaris]	OG0000154	4	XTH / xyloglucan cell-wall remodeling	Cell_wall_remodeling	Tier_A_plus_core_stable_with_lotus_or_ginger	1.0	0.791	Strong validation candidate	Cell-wall remodeling module	rhizome elongation or tuber/storage-organ expansion system	expression profiling across initiation/elongation stages; RNAi/CRISPR or overexpression in a tractable system
UGOseq_000023299	UGOseq_000023299|species=Beta_vulgaris|gene=LOC109134289|protein=Beta_vulgaris|gene=LOC109134289|len=295|source=XP_019103425.1|orthogroup=OG0000154	Beta_vulgaris	LOC109134289	Beta_vulgaris|gene=LOC109134289|len=295|source=XP_019103425.1	Beta_vulgaris|gene=LOC109134289|len=295|source=XP_019103425.1 PREDICTED: uncharacterized protein LOC109134289 [Beta vulgaris subsp. vulgaris]	OG0000154	4	XTH / xyloglucan cell-wall remodeling	Cell_wall_remodeling	Tier_A_plus_core_stable_with_lotus_or_ginger	1.0	0.791	Strong validation candidate	Cell-wall remodeling module	rhizome elongation or tuber/storage-organ expansion system	expression profiling across initiation/elongation stages; RNAi/CRISPR or overexpression in a tractable system
UGOseq_000023301	UGOseq_000023301|species=Beta_vulgaris|gene=LOC109134292|protein=Beta_vulgaris|gene=LOC109134292|len=382|source=XP_019103427.1|orthogroup=OG0000154	Beta_vulgaris	LOC109134292	Beta_vulgaris|gene=LOC109134292|len=382|source=XP_019103427.1	Beta_vulgaris|gene=LOC109134292|len=382|source=XP_019103427.1 PREDICTED: uncharacterized protein LOC109134292 [Beta vulgaris subsp. vulgaris]	OG0000154	4	XTH / xyloglucan cell-wall remodeling	Cell_wall_remodeling	Tier_A_plus_core_stable_with_lotus_or_ginger	1.0	0.791	Strong validation candidate	Cell-wall remodeling module	rhizome elongation or tuber/storage-organ expansion system	expression profiling across initiation/elongation stages; RNAi/CRISPR or overexpression in a tractable system
UGOseq_000023315	UGOseq_000023315|species=Beta_vulgaris|gene=LOC109134329|protein=Beta_vulgaris|gene=LOC109134329|len=362|source=XP_019103449.1|orthogroup=OG0000154	Beta_vulgaris	LOC109134329	Beta_vulgaris|gene=LOC109134329|len=362|source=XP_019103449.1	Beta_vulgaris|gene=LOC109134329|len=362|source=XP_019103449.1 PREDICTED: uncharacterized protein LOC109134329, partial [Beta vulgaris subsp. vulgaris]	OG0000154	4	XTH / xyloglucan cell-wall remodeling	Cell_wall_remodeling	Tier_A_plus_core_stable_with_lotus_or_ginger	1.0	0.791	Strong validation candidate	Cell-wall remodeling module	rhizome elongation or tuber/storage-organ expansion system	expression profiling across initiation/elongation stages; RNAi/CRISPR or overexpression in a tractable system
UGOseq_000023338	UGOseq_000023338|species=Beta_vulgaris|gene=LOC109134372|protein=Beta_vulgaris|gene=LOC109134372|len=144|source=XP_019103536.1|orthogroup=OG0000139	Beta_vulgaris	LOC109134372	Beta_vulgaris|gene=LOC109134372|len=144|source=XP_019103536.1	Beta_vulgaris|gene=LOC109134372|len=144|source=XP_019103536.1 PREDICTED: uncharacterized protein LOC109134372 isoform X1 [Beta vulgaris subsp. vulgaris]	OG0000139	1	MYB-like transcriptional regulator	Developmental_TF	Tier_A_core_supported_but_OG_split	1.0	0.173	Review before validation		developmental transition system with clear underground-organ initiation stage	stage-specific expression analysis and targeted perturbation of transcription factor homologs
UGOseq_000023438	UGOseq_000023438|species=Beta_vulgaris|gene=LOC109134555|protein=Beta_vulgaris|gene=LOC109134555|len=1357|source=XP_019103872.1|orthogroup=OG0000139	Beta_vulgaris	LOC109134555	Beta_vulgaris|gene=LOC109134555|len=1357|source=XP_019103872.1	Beta_vulgaris|gene=LOC109134555|len=1357|source=XP_019103872.1 PREDICTED: uncharacterized protein LOC109134555 [Beta vulgaris subsp. vulgaris]	OG0000139	1	MYB-like transcriptional regulator	Developmental_TF	Tier_A_core_supported_but_OG_split	1.0	0.173	Review before validation		developmental transition system with clear underground-organ initiation stage	stage-specific expression analysis and targeted perturbation of transcription factor homologs
UGOseq_000023442	UGOseq_000023442|species=Beta_vulgaris|gene=LOC109134559|protein=Beta_vulgaris|gene=LOC109134559|len=252|source=XP_019103878.1|orthogroup=OG0000139	Beta_vulgaris	LOC109134559	Beta_vulgaris|gene=LOC109134559|len=252|source=XP_019103878.1	Beta_vulgaris|gene=LOC109134559|len=252|source=XP_019103878.1 PREDICTED: uncharacterized protein LOC109134559 [Beta vulgaris subsp. vulgaris]	OG0000139	1	MYB-like transcriptional regulator	Developmental_TF	Tier_A_core_supported_but_OG_split	1.0	0.173	Review before validation		developmental transition system with clear underground-organ initiation stage	stage-specific expression analysis and targeted perturbation of transcription factor homologs
UGOseq_000023462	UGOseq_000023462|species=Beta_vulgaris|gene=LOC109134587|protein=Beta_vulgaris|gene=LOC109134587|len=159|source=XP_019103918.1|orthogroup=OG0000139	Beta_vulgaris	LOC109134587	Beta_vulgaris|gene=LOC109134587|len=159|source=XP_019103918.1	Beta_vulgaris|gene=LOC109134587|len=159|source=XP_019103918.1 PREDICTED: uncharacterized protein LOC109134587 [Beta vulgaris subsp. vulgaris]	OG0000139	1	MYB-like transcriptional regulator	Developmental_TF	Tier_A_core_supported_but_OG_split	1.0	0.173	Review before validation		developmental transition system with clear underground-organ initiation stage	stage-specific expression analysis and targeted perturbation of transcription factor homologs
UGOseq_000023623	UGOseq_000023623|species=Beta_vulgaris|gene=LOC109134908|protein=Beta_vulgaris|gene=LOC109134908|len=309|source=XP_019104862.1|orthogroup=OG0000154	Beta_vulgaris	LOC109134908	Beta_vulgaris|gene=LOC109134908|len=309|source=XP_019104862.1	Beta_vulgaris|gene=LOC109134908|len=309|source=XP_019104862.1 PREDICTED: uncharacterized protein LOC109134908 [Beta vulgaris subsp. vulgaris]	OG0000154	4	XTH / xyloglucan cell-wall remodeling	Cell_wall_remodeling	Tier_A_plus_core_stable_with_lotus_or_ginger	1.0	0.791	Strong validation candidate	Cell-wall remodeling module	rhizome elongation or tuber/storage-organ expansion system	expression profiling across initiation/elongation stages; RNAi/CRISPR or overexpression in a tractable system
UGOseq_000023631	UGOseq_000023631|species=Beta_vulgaris|gene=LOC109134918|protein=Beta_vulgaris|gene=LOC109134918|len=172|source=XP_019104877.1|orthogroup=OG0000154	Beta_vulgaris	LOC109134918	Beta_vulgaris|gene=LOC109134918|len=172|source=XP_019104877.1	Beta_vulgaris|gene=LOC109134918|len=172|source=XP_019104877.1 PREDICTED: uncharacterized protein LOC109134918 [Beta vulgaris subsp. vulgaris]	OG0000154	4	XTH / xyloglucan cell-wall remodeling	Cell_wall_remodeling	Tier_A_plus_core_stable_with_lotus_or_ginger	1.0	0.791	Strong validation candidate	Cell-wall remodeling module	rhizome elongation or tuber/storage-organ expansion system	expression profiling across initiation/elongation stages; RNAi/CRISPR or overexpression in a tractable system
UGOseq_000023729	UGOseq_000023729|species=Beta_vulgaris|gene=LOC109135200|protein=Beta_vulgaris|gene=LOC109135200|len=322|source=XP_019105455.1|orthogroup=OG0000154	Beta_vulgaris	LOC109135200	Beta_vulgaris|gene=LOC109135200|len=322|source=XP_019105455.1	Beta_vulgaris|gene=LOC109135200|len=322|source=XP_019105455.1 PREDICTED: uncharacterized protein LOC109135200 [Beta vulgaris subsp. vulgaris]	OG0000154	4	XTH / xyloglucan cell-wall remodeling	Cell_wall_remodeling	Tier_A_plus_core_stable_with_lotus_or_ginger	1.0	0.791	Strong validation candidate	Cell-wall remodeling module	rhizome elongation or tuber/storage-organ expansion system	expression profiling across initiation/elongation stages; RNAi/CRISPR or overexpression in a tractable system
UGOseq_000023773	UGOseq_000023773|species=Beta_vulgaris|gene=LOC109135251|protein=Beta_vulgaris|gene=LOC109135251|len=151|source=XP_019105537.1|orthogroup=OG0000154	Beta_vulgaris	LOC109135251	Beta_vulgaris|gene=LOC109135251|len=151|source=XP_019105537.1	Beta_vulgaris|gene=LOC109135251|len=151|source=XP_019105537.1 PREDICTED: uncharacterized protein LOC109135251 [Beta vulgaris subsp. vulgaris]	OG0000154	4	XTH / xyloglucan cell-wall remodeling	Cell_wall_remodeling	Tier_A_plus_core_stable_with_lotus_or_ginger	1.0	0.791	Strong validation candidate	Cell-wall remodeling module	rhizome elongation or tuber/storage-organ expansion system	expression profiling across initiation/elongation stages; RNAi/CRISPR or overexpression in a tractable system
UGOseq_000023841	UGOseq_000023841|species=Beta_vulgaris|gene=LOC109135448|protein=Beta_vulgaris|gene=LOC109135448|len=547|source=XP_019106100.1|orthogroup=OG0000139	Beta_vulgaris	LOC109135448	Beta_vulgaris|gene=LOC109135448|len=547|source=XP_019106100.1	Beta_vulgaris|gene=LOC109135448|len=547|source=XP_019106100.1 PREDICTED: uncharacterized protein LOC109135448 [Beta vulgaris subsp. vulgaris]	OG0000139	1	MYB-like transcriptional regulator	Developmental_TF	Tier_A_core_supported_but_OG_split	1.0	0.173	Review before validation		developmental transition system with clear underground-organ initiation stage	stage-specific expression analysis and targeted perturbation of transcription factor homologs
UGOseq_000023858	UGOseq_000023858|species=Beta_vulgaris|gene=LOC109135466|protein=Beta_vulgaris|gene=LOC109135466|len=208|source=XP_019106124.1|orthogroup=OG0000154	Beta_vulgaris	LOC109135466	Beta_vulgaris|gene=LOC109135466|len=208|source=XP_019106124.1	Beta_vulgaris|gene=LOC109135466|len=208|source=XP_019106124.1 PREDICTED: uncharacterized protein LOC109135466 [Beta vulgaris subsp. vulgaris]	OG0000154	4	XTH / xyloglucan cell-wall remodeling	Cell_wall_remodeling	Tier_A_plus_core_stable_with_lotus_or_ginger	1.0	0.791	Strong validation candidate	Cell-wall remodeling module	rhizome elongation or tuber/storage-organ expansion system	expression profiling across initiation/elongation stages; RNAi/CRISPR or overexpression in a tractable system
UGOseq_000023874	UGOseq_000023874|species=Beta_vulgaris|gene=LOC109135486|protein=Beta_vulgaris|gene=LOC109135486|len=318|source=XP_019106145.1|orthogroup=OG0000154	Beta_vulgaris	LOC109135486	Beta_vulgaris|gene=LOC109135486|len=318|source=XP_019106145.1	Beta_vulgaris|gene=LOC109135486|len=318|source=XP_019106145.1 PREDICTED: uncharacterized protein LOC109135486 [Beta vulgaris subsp. vulgaris]	OG0000154	4	XTH / xyloglucan cell-wall remodeling	Cell_wall_remodeling	Tier_A_plus_core_stable_with_lotus_or_ginger	1.0	0.791	Strong validation candidate	Cell-wall remodeling module	rhizome elongation or tuber/storage-organ expansion system	expression profiling across initiation/elongation stages; RNAi/CRISPR or overexpression in a tractable system
UGOseq_000023878	UGOseq_000023878|species=Beta_vulgaris|gene=LOC109135491|protein=Beta_vulgaris|gene=LOC109135491|len=503|source=XP_019106150.1|orthogroup=OG0000154	Beta_vulgaris	LOC109135491	Beta_vulgaris|gene=LOC109135491|len=503|source=XP_019106150.1	Beta_vulgaris|gene=LOC109135491|len=503|source=XP_019106150.1 PREDICTED: uncharacterized protein LOC109135491 [Beta vulgaris subsp. vulgaris]	OG0000154	4	XTH / xyloglucan cell-wall remodeling	Cell_wall_remodeling	Tier_A_plus_core_stable_with_lotus_or_ginger	1.0	0.791	Strong validation candidate	Cell-wall remodeling module	rhizome elongation or tuber/storage-organ expansion system	expression profiling across initiation/elongation stages; RNAi/CRISPR or overexpression in a tractable system
UGOseq_000024224	UGOseq_000024224|species=Beta_vulgaris|gene=LOC109136340|protein=Beta_vulgaris|gene=LOC109136340|len=323|source=XP_019107887.1|orthogroup=OG0000139	Beta_vulgaris	LOC109136340	Beta_vulgaris|gene=LOC109136340|len=323|source=XP_019107887.1	Beta_vulgaris|gene=LOC109136340|len=323|source=XP_019107887.1 PREDICTED: uncharacterized protein LOC109136340 [Beta vulgaris subsp. vulgaris]	OG0000139	1	MYB-like transcriptional regulator	Developmental_TF	Tier_A_core_supported_but_OG_split	1.0	0.173	Review before validation		developmental transition system with clear underground-organ initiation stage	stage-specific expression analysis and targeted perturbation of transcription factor homologs
UGOseq_000024267	UGOseq_000024267|species=Beta_vulgaris|gene=LOC109136424|protein=Beta_vulgaris|gene=LOC109136424|len=239|source=XP_019108065.1|orthogroup=OG0000139	Beta_vulgaris	LOC109136424	Beta_vulgaris|gene=LOC109136424|len=239|source=XP_019108065.1	Beta_vulgaris|gene=LOC109136424|len=239|source=XP_019108065.1 PREDICTED: uncharacterized protein LOC109136424 [Beta vulgaris subsp. vulgaris]	OG0000139	1	MYB-like transcriptional regulator	Developmental_TF	Tier_A_core_supported_but_OG_split	1.0	0.173	Review before validation		developmental transition system with clear underground-organ initiation stage	stage-specific expression analysis and targeted perturbation of transcription factor homologs
UGOseq_000024346	UGOseq_000024346|species=Beta_vulgaris|gene=LOC109136571|protein=Beta_vulgaris|gene=LOC109136571|len=167|source=XP_019108348.1|orthogroup=OG0000139	Beta_vulgaris	LOC109136571	Beta_vulgaris|gene=LOC109136571|len=167|source=XP_019108348.1	Beta_vulgaris|gene=LOC109136571|len=167|source=XP_019108348.1 PREDICTED: uncharacterized protein LOC109136571 [Beta vulgaris subsp. vulgaris]	OG0000139	1	MYB-like transcriptional regulator	Developmental_TF	Tier_A_core_supported_but_OG_split	1.0	0.173	Review before validation		developmental transition system with clear underground-organ initiation stage	stage-specific expression analysis and targeted perturbation of transcription factor homologs
UGOseq_000024801	UGOseq_000024801|species=Brassica_rapa|gene=LOC103827703|protein=Brassica_rapa|gene=LOC103827703|len=399|source=XP_033128287.1|orthogroup=OG0000767	Brassica_rapa	LOC103827703	Brassica_rapa|gene=LOC103827703|len=399|source=XP_033128287.1	Brassica_rapa|gene=LOC103827703|len=399|source=XP_033128287.1 transcription factor bHLH28 [Brassica rapa]	OG0000767	11	bHLH-like transcriptional regulator	Developmental_TF	Tier_A_supported_main_text_candidate	0.678	0.821	Strong validation candidate		developmental transition system with clear underground-organ initiation stage	stage-specific expression analysis and targeted perturbation of transcription factor homologs
UGOseq_000024805	UGOseq_000024805|species=Brassica_rapa|gene=LOC103827709|protein=Brassica_rapa|gene=LOC103827709|len=580|source=XP_009101493.1|orthogroup=OG0000767	Brassica_rapa	LOC103827709	Brassica_rapa|gene=LOC103827709|len=580|source=XP_009101493.1	Brassica_rapa|gene=LOC103827709|len=580|source=XP_009101493.1 transcription factor MYC3 [Brassica rapa]	OG0000767	11	bHLH-like transcriptional regulator	Developmental_TF	Tier_A_supported_main_text_candidate	0.678	0.821	Strong validation candidate		developmental transition system with clear underground-organ initiation stage	stage-specific expression analysis and targeted perturbation of transcription factor homologs
UGOseq_000024939	UGOseq_000024939|species=Brassica_rapa|gene=LOC103827867|protein=Brassica_rapa|gene=LOC103827867|len=271|source=XP_009101672.1|orthogroup=OG0000767	Brassica_rapa	LOC103827867	Brassica_rapa|gene=LOC103827867|len=271|source=XP_009101672.1	Brassica_rapa|gene=LOC103827867|len=271|source=XP_009101672.1 transcription factor bHLH28 [Brassica rapa]	OG0000767	11	bHLH-like transcriptional regulator	Developmental_TF	Tier_A_supported_main_text_candidate	0.678	0.821	Strong validation candidate		developmental transition system with clear underground-organ initiation stage	stage-specific expression analysis and targeted perturbation of transcription factor homologs
UGOseq_000027674	UGOseq_000027674|species=Brassica_rapa|gene=LOC103831344|protein=Brassica_rapa|gene=LOC103831344|len=270|source=XP_009105493.1|orthogroup=OG0000273	Brassica_rapa	LOC103831344	Brassica_rapa|gene=LOC103831344|len=270|source=XP_009105493.1	Brassica_rapa|gene=LOC103831344|len=270|source=XP_009105493.1 NAC transcription factor 29 [Brassica rapa]	OG0000273	11	bHLH-like transcriptional regulator	Developmental_TF	Tier_A_plus_core_stable_with_lotus_or_ginger	0.678	0.821	Strong validation candidate	Developmental transcription-factor module	developmental transition system with clear underground-organ initiation stage	stage-specific expression analysis and targeted perturbation of transcription factor homologs
UGOseq_000031547	UGOseq_000031547|species=Brassica_rapa|gene=LOC103836317|protein=Brassica_rapa|gene=LOC103836317|len=278|source=XP_009110809.1|orthogroup=OG0003725	Brassica_rapa	LOC103836317	Brassica_rapa|gene=LOC103836317|len=278|source=XP_009110809.1	Brassica_rapa|gene=LOC103836317|len=278|source=XP_009110809.1 double-stranded RNA-binding protein 1 [Brassica rapa]	OG0003725	10	NAC-like transcriptional regulator	Developmental_TF	Tier_B_no_new_lotus_ginger_support	1.0	0.867	Top validation-ready candidate		developmental transition system with clear underground-organ initiation stage	stage-specific expression analysis and targeted perturbation of transcription factor homologs
UGOseq_000031895	UGOseq_000031895|species=Brassica_rapa|gene=LOC103836713|protein=Brassica_rapa|gene=LOC103836713|len=807|source=XP_009111255.1|orthogroup=OG0004958	Brassica_rapa	LOC103836713	Brassica_rapa|gene=LOC103836713|len=807|source=XP_009111255.1	Brassica_rapa|gene=LOC103836713|len=807|source=XP_009111255.1 ent-copalyl diphosphate synthase, chloroplastic [Brassica rapa]	OG0004958	11	Non-symbiotic hemoglobin / stress-resilience candidate	Stress_resilience	Tier_A_supported_main_text_candidate	1.0	0.95	Top validation-ready candidate	Stress-resilience module	regrowth or stress-resilience underground-organ system	stress/regrowth expression profiling and survival/regrowth phenotyping
UGOseq_000034137	UGOseq_000034137|species=Brassica_rapa|gene=LOC103839572|protein=Brassica_rapa|gene=LOC103839572|len=509|source=XP_009114323.2|orthogroup=OG0000767	Brassica_rapa	LOC103839572	Brassica_rapa|gene=LOC103839572|len=509|source=XP_009114323.2	Brassica_rapa|gene=LOC103839572|len=509|source=XP_009114323.2 transcription factor bHLH28 [Brassica rapa]	OG0000767	11	bHLH-like transcriptional regulator	Developmental_TF	Tier_A_supported_main_text_candidate	0.678	0.821	Strong validation candidate		developmental transition system with clear underground-organ initiation stage	stage-specific expression analysis and targeted perturbation of transcription factor homologs
UGOseq_000034138	UGOseq_000034138|species=Brassica_rapa|gene=LOC103839575|protein=Brassica_rapa|gene=LOC103839575|len=507|source=XP_033136834.1|orthogroup=OG0000767	Brassica_rapa	LOC103839575	Brassica_rapa|gene=LOC103839575|len=507|source=XP_033136834.1	Brassica_rapa|gene=LOC103839575|len=507|source=XP_033136834.1 transcription factor MYC1 [Brassica rapa]	OG0000767	11	bHLH-like transcriptional regulator	Developmental_TF	Tier_A_supported_main_text_candidate	0.678	0.821	Strong validation candidate		developmental transition system with clear underground-organ initiation stage	stage-specific expression analysis and targeted perturbation of transcription factor homologs
UGOseq_000034142	UGOseq_000034142|species=Brassica_rapa|gene=LOC103839580|protein=Brassica_rapa|gene=LOC103839580|len=563|source=XP_009114329.1|orthogroup=OG0000767	Brassica_rapa	LOC103839580	Brassica_rapa|gene=LOC103839580|len=563|source=XP_009114329.1	Brassica_rapa|gene=LOC103839580|len=563|source=XP_009114329.1 transcription factor MYC3 [Brassica rapa]	OG0000767	11	bHLH-like transcriptional regulator	Developmental_TF	Tier_A_supported_main_text_candidate	0.678	0.821	Strong validation candidate		developmental transition system with clear underground-organ initiation stage	stage-specific expression analysis and targeted perturbation of transcription factor homologs
UGOseq_000036726	UGOseq_000036726|species=Brassica_rapa|gene=LOC103842932|protein=Brassica_rapa|gene=LOC103842932|len=357|source=XP_009117866.1|orthogroup=OG0000863	Brassica_rapa	LOC103842932	Brassica_rapa|gene=LOC103842932|len=357|source=XP_009117866.1	Brassica_rapa|gene=LOC103842932|len=357|source=XP_009117866.1 UDP-arabinopyranose mutase 1 [Brassica rapa]	OG0000863	11	Early nodulin-like meristem/regrowth candidate	Meristem_bud_regrowth	Tier_A_supported_main_text_candidate	1.0	0.95	Top validation-ready candidate	Meristem and regrowth module	rhizome bud, root crown, or regrowth system	bud activation/regrowth-stage expression analysis followed by perturbation
UGOseq_000039460	UGOseq_000039460|species=Brassica_rapa|gene=LOC103846395|protein=Brassica_rapa|gene=LOC103846395|len=357|source=XP_009121556.2|orthogroup=OG0000863	Brassica_rapa	LOC103846395	Brassica_rapa|gene=LOC103846395|len=357|source=XP_009121556.2	Brassica_rapa|gene=LOC103846395|len=357|source=XP_009121556.2 UDP-arabinopyranose mutase 2 [Brassica rapa]	OG0000863	11	Early nodulin-like meristem/regrowth candidate	Meristem_bud_regrowth	Tier_A_supported_main_text_candidate	1.0	0.95	Top validation-ready candidate	Meristem and regrowth module	rhizome bud, root crown, or regrowth system	bud activation/regrowth-stage expression analysis followed by perturbation
UGOseq_000041876	UGOseq_000041876|species=Brassica_rapa|gene=LOC103850060|protein=Brassica_rapa|gene=LOC103850060|len=357|source=XP_009125011.1|orthogroup=OG0000273	Brassica_rapa	LOC103850060	Brassica_rapa|gene=LOC103850060|len=357|source=XP_009125011.1	Brassica_rapa|gene=LOC103850060|len=357|source=XP_009125011.1 NAC transcription factor 47 [Brassica rapa]	OG0000273	11	bHLH-like transcriptional regulator	Developmental_TF	Tier_A_plus_core_stable_with_lotus_or_ginger	0.678	0.821	Strong validation candidate	Developmental transcription-factor module	developmental transition system with clear underground-organ initiation stage	stage-specific expression analysis and targeted perturbation of transcription factor homologs
UGOseq_000042690	UGOseq_000042690|species=Brassica_rapa|gene=LOC103850998|protein=Brassica_rapa|gene=LOC103850998|len=363|source=XP_018512493.2|orthogroup=OG0000863	Brassica_rapa	LOC103850998	Brassica_rapa|gene=LOC103850998|len=363|source=XP_018512493.2	Brassica_rapa|gene=LOC103850998|len=363|source=XP_018512493.2 UDP-arabinopyranose mutase 2 [Brassica rapa]	OG0000863	11	Early nodulin-like meristem/regrowth candidate	Meristem_bud_regrowth	Tier_A_supported_main_text_candidate	1.0	0.95	Top validation-ready candidate	Meristem and regrowth module	rhizome bud, root crown, or regrowth system	bud activation/regrowth-stage expression analysis followed by perturbation
UGOseq_000045916	UGOseq_000045916|species=Brassica_rapa|gene=LOC103855213|protein=Brassica_rapa|gene=LOC103855213|len=325|source=XP_009130419.2|orthogroup=OG0000273	Brassica_rapa	LOC103855213	Brassica_rapa|gene=LOC103855213|len=325|source=XP_009130419.2	Brassica_rapa|gene=LOC103855213|len=325|source=XP_009130419.2 NAC transcription factor 47 [Brassica rapa]	OG0000273	11	bHLH-like transcriptional regulator	Developmental_TF	Tier_A_plus_core_stable_with_lotus_or_ginger	0.678	0.821	Strong validation candidate	Developmental transcription-factor module	developmental transition system with clear underground-organ initiation stage	stage-specific expression analysis and targeted perturbation of transcription factor homologs
UGOseq_000046438	UGOseq_000046438|species=Brassica_rapa|gene=LOC103855832|protein=Brassica_rapa|gene=LOC103855832|len=590|source=XP_009131125.3|orthogroup=OG0000767	Brassica_rapa	LOC103855832	Brassica_rapa|gene=LOC103855832|len=590|source=XP_009131125.3	Brassica_rapa|gene=LOC103855832|len=590|source=XP_009131125.3 transcription factor MYC4 [Brassica rapa]	OG0000767	11	bHLH-like transcriptional regulator	Developmental_TF	Tier_A_supported_main_text_candidate	0.678	0.821	Strong validation candidate		developmental transition system with clear underground-organ initiation stage	stage-specific expression analysis and targeted perturbation of transcription factor homologs
UGOseq_000046725	UGOseq_000046725|species=Brassica_rapa|gene=LOC103856155|protein=Brassica_rapa|gene=LOC103856155|len=363|source=XP_009131489.2|orthogroup=OG0000863	Brassica_rapa	LOC103856155	Brassica_rapa|gene=LOC103856155|len=363|source=XP_009131489.2	Brassica_rapa|gene=LOC103856155|len=363|source=XP_009131489.2 UDP-arabinopyranose mutase 2 [Brassica rapa]	OG0000863	11	Early nodulin-like meristem/regrowth candidate	Meristem_bud_regrowth	Tier_A_supported_main_text_candidate	1.0	0.95	Top validation-ready candidate	Meristem and regrowth module	rhizome bud, root crown, or regrowth system	bud activation/regrowth-stage expression analysis followed by perturbation
UGOseq_000049102	UGOseq_000049102|species=Brassica_rapa|gene=LOC103858948|protein=Brassica_rapa|gene=LOC103858948|len=357|source=XP_009134656.1|orthogroup=OG0000863	Brassica_rapa	LOC103858948	Brassica_rapa|gene=LOC103858948|len=357|source=XP_009134656.1	Brassica_rapa|gene=LOC103858948|len=357|source=XP_009134656.1 UDP-arabinopyranose mutase 1 [Brassica rapa]	OG0000863	11	Early nodulin-like meristem/regrowth candidate	Meristem_bud_regrowth	Tier_A_supported_main_text_candidate	1.0	0.95	Top validation-ready candidate	Meristem and regrowth module	rhizome bud, root crown, or regrowth system	bud activation/regrowth-stage expression analysis followed by perturbation
UGOseq_000049429	UGOseq_000049429|species=Brassica_rapa|gene=LOC103859324|protein=Brassica_rapa|gene=LOC103859324|len=363|source=XP_009135081.1|orthogroup=OG0000863	Brassica_rapa	LOC103859324	Brassica_rapa|gene=LOC103859324|len=363|source=XP_009135081.1	Brassica_rapa|gene=LOC103859324|len=363|source=XP_009135081.1 UDP-arabinopyranose mutase 3 [Brassica rapa]	OG0000863	11	Early nodulin-like meristem/regrowth candidate	Meristem_bud_regrowth	Tier_A_supported_main_text_candidate	1.0	0.95	Top validation-ready candidate	Meristem and regrowth module	rhizome bud, root crown, or regrowth system	bud activation/regrowth-stage expression analysis followed by perturbation
UGOseq_000050076	UGOseq_000050076|species=Brassica_rapa|gene=LOC103860100|protein=Brassica_rapa|gene=LOC103860100|len=796|source=XP_033142129.1|orthogroup=OG0004958	Brassica_rapa	LOC103860100	Brassica_rapa|gene=LOC103860100|len=796|source=XP_033142129.1	Brassica_rapa|gene=LOC103860100|len=796|source=XP_033142129.1 ent-copalyl diphosphate synthase, chloroplastic [Brassica rapa]	OG0004958	11	Non-symbiotic hemoglobin / stress-resilience candidate	Stress_resilience	Tier_A_supported_main_text_candidate	1.0	0.95	Top validation-ready candidate	Stress-resilience module	regrowth or stress-resilience underground-organ system	stress/regrowth expression profiling and survival/regrowth phenotyping
UGOseq_000053003	UGOseq_000053003|species=Brassica_rapa|gene=LOC103863970|protein=Brassica_rapa|gene=LOC103863970|len=445|source=XP_009139986.1|orthogroup=OG0006937	Brassica_rapa	LOC103863970	Brassica_rapa|gene=LOC103863970|len=445|source=XP_009139986.1	Brassica_rapa|gene=LOC103863970|len=445|source=XP_009139986.1 protein farnesyltransferase subunit beta [Brassica rapa]	OG0006937	11	Carotenoid cleavage dioxygenase / hormone-related regulation	Hormone_regulation	Tier_B_no_new_lotus_ginger_support	1.0	0.89	Top validation-ready candidate	Hormone-related regulation module	storage-root/tuber or hormone-responsive underground-organ system	hormone-response expression analysis and candidate perturbation
UGOseq_000053187	UGOseq_000053187|species=Brassica_rapa|gene=LOC103864229|protein=Brassica_rapa|gene=LOC103864229|len=459|source=XP_033145950.1|orthogroup=OG0006937	Brassica_rapa	LOC103864229	Brassica_rapa|gene=LOC103864229|len=459|source=XP_033145950.1	Brassica_rapa|gene=LOC103864229|len=459|source=XP_033145950.1 protein farnesyltransferase subunit beta-like isoform X1 [Brassica rapa]	OG0006937	11	Carotenoid cleavage dioxygenase / hormone-related regulation	Hormone_regulation	Tier_B_no_new_lotus_ginger_support	1.0	0.89	Top validation-ready candidate	Hormone-related regulation module	storage-root/tuber or hormone-responsive underground-organ system	hormone-response expression analysis and candidate perturbation
UGOseq_000058132	UGOseq_000058132|species=Brassica_rapa|gene=LOC103870583|protein=Brassica_rapa|gene=LOC103870583|len=367|source=XP_009146975.2|orthogroup=OG0000863	Brassica_rapa	LOC103870583	Brassica_rapa|gene=LOC103870583|len=367|source=XP_009146975.2	Brassica_rapa|gene=LOC103870583|len=367|source=XP_009146975.2 UDP-arabinopyranose mutase 3 [Brassica rapa]	OG0000863	11	Early nodulin-like meristem/regrowth candidate	Meristem_bud_regrowth	Tier_A_supported_main_text_candidate	1.0	0.95	Top validation-ready candidate	Meristem and regrowth module	rhizome bud, root crown, or regrowth system	bud activation/regrowth-stage expression analysis followed by perturbation
UGOseq_000058430	UGOseq_000058430|species=Brassica_rapa|gene=LOC103870925|protein=Brassica_rapa|gene=LOC103870925|len=357|source=XP_009147367.1|orthogroup=OG0000863	Brassica_rapa	LOC103870925	Brassica_rapa|gene=LOC103870925|len=357|source=XP_009147367.1	Brassica_rapa|gene=LOC103870925|len=357|source=XP_009147367.1 UDP-arabinopyranose mutase 1 [Brassica rapa]	OG0000863	11	Early nodulin-like meristem/regrowth candidate	Meristem_bud_regrowth	Tier_A_supported_main_text_candidate	1.0	0.95	Top validation-ready candidate	Meristem and regrowth module	rhizome bud, root crown, or regrowth system	bud activation/regrowth-stage expression analysis followed by perturbation
UGOseq_000059136	UGOseq_000059136|species=Brassica_rapa|gene=LOC103871744|protein=Brassica_rapa|gene=LOC103871744|len=274|source=XP_009148271.1|orthogroup=OG0003725	Brassica_rapa	LOC103871744	Brassica_rapa|gene=LOC103871744|len=274|source=XP_009148271.1	Brassica_rapa|gene=LOC103871744|len=274|source=XP_009148271.1 double-stranded RNA-binding protein 1 isoform X1 [Brassica rapa]	OG0003725	10	NAC-like transcriptional regulator	Developmental_TF	Tier_B_no_new_lotus_ginger_support	1.0	0.867	Top validation-ready candidate		developmental transition system with clear underground-organ initiation stage	stage-specific expression analysis and targeted perturbation of transcription factor homologs
UGOseq_000061428	UGOseq_000061428|species=Brassica_rapa|gene=LOC103874758|protein=Brassica_rapa|gene=LOC103874758|len=605|source=XP_009151447.1|orthogroup=OG0000767	Brassica_rapa	LOC103874758	Brassica_rapa|gene=LOC103874758|len=605|source=XP_009151447.1	Brassica_rapa|gene=LOC103874758|len=605|source=XP_009151447.1 transcription factor MYC2 [Brassica rapa]	OG0000767	11	bHLH-like transcriptional regulator	Developmental_TF	Tier_A_supported_main_text_candidate	0.678	0.821	Strong validation candidate		developmental transition system with clear underground-organ initiation stage	stage-specific expression analysis and targeted perturbation of transcription factor homologs
UGOseq_000065804	UGOseq_000065804|species=Brassica_rapa|gene=NAP|protein=Brassica_rapa|gene=NAP|len=271|source=XP_009105596.3|orthogroup=OG0000273	Brassica_rapa	NAP	Brassica_rapa|gene=NAP|len=271|source=XP_009105596.3	Brassica_rapa|gene=NAP|len=271|source=XP_009105596.3 NAC transcription factor 29 isoform X2 [Brassica rapa]	OG0000273	11	bHLH-like transcriptional regulator	Developmental_TF	Tier_A_plus_core_stable_with_lotus_or_ginger	0.678	0.821	Strong validation candidate	Developmental transcription-factor module	developmental transition system with clear underground-organ initiation stage	stage-specific expression analysis and targeted perturbation of transcription factor homologs
UGOseq_000067627	UGOseq_000067627|species=Daucus_carota|gene=DCAR_002079|protein=DCAR_002079|orthogroup=OG0000273	Daucus_carota	DCAR_002079	DCAR_002079	DCAR_002079 species=Daucus_carota selected_protein=KZN09423 length=423	OG0000273	11	bHLH-like transcriptional regulator	Developmental_TF	Tier_A_plus_core_stable_with_lotus_or_ginger	0.678	0.821	Strong validation candidate	Developmental transcription-factor module	developmental transition system with clear underground-organ initiation stage	stage-specific expression analysis and targeted perturbation of transcription factor homologs
UGOseq_000070911	UGOseq_000070911|species=Daucus_carota|gene=DCAR_005363|protein=DCAR_005363|orthogroup=OG0000273	Daucus_carota	DCAR_005363	DCAR_005363	DCAR_005363 species=Daucus_carota selected_protein=KZN04526 length=413	OG0000273	11	bHLH-like transcriptional regulator	Developmental_TF	Tier_A_plus_core_stable_with_lotus_or_ginger	0.678	0.821	Strong validation candidate	Developmental transcription-factor module	developmental transition system with clear underground-organ initiation stage	stage-specific expression analysis and targeted perturbation of transcription factor homologs
UGOseq_000071179	UGOseq_000071179|species=Daucus_carota|gene=DCAR_005631|protein=DCAR_005631|orthogroup=OG0000767	Daucus_carota	DCAR_005631	DCAR_005631	DCAR_005631 species=Daucus_carota selected_protein=KZN04794 length=588	OG0000767	11	bHLH-like transcriptional regulator	Developmental_TF	Tier_A_supported_main_text_candidate	0.678	0.821	Strong validation candidate		developmental transition system with clear underground-organ initiation stage	stage-specific expression analysis and targeted perturbation of transcription factor homologs
UGOseq_000071602	UGOseq_000071602|species=Daucus_carota|gene=DCAR_006054|protein=DCAR_006054|orthogroup=OG0000273	Daucus_carota	DCAR_006054	DCAR_006054	DCAR_006054 species=Daucus_carota selected_protein=KZN05217 length=297	OG0000273	11	bHLH-like transcriptional regulator	Developmental_TF	Tier_A_plus_core_stable_with_lotus_or_ginger	0.678	0.821	Strong validation candidate	Developmental transcription-factor module	developmental transition system with clear underground-organ initiation stage	stage-specific expression analysis and targeted perturbation of transcription factor homologs
UGOseq_000073818	UGOseq_000073818|species=Daucus_carota|gene=DCAR_008270|protein=DCAR_008270|orthogroup=OG0000767	Daucus_carota	DCAR_008270	DCAR_008270	DCAR_008270 species=Daucus_carota selected_protein=KZN07433 length=624	OG0000767	11	bHLH-like transcriptional regulator	Developmental_TF	Tier_A_supported_main_text_candidate	0.678	0.821	Strong validation candidate		developmental transition system with clear underground-organ initiation stage	stage-specific expression analysis and targeted perturbation of transcription factor homologs
UGOseq_000075718	UGOseq_000075718|species=Daucus_carota|gene=DCAR_010170|protein=DCAR_010170|orthogroup=OG0000863	Daucus_carota	DCAR_010170	DCAR_010170	DCAR_010170 species=Daucus_carota selected_protein=KZN01416 length=364	OG0000863	11	Early nodulin-like meristem/regrowth candidate	Meristem_bud_regrowth	Tier_A_supported_main_text_candidate	1.0	0.95	Top validation-ready candidate	Meristem and regrowth module	rhizome bud, root crown, or regrowth system	bud activation/regrowth-stage expression analysis followed by perturbation
UGOseq_000076573	UGOseq_000076573|species=Daucus_carota|gene=DCAR_011025|protein=DCAR_011025|orthogroup=OG0000863	Daucus_carota	DCAR_011025	DCAR_011025	DCAR_011025 species=Daucus_carota selected_protein=KZN02271 length=330	OG0000863	11	Early nodulin-like meristem/regrowth candidate	Meristem_bud_regrowth	Tier_A_supported_main_text_candidate	1.0	0.95	Top validation-ready candidate	Meristem and regrowth module	rhizome bud, root crown, or regrowth system	bud activation/regrowth-stage expression analysis followed by perturbation
UGOseq_000078029	UGOseq_000078029|species=Daucus_carota|gene=DCAR_012483|protein=DCAR_012483|orthogroup=OG0004958	Daucus_carota	DCAR_012483	DCAR_012483	DCAR_012483 species=Daucus_carota selected_protein=KZN03727 length=761	OG0004958	11	Non-symbiotic hemoglobin / stress-resilience candidate	Stress_resilience	Tier_A_supported_main_text_candidate	1.0	0.95	Top validation-ready candidate	Stress-resilience module	regrowth or stress-resilience underground-organ system	stress/regrowth expression profiling and survival/regrowth phenotyping
UGOseq_000080586	UGOseq_000080586|species=Daucus_carota|gene=DCAR_015040|protein=DCAR_015040|orthogroup=OG0006937	Daucus_carota	DCAR_015040	DCAR_015040	DCAR_015040 species=Daucus_carota selected_protein=KZM97598 length=384	OG0006937	11	Carotenoid cleavage dioxygenase / hormone-related regulation	Hormone_regulation	Tier_B_no_new_lotus_ginger_support	1.0	0.89	Top validation-ready candidate	Hormone-related regulation module	storage-root/tuber or hormone-responsive underground-organ system	hormone-response expression analysis and candidate perturbation
UGOseq_000083968	UGOseq_000083968|species=Daucus_carota|gene=DCAR_018422|protein=DCAR_018422|orthogroup=OG0004958	Daucus_carota	DCAR_018422	DCAR_018422	DCAR_018422 species=Daucus_carota selected_protein=KZM95180 length=687	OG0004958	11	Non-symbiotic hemoglobin / stress-resilience candidate	Stress_resilience	Tier_A_supported_main_text_candidate	1.0	0.95	Top validation-ready candidate	Stress-resilience module	regrowth or stress-resilience underground-organ system	stress/regrowth expression profiling and survival/regrowth phenotyping
UGOseq_000084865	UGOseq_000084865|species=Daucus_carota|gene=DCAR_019319|protein=DCAR_019319|orthogroup=OG0003725	Daucus_carota	DCAR_019319	DCAR_019319	DCAR_019319 species=Daucus_carota selected_protein=KZM96077 length=342	OG0003725	10	NAC-like transcriptional regulator	Developmental_TF	Tier_B_no_new_lotus_ginger_support	1.0	0.867	Top validation-ready candidate		developmental transition system with clear underground-organ initiation stage	stage-specific expression analysis and targeted perturbation of transcription factor homologs
UGOseq_000085036	UGOseq_000085036|species=Daucus_carota|gene=DCAR_019490|protein=DCAR_019490|orthogroup=OG0004958	Daucus_carota	DCAR_019490	DCAR_019490	DCAR_019490 species=Daucus_carota selected_protein=KZM96248 length=819	OG0004958	11	Non-symbiotic hemoglobin / stress-resilience candidate	Stress_resilience	Tier_A_supported_main_text_candidate	1.0	0.95	Top validation-ready candidate	Stress-resilience module	regrowth or stress-resilience underground-organ system	stress/regrowth expression profiling and survival/regrowth phenotyping
UGOseq_000086970	UGOseq_000086970|species=Daucus_carota|gene=DCAR_021424|protein=DCAR_021424|orthogroup=OG0000863	Daucus_carota	DCAR_021424	DCAR_021424	DCAR_021424 species=Daucus_carota selected_protein=KZM91211 length=353	OG0000863	11	Early nodulin-like meristem/regrowth candidate	Meristem_bud_regrowth	Tier_A_supported_main_text_candidate	1.0	0.95	Top validation-ready candidate	Meristem and regrowth module	rhizome bud, root crown, or regrowth system	bud activation/regrowth-stage expression analysis followed by perturbation
UGOseq_000090509	UGOseq_000090509|species=Daucus_carota|gene=DCAR_024963|protein=DCAR_024963|orthogroup=OG0000767	Daucus_carota	DCAR_024963	DCAR_024963	DCAR_024963 species=Daucus_carota selected_protein=KZM87862 length=607	OG0000767	11	bHLH-like transcriptional regulator	Developmental_TF	Tier_A_supported_main_text_candidate	0.678	0.821	Strong validation candidate		developmental transition system with clear underground-organ initiation stage	stage-specific expression analysis and targeted perturbation of transcription factor homologs
UGOseq_000096547	UGOseq_000096547|species=Daucus_carota|gene=DCAR_031001|protein=DCAR_031001|orthogroup=OG0000273	Daucus_carota	DCAR_031001	DCAR_031001	DCAR_031001 species=Daucus_carota selected_protein=KZM83432 length=238	OG0000273	11	bHLH-like transcriptional regulator	Developmental_TF	Tier_A_plus_core_stable_with_lotus_or_ginger	0.678	0.821	Strong validation candidate	Developmental transcription-factor module	developmental transition system with clear underground-organ initiation stage	stage-specific expression analysis and targeted perturbation of transcription factor homologs
UGOseq_000098684	UGOseq_000098684|species=Dioscorea_rotundata|gene=LOC120249930|protein=XP_039114574.1|orthogroup=OG0000154	Dioscorea_rotundata	LOC120249930	XP_039114574.1	Dioscorea_rotundata|gene=LOC120249930|protein=XP_039114574.1|len=338|method=protein_to_gene	OG0000154	4	XTH / xyloglucan cell-wall remodeling	Cell_wall_remodeling	Tier_A_plus_core_stable_with_lotus_or_ginger	1.0	0.791	Strong validation candidate	Cell-wall remodeling module	rhizome elongation or tuber/storage-organ expansion system	expression profiling across initiation/elongation stages; RNAi/CRISPR or overexpression in a tractable system
UGOseq_000098950	UGOseq_000098950|species=Dioscorea_rotundata|gene=LOC120250226|protein=XP_039114955.1|orthogroup=OG0000273	Dioscorea_rotundata	LOC120250226	XP_039114955.1	Dioscorea_rotundata|gene=LOC120250226|protein=XP_039114955.1|len=264|method=protein_to_gene	OG0000273	11	bHLH-like transcriptional regulator	Developmental_TF	Tier_A_plus_core_stable_with_lotus_or_ginger	0.678	0.821	Strong validation candidate	Developmental transcription-factor module	developmental transition system with clear underground-organ initiation stage	stage-specific expression analysis and targeted perturbation of transcription factor homologs
UGOseq_000099498	UGOseq_000099498|species=Dioscorea_rotundata|gene=LOC120251177|protein=XP_039115649.1|orthogroup=OG0006937	Dioscorea_rotundata	LOC120251177	XP_039115649.1	Dioscorea_rotundata|gene=LOC120251177|protein=XP_039115649.1|len=162|method=protein_to_gene	OG0006937	11	Carotenoid cleavage dioxygenase / hormone-related regulation	Hormone_regulation	Tier_B_no_new_lotus_ginger_support	1.0	0.89	Top validation-ready candidate	Hormone-related regulation module	storage-root/tuber or hormone-responsive underground-organ system	hormone-response expression analysis and candidate perturbation
UGOseq_000099687	UGOseq_000099687|species=Dioscorea_rotundata|gene=LOC120251417|protein=XP_039115873.1|orthogroup=OG0000154	Dioscorea_rotundata	LOC120251417	XP_039115873.1	Dioscorea_rotundata|gene=LOC120251417|protein=XP_039115873.1|len=857|method=protein_to_gene	OG0000154	4	XTH / xyloglucan cell-wall remodeling	Cell_wall_remodeling	Tier_A_plus_core_stable_with_lotus_or_ginger	1.0	0.791	Strong validation candidate	Cell-wall remodeling module	rhizome elongation or tuber/storage-organ expansion system	expression profiling across initiation/elongation stages; RNAi/CRISPR or overexpression in a tractable system
UGOseq_000099797	UGOseq_000099797|species=Dioscorea_rotundata|gene=LOC120251545|protein=XP_039116034.1|orthogroup=OG0006937	Dioscorea_rotundata	LOC120251545	XP_039116034.1	Dioscorea_rotundata|gene=LOC120251545|protein=XP_039116034.1|len=442|method=protein_to_gene	OG0006937	11	Carotenoid cleavage dioxygenase / hormone-related regulation	Hormone_regulation	Tier_B_no_new_lotus_ginger_support	1.0	0.89	Top validation-ready candidate	Hormone-related regulation module	storage-root/tuber or hormone-responsive underground-organ system	hormone-response expression analysis and candidate perturbation
UGOseq_000101113	UGOseq_000101113|species=Dioscorea_rotundata|gene=LOC120253765|protein=XP_039117946.1|orthogroup=OG0000154	Dioscorea_rotundata	LOC120253765	XP_039117946.1	Dioscorea_rotundata|gene=LOC120253765|protein=XP_039117946.1|len=406|method=protein_to_gene	OG0000154	4	XTH / xyloglucan cell-wall remodeling	Cell_wall_remodeling	Tier_A_plus_core_stable_with_lotus_or_ginger	1.0	0.791	Strong validation candidate	Cell-wall remodeling module	rhizome elongation or tuber/storage-organ expansion system	expression profiling across initiation/elongation stages; RNAi/CRISPR or overexpression in a tractable system
UGOseq_000101251	UGOseq_000101251|species=Dioscorea_rotundata|gene=LOC120254039|protein=XP_039118126.1|orthogroup=OG0000154	Dioscorea_rotundata	LOC120254039	XP_039118126.1	Dioscorea_rotundata|gene=LOC120254039|protein=XP_039118126.1|len=226|method=protein_to_gene	OG0000154	4	XTH / xyloglucan cell-wall remodeling	Cell_wall_remodeling	Tier_A_plus_core_stable_with_lotus_or_ginger	1.0	0.791	Strong validation candidate	Cell-wall remodeling module	rhizome elongation or tuber/storage-organ expansion system	expression profiling across initiation/elongation stages; RNAi/CRISPR or overexpression in a tractable system
UGOseq_000102168	UGOseq_000102168|species=Dioscorea_rotundata|gene=LOC120255553|protein=XP_039119299.1|orthogroup=OG0003725	Dioscorea_rotundata	LOC120255553	XP_039119299.1	Dioscorea_rotundata|gene=LOC120255553|protein=XP_039119299.1|len=370|method=protein_to_gene	OG0003725	10	NAC-like transcriptional regulator	Developmental_TF	Tier_B_no_new_lotus_ginger_support	1.0	0.867	Top validation-ready candidate		developmental transition system with clear underground-organ initiation stage	stage-specific expression analysis and targeted perturbation of transcription factor homologs
UGOseq_000102236	UGOseq_000102236|species=Dioscorea_rotundata|gene=LOC120255675|protein=XP_039119380.1|orthogroup=OG0000154	Dioscorea_rotundata	LOC120255675	XP_039119380.1	Dioscorea_rotundata|gene=LOC120255675|protein=XP_039119380.1|len=160|method=protein_to_gene	OG0000154	4	XTH / xyloglucan cell-wall remodeling	Cell_wall_remodeling	Tier_A_plus_core_stable_with_lotus_or_ginger	1.0	0.791	Strong validation candidate	Cell-wall remodeling module	rhizome elongation or tuber/storage-organ expansion system	expression profiling across initiation/elongation stages; RNAi/CRISPR or overexpression in a tractable system
UGOseq_000102344	UGOseq_000102344|species=Dioscorea_rotundata|gene=LOC120255830|protein=XP_039119537.1|orthogroup=OG0000154	Dioscorea_rotundata	LOC120255830	XP_039119537.1	Dioscorea_rotundata|gene=LOC120255830|protein=XP_039119537.1|len=407|method=protein_to_gene	OG0000154	4	XTH / xyloglucan cell-wall remodeling	Cell_wall_remodeling	Tier_A_plus_core_stable_with_lotus_or_ginger	1.0	0.791	Strong validation candidate	Cell-wall remodeling module	rhizome elongation or tuber/storage-organ expansion system	expression profiling across initiation/elongation stages; RNAi/CRISPR or overexpression in a tractable system
UGOseq_000103324	UGOseq_000103324|species=Dioscorea_rotundata|gene=LOC120257444|protein=XP_039120846.1|orthogroup=OG0000767	Dioscorea_rotundata	LOC120257444	XP_039120846.1	Dioscorea_rotundata|gene=LOC120257444|protein=XP_039120846.1|len=636|method=protein_to_gene	OG0000767	11	bHLH-like transcriptional regulator	Developmental_TF	Tier_A_supported_main_text_candidate	0.678	0.821	Strong validation candidate		developmental transition system with clear underground-organ initiation stage	stage-specific expression analysis and targeted perturbation of transcription factor homologs
UGOseq_000103477	UGOseq_000103477|species=Dioscorea_rotundata|gene=LOC120257830|protein=XP_039121048.1|orthogroup=OG0000154	Dioscorea_rotundata	LOC120257830	XP_039121048.1	Dioscorea_rotundata|gene=LOC120257830|protein=XP_039121048.1|len=317|method=protein_to_gene	OG0000154	4	XTH / xyloglucan cell-wall remodeling	Cell_wall_remodeling	Tier_A_plus_core_stable_with_lotus_or_ginger	1.0	0.791	Strong validation candidate	Cell-wall remodeling module	rhizome elongation or tuber/storage-organ expansion system	expression profiling across initiation/elongation stages; RNAi/CRISPR or overexpression in a tractable system
UGOseq_000104659	UGOseq_000104659|species=Dioscorea_rotundata|gene=LOC120259159|protein=XP_039122639.1|orthogroup=OG0000767	Dioscorea_rotundata	LOC120259159	XP_039122639.1	Dioscorea_rotundata|gene=LOC120259159|protein=XP_039122639.1|len=640|method=protein_to_gene	OG0000767	11	bHLH-like transcriptional regulator	Developmental_TF	Tier_A_supported_main_text_candidate	0.678	0.821	Strong validation candidate		developmental transition system with clear underground-organ initiation stage	stage-specific expression analysis and targeted perturbation of transcription factor homologs
UGOseq_000106890	UGOseq_000106890|species=Dioscorea_rotundata|gene=LOC120261847|protein=XP_039125785.1|orthogroup=OG0000273	Dioscorea_rotundata	LOC120261847	XP_039125785.1	Dioscorea_rotundata|gene=LOC120261847|protein=XP_039125785.1|len=292|method=protein_to_gene	OG0000273	11	bHLH-like transcriptional regulator	Developmental_TF	Tier_A_plus_core_stable_with_lotus_or_ginger	0.678	0.821	Strong validation candidate	Developmental transcription-factor module	developmental transition system with clear underground-organ initiation stage	stage-specific expression analysis and targeted perturbation of transcription factor homologs
UGOseq_000107051	UGOseq_000107051|species=Dioscorea_rotundata|gene=LOC120262030|protein=XP_039126001.1|orthogroup=OG0000273	Dioscorea_rotundata	LOC120262030	XP_039126001.1	Dioscorea_rotundata|gene=LOC120262030|protein=XP_039126001.1|len=339|method=protein_to_gene	OG0000273	11	bHLH-like transcriptional regulator	Developmental_TF	Tier_A_plus_core_stable_with_lotus_or_ginger	0.678	0.821	Strong validation candidate	Developmental transcription-factor module	developmental transition system with clear underground-organ initiation stage	stage-specific expression analysis and targeted perturbation of transcription factor homologs
UGOseq_000107169	UGOseq_000107169|species=Dioscorea_rotundata|gene=LOC120262160|protein=XP_039126166.1|orthogroup=OG0000154	Dioscorea_rotundata	LOC120262160	XP_039126166.1	Dioscorea_rotundata|gene=LOC120262160|protein=XP_039126166.1|len=236|method=protein_to_gene	OG0000154	4	XTH / xyloglucan cell-wall remodeling	Cell_wall_remodeling	Tier_A_plus_core_stable_with_lotus_or_ginger	1.0	0.791	Strong validation candidate	Cell-wall remodeling module	rhizome elongation or tuber/storage-organ expansion system	expression profiling across initiation/elongation stages; RNAi/CRISPR or overexpression in a tractable system
UGOseq_000108200	UGOseq_000108200|species=Dioscorea_rotundata|gene=LOC120263643|protein=XP_039127543.1|orthogroup=OG0000767	Dioscorea_rotundata	LOC120263643	XP_039127543.1	Dioscorea_rotundata|gene=LOC120263643|protein=XP_039127543.1|len=139|method=protein_to_gene	OG0000767	11	bHLH-like transcriptional regulator	Developmental_TF	Tier_A_supported_main_text_candidate	0.678	0.821	Strong validation candidate		developmental transition system with clear underground-organ initiation stage	stage-specific expression analysis and targeted perturbation of transcription factor homologs
UGOseq_000109014	UGOseq_000109014|species=Dioscorea_rotundata|gene=LOC120264812|protein=XP_039128595.1|orthogroup=OG0000273	Dioscorea_rotundata	LOC120264812	XP_039128595.1	Dioscorea_rotundata|gene=LOC120264812|protein=XP_039128595.1|len=305|method=protein_to_gene	OG0000273	11	bHLH-like transcriptional regulator	Developmental_TF	Tier_A_plus_core_stable_with_lotus_or_ginger	0.678	0.821	Strong validation candidate	Developmental transcription-factor module	developmental transition system with clear underground-organ initiation stage	stage-specific expression analysis and targeted perturbation of transcription factor homologs
UGOseq_000109307	UGOseq_000109307|species=Dioscorea_rotundata|gene=LOC120265175|protein=XP_039128997.1|orthogroup=OG0000154	Dioscorea_rotundata	LOC120265175	XP_039128997.1	Dioscorea_rotundata|gene=LOC120265175|protein=XP_039128997.1|len=354|method=protein_to_gene	OG0000154	4	XTH / xyloglucan cell-wall remodeling	Cell_wall_remodeling	Tier_A_plus_core_stable_with_lotus_or_ginger	1.0	0.791	Strong validation candidate	Cell-wall remodeling module	rhizome elongation or tuber/storage-organ expansion system	expression profiling across initiation/elongation stages; RNAi/CRISPR or overexpression in a tractable system
UGOseq_000109717	UGOseq_000109717|species=Dioscorea_rotundata|gene=LOC120265655|protein=XP_039129541.1|orthogroup=OG0000273	Dioscorea_rotundata	LOC120265655	XP_039129541.1	Dioscorea_rotundata|gene=LOC120265655|protein=XP_039129541.1|len=364|method=protein_to_gene	OG0000273	11	bHLH-like transcriptional regulator	Developmental_TF	Tier_A_plus_core_stable_with_lotus_or_ginger	0.678	0.821	Strong validation candidate	Developmental transcription-factor module	developmental transition system with clear underground-organ initiation stage	stage-specific expression analysis and targeted perturbation of transcription factor homologs
UGOseq_000111136	UGOseq_000111136|species=Dioscorea_rotundata|gene=LOC120267893|protein=XP_039131504.1|orthogroup=OG0000863	Dioscorea_rotundata	LOC120267893	XP_039131504.1	Dioscorea_rotundata|gene=LOC120267893|protein=XP_039131504.1|len=359|method=protein_to_gene	OG0000863	11	Early nodulin-like meristem/regrowth candidate	Meristem_bud_regrowth	Tier_A_supported_main_text_candidate	1.0	0.95	Top validation-ready candidate	Meristem and regrowth module	rhizome bud, root crown, or regrowth system	bud activation/regrowth-stage expression analysis followed by perturbation
UGOseq_000112100	UGOseq_000112100|species=Dioscorea_rotundata|gene=LOC120269508|protein=XP_039132778.1|orthogroup=OG0000154	Dioscorea_rotundata	LOC120269508	XP_039132778.1	Dioscorea_rotundata|gene=LOC120269508|protein=XP_039132778.1|len=431|method=protein_to_gene	OG0000154	4	XTH / xyloglucan cell-wall remodeling	Cell_wall_remodeling	Tier_A_plus_core_stable_with_lotus_or_ginger	1.0	0.791	Strong validation candidate	Cell-wall remodeling module	rhizome elongation or tuber/storage-organ expansion system	expression profiling across initiation/elongation stages; RNAi/CRISPR or overexpression in a tractable system
UGOseq_000113215	UGOseq_000113215|species=Dioscorea_rotundata|gene=LOC120271646|protein=XP_039134254.1|orthogroup=OG0000154	Dioscorea_rotundata	LOC120271646	XP_039134254.1	Dioscorea_rotundata|gene=LOC120271646|protein=XP_039134254.1|len=668|method=protein_to_gene	OG0000154	4	XTH / xyloglucan cell-wall remodeling	Cell_wall_remodeling	Tier_A_plus_core_stable_with_lotus_or_ginger	1.0	0.791	Strong validation candidate	Cell-wall remodeling module	rhizome elongation or tuber/storage-organ expansion system	expression profiling across initiation/elongation stages; RNAi/CRISPR or overexpression in a tractable system
UGOseq_000113223	UGOseq_000113223|species=Dioscorea_rotundata|gene=LOC120271656|protein=XP_039134264.1|orthogroup=OG0000154	Dioscorea_rotundata	LOC120271656	XP_039134264.1	Dioscorea_rotundata|gene=LOC120271656|protein=XP_039134264.1|len=531|method=protein_to_gene	OG0000154	4	XTH / xyloglucan cell-wall remodeling	Cell_wall_remodeling	Tier_A_plus_core_stable_with_lotus_or_ginger	1.0	0.791	Strong validation candidate	Cell-wall remodeling module	rhizome elongation or tuber/storage-organ expansion system	expression profiling across initiation/elongation stages; RNAi/CRISPR or overexpression in a tractable system
UGOseq_000113390	UGOseq_000113390|species=Dioscorea_rotundata|gene=LOC120271845|protein=XP_039134461.1|orthogroup=OG0000154	Dioscorea_rotundata	LOC120271845	XP_039134461.1	Dioscorea_rotundata|gene=LOC120271845|protein=XP_039134461.1|len=435|method=protein_to_gene	OG0000154	4	XTH / xyloglucan cell-wall remodeling	Cell_wall_remodeling	Tier_A_plus_core_stable_with_lotus_or_ginger	1.0	0.791	Strong validation candidate	Cell-wall remodeling module	rhizome elongation or tuber/storage-organ expansion system	expression profiling across initiation/elongation stages; RNAi/CRISPR or overexpression in a tractable system
UGOseq_000113929	UGOseq_000113929|species=Dioscorea_rotundata|gene=LOC120272471|protein=XP_039135240.1|orthogroup=OG0000154	Dioscorea_rotundata	LOC120272471	XP_039135240.1	Dioscorea_rotundata|gene=LOC120272471|protein=XP_039135240.1|len=222|method=protein_to_gene	OG0000154	4	XTH / xyloglucan cell-wall remodeling	Cell_wall_remodeling	Tier_A_plus_core_stable_with_lotus_or_ginger	1.0	0.791	Strong validation candidate	Cell-wall remodeling module	rhizome elongation or tuber/storage-organ expansion system	expression profiling across initiation/elongation stages; RNAi/CRISPR or overexpression in a tractable system
UGOseq_000114260	UGOseq_000114260|species=Dioscorea_rotundata|gene=LOC120273114|protein=XP_039135698.1|orthogroup=OG0000154	Dioscorea_rotundata	LOC120273114	XP_039135698.1	Dioscorea_rotundata|gene=LOC120273114|protein=XP_039135698.1|len=183|method=protein_to_gene	OG0000154	4	XTH / xyloglucan cell-wall remodeling	Cell_wall_remodeling	Tier_A_plus_core_stable_with_lotus_or_ginger	1.0	0.791	Strong validation candidate	Cell-wall remodeling module	rhizome elongation or tuber/storage-organ expansion system	expression profiling across initiation/elongation stages; RNAi/CRISPR or overexpression in a tractable system
UGOseq_000114909	UGOseq_000114909|species=Dioscorea_rotundata|gene=LOC120273873|protein=XP_039136545.1|orthogroup=OG0000273	Dioscorea_rotundata	LOC120273873	XP_039136545.1	Dioscorea_rotundata|gene=LOC120273873|protein=XP_039136545.1|len=328|method=protein_to_gene	OG0000273	11	bHLH-like transcriptional regulator	Developmental_TF	Tier_A_plus_core_stable_with_lotus_or_ginger	0.678	0.821	Strong validation candidate	Developmental transcription-factor module	developmental transition system with clear underground-organ initiation stage	stage-specific expression analysis and targeted perturbation of transcription factor homologs
UGOseq_000115455	UGOseq_000115455|species=Dioscorea_rotundata|gene=LOC120274778|protein=XP_039137248.1|orthogroup=OG0004958	Dioscorea_rotundata	LOC120274778	XP_039137248.1	Dioscorea_rotundata|gene=LOC120274778|protein=XP_039137248.1|len=714|method=protein_to_gene	OG0004958	11	Non-symbiotic hemoglobin / stress-resilience candidate	Stress_resilience	Tier_A_supported_main_text_candidate	1.0	0.95	Top validation-ready candidate	Stress-resilience module	regrowth or stress-resilience underground-organ system	stress/regrowth expression profiling and survival/regrowth phenotyping
UGOseq_000115492	UGOseq_000115492|species=Dioscorea_rotundata|gene=LOC120274822|protein=XP_039137290.1|orthogroup=OG0000863	Dioscorea_rotundata	LOC120274822	XP_039137290.1	Dioscorea_rotundata|gene=LOC120274822|protein=XP_039137290.1|len=362|method=protein_to_gene	OG0000863	11	Early nodulin-like meristem/regrowth candidate	Meristem_bud_regrowth	Tier_A_supported_main_text_candidate	1.0	0.95	Top validation-ready candidate	Meristem and regrowth module	rhizome bud, root crown, or regrowth system	bud activation/regrowth-stage expression analysis followed by perturbation
UGOseq_000115581	UGOseq_000115581|species=Dioscorea_rotundata|gene=LOC120274924|protein=XP_039137396.1|orthogroup=OG0000154	Dioscorea_rotundata	LOC120274924	XP_039137396.1	Dioscorea_rotundata|gene=LOC120274924|protein=XP_039137396.1|len=328|method=protein_to_gene	OG0000154	4	XTH / xyloglucan cell-wall remodeling	Cell_wall_remodeling	Tier_A_plus_core_stable_with_lotus_or_ginger	1.0	0.791	Strong validation candidate	Cell-wall remodeling module	rhizome elongation or tuber/storage-organ expansion system	expression profiling across initiation/elongation stages; RNAi/CRISPR or overexpression in a tractable system
UGOseq_000116795	UGOseq_000116795|species=Dioscorea_rotundata|gene=LOC120276350|protein=XP_039139008.1|orthogroup=OG0000154	Dioscorea_rotundata	LOC120276350	XP_039139008.1	Dioscorea_rotundata|gene=LOC120276350|protein=XP_039139008.1|len=340|method=protein_to_gene	OG0000154	4	XTH / xyloglucan cell-wall remodeling	Cell_wall_remodeling	Tier_A_plus_core_stable_with_lotus_or_ginger	1.0	0.791	Strong validation candidate	Cell-wall remodeling module	rhizome elongation or tuber/storage-organ expansion system	expression profiling across initiation/elongation stages; RNAi/CRISPR or overexpression in a tractable system
UGOseq_000118845	UGOseq_000118845|species=Dioscorea_rotundata|gene=LOC120279061|protein=XP_039141846.1|orthogroup=OG0000767	Dioscorea_rotundata	LOC120279061	XP_039141846.1	Dioscorea_rotundata|gene=LOC120279061|protein=XP_039141846.1|len=676|method=protein_to_gene	OG0000767	11	bHLH-like transcriptional regulator	Developmental_TF	Tier_A_supported_main_text_candidate	0.678	0.821	Strong validation candidate		developmental transition system with clear underground-organ initiation stage	stage-specific expression analysis and targeted perturbation of transcription factor homologs
UGOseq_000122311	UGOseq_000122311|species=Dioscorea_rotundata|gene=LOC120283887|protein=XP_039146613.1|orthogroup=OG0000273	Dioscorea_rotundata	LOC120283887	XP_039146613.1	Dioscorea_rotundata|gene=LOC120283887|protein=XP_039146613.1|len=303|method=protein_to_gene	OG0000273	11	bHLH-like transcriptional regulator	Developmental_TF	Tier_A_plus_core_stable_with_lotus_or_ginger	0.678	0.821	Strong validation candidate	Developmental transcription-factor module	developmental transition system with clear underground-organ initiation stage	stage-specific expression analysis and targeted perturbation of transcription factor homologs
UGOseq_000122536	UGOseq_000122536|species=Dioscorea_rotundata|gene=LOC120284161|protein=XP_039146889.1|orthogroup=OG0000154	Dioscorea_rotundata	LOC120284161	XP_039146889.1	Dioscorea_rotundata|gene=LOC120284161|protein=XP_039146889.1|len=150|method=protein_to_gene	OG0000154	4	XTH / xyloglucan cell-wall remodeling	Cell_wall_remodeling	Tier_A_plus_core_stable_with_lotus_or_ginger	1.0	0.791	Strong validation candidate	Cell-wall remodeling module	rhizome elongation or tuber/storage-organ expansion system	expression profiling across initiation/elongation stages; RNAi/CRISPR or overexpression in a tractable system
UGOseq_000122546	UGOseq_000122546|species=Dioscorea_rotundata|gene=LOC120284172|protein=XP_039146898.1|orthogroup=OG0000154	Dioscorea_rotundata	LOC120284172	XP_039146898.1	Dioscorea_rotundata|gene=LOC120284172|protein=XP_039146898.1|len=381|method=protein_to_gene	OG0000154	4	XTH / xyloglucan cell-wall remodeling	Cell_wall_remodeling	Tier_A_plus_core_stable_with_lotus_or_ginger	1.0	0.791	Strong validation candidate	Cell-wall remodeling module	rhizome elongation or tuber/storage-organ expansion system	expression profiling across initiation/elongation stages; RNAi/CRISPR or overexpression in a tractable system
UGOseq_000122841	UGOseq_000122841|species=Manihot_esculenta|gene=Manes.01G026300.v8.1|protein=Manes.01G026300.v8.1|orthogroup=OG0000863	Manihot_esculenta	Manes.01G026300.v8.1	Manes.01G026300.v8.1	Manes.01G026300.v8.1 species=Manihot_esculenta selected_protein=Manes.01G026300.1.v8.1.CDS length=360	OG0000863	11	Early nodulin-like meristem/regrowth candidate	Meristem_bud_regrowth	Tier_A_supported_main_text_candidate	1.0	0.95	Top validation-ready candidate	Meristem and regrowth module	rhizome bud, root crown, or regrowth system	bud activation/regrowth-stage expression analysis followed by perturbation
UGOseq_000123636	UGOseq_000123636|species=Manihot_esculenta|gene=Manes.01G102900.v8.1|protein=Manes.01G102900.v8.1|orthogroup=OG0000863	Manihot_esculenta	Manes.01G102900.v8.1	Manes.01G102900.v8.1	Manes.01G102900.v8.1 species=Manihot_esculenta selected_protein=Manes.01G102900.1.v8.1.CDS length=367	OG0000863	11	Early nodulin-like meristem/regrowth candidate	Meristem_bud_regrowth	Tier_A_supported_main_text_candidate	1.0	0.95	Top validation-ready candidate	Meristem and regrowth module	rhizome bud, root crown, or regrowth system	bud activation/regrowth-stage expression analysis followed by perturbation
UGOseq_000124618	UGOseq_000124618|species=Manihot_esculenta|gene=Manes.01G207300.v8.1|protein=Manes.01G207300.v8.1|orthogroup=OG0004958	Manihot_esculenta	Manes.01G207300.v8.1	Manes.01G207300.v8.1	Manes.01G207300.v8.1 species=Manihot_esculenta selected_protein=Manes.01G207300.2.v8.1.CDS length=815	OG0004958	11	Non-symbiotic hemoglobin / stress-resilience candidate	Stress_resilience	Tier_A_supported_main_text_candidate	1.0	0.95	Top validation-ready candidate	Stress-resilience module	regrowth or stress-resilience underground-organ system	stress/regrowth expression profiling and survival/regrowth phenotyping
UGOseq_000125832	UGOseq_000125832|species=Manihot_esculenta|gene=Manes.02G058600.v8.1|protein=Manes.02G058600.v8.1|orthogroup=OG0000863	Manihot_esculenta	Manes.02G058600.v8.1	Manes.02G058600.v8.1	Manes.02G058600.v8.1 species=Manihot_esculenta selected_protein=Manes.02G058600.1.v8.1.CDS length=365	OG0000863	11	Early nodulin-like meristem/regrowth candidate	Meristem_bud_regrowth	Tier_A_supported_main_text_candidate	1.0	0.95	Top validation-ready candidate	Meristem and regrowth module	rhizome bud, root crown, or regrowth system	bud activation/regrowth-stage expression analysis followed by perturbation
UGOseq_000132012	UGOseq_000132012|species=Manihot_esculenta|gene=Manes.05G077200.v8.1|protein=Manes.05G077200.v8.1|orthogroup=OG0004958	Manihot_esculenta	Manes.05G077200.v8.1	Manes.05G077200.v8.1	Manes.05G077200.v8.1 species=Manihot_esculenta selected_protein=Manes.05G077200.1.v8.1.CDS length=813	OG0004958	11	Non-symbiotic hemoglobin / stress-resilience candidate	Stress_resilience	Tier_A_supported_main_text_candidate	1.0	0.95	Top validation-ready candidate	Stress-resilience module	regrowth or stress-resilience underground-organ system	stress/regrowth expression profiling and survival/regrowth phenotyping
UGOseq_000132288	UGOseq_000132288|species=Manihot_esculenta|gene=Manes.05G104750.v8.1|protein=Manes.05G104750.v8.1|orthogroup=OG0000273	Manihot_esculenta	Manes.05G104750.v8.1	Manes.05G104750.v8.1	Manes.05G104750.v8.1 species=Manihot_esculenta selected_protein=Manes.05G104750.1.v8.1.CDS length=280	OG0000273	11	bHLH-like transcriptional regulator	Developmental_TF	Tier_A_plus_core_stable_with_lotus_or_ginger	0.678	0.821	Strong validation candidate	Developmental transcription-factor module	developmental transition system with clear underground-organ initiation stage	stage-specific expression analysis and targeted perturbation of transcription factor homologs
UGOseq_000132348	UGOseq_000132348|species=Manihot_esculenta|gene=Manes.05G110800.v8.1|protein=Manes.05G110800.v8.1|orthogroup=OG0000863	Manihot_esculenta	Manes.05G110800.v8.1	Manes.05G110800.v8.1	Manes.05G110800.v8.1 species=Manihot_esculenta selected_protein=Manes.05G110800.1.v8.1.CDS length=369	OG0000863	11	Early nodulin-like meristem/regrowth candidate	Meristem_bud_regrowth	Tier_A_supported_main_text_candidate	1.0	0.95	Top validation-ready candidate	Meristem and regrowth module	rhizome bud, root crown, or regrowth system	bud activation/regrowth-stage expression analysis followed by perturbation
UGOseq_000133138	UGOseq_000133138|species=Manihot_esculenta|gene=Manes.05G190000.v8.1|protein=Manes.05G190000.v8.1|orthogroup=OG0003725	Manihot_esculenta	Manes.05G190000.v8.1	Manes.05G190000.v8.1	Manes.05G190000.v8.1 species=Manihot_esculenta selected_protein=Manes.05G190000.1.v8.1.CDS length=355	OG0003725	10	NAC-like transcriptional regulator	Developmental_TF	Tier_B_no_new_lotus_ginger_support	1.0	0.867	Top validation-ready candidate		developmental transition system with clear underground-organ initiation stage	stage-specific expression analysis and targeted perturbation of transcription factor homologs
UGOseq_000134141	UGOseq_000134141|species=Manihot_esculenta|gene=Manes.06G082100.v8.1|protein=Manes.06G082100.v8.1|orthogroup=OG0000863	Manihot_esculenta	Manes.06G082100.v8.1	Manes.06G082100.v8.1	Manes.06G082100.v8.1 species=Manihot_esculenta selected_protein=Manes.06G082100.1.v8.1.CDS length=362	OG0000863	11	Early nodulin-like meristem/regrowth candidate	Meristem_bud_regrowth	Tier_A_supported_main_text_candidate	1.0	0.95	Top validation-ready candidate	Meristem and regrowth module	rhizome bud, root crown, or regrowth system	bud activation/regrowth-stage expression analysis followed by perturbation
UGOseq_000138113	UGOseq_000138113|species=Manihot_esculenta|gene=Manes.08G147800.v8.1|protein=Manes.08G147800.v8.1|orthogroup=OG0000273	Manihot_esculenta	Manes.08G147800.v8.1	Manes.08G147800.v8.1	Manes.08G147800.v8.1 species=Manihot_esculenta selected_protein=Manes.08G147800.1.v8.1.CDS length=365	OG0000273	11	bHLH-like transcriptional regulator	Developmental_TF	Tier_A_plus_core_stable_with_lotus_or_ginger	0.678	0.821	Strong validation candidate	Developmental transcription-factor module	developmental transition system with clear underground-organ initiation stage	stage-specific expression analysis and targeted perturbation of transcription factor homologs
UGOseq_000139916	UGOseq_000139916|species=Manihot_esculenta|gene=Manes.09G144100.v8.1|protein=Manes.09G144100.v8.1|orthogroup=OG0000273	Manihot_esculenta	Manes.09G144100.v8.1	Manes.09G144100.v8.1	Manes.09G144100.v8.1 species=Manihot_esculenta selected_protein=Manes.09G144100.1.v8.1.CDS length=370	OG0000273	11	bHLH-like transcriptional regulator	Developmental_TF	Tier_A_plus_core_stable_with_lotus_or_ginger	0.678	0.821	Strong validation candidate	Developmental transcription-factor module	developmental transition system with clear underground-organ initiation stage	stage-specific expression analysis and targeted perturbation of transcription factor homologs
UGOseq_000143417	UGOseq_000143417|species=Manihot_esculenta|gene=Manes.11G142800.v8.1|protein=Manes.11G142800.v8.1|orthogroup=OG0000273	Manihot_esculenta	Manes.11G142800.v8.1	Manes.11G142800.v8.1	Manes.11G142800.v8.1 species=Manihot_esculenta selected_protein=Manes.11G142800.1.v8.1.CDS length=347	OG0000273	11	bHLH-like transcriptional regulator	Developmental_TF	Tier_A_plus_core_stable_with_lotus_or_ginger	0.678	0.821	Strong validation candidate	Developmental transcription-factor module	developmental transition system with clear underground-organ initiation stage	stage-specific expression analysis and targeted perturbation of transcription factor homologs
UGOseq_000147422	UGOseq_000147422|species=Manihot_esculenta|gene=Manes.14G049300.v8.1|protein=Manes.14G049300.v8.1|orthogroup=OG0000863	Manihot_esculenta	Manes.14G049300.v8.1	Manes.14G049300.v8.1	Manes.14G049300.v8.1 species=Manihot_esculenta selected_protein=Manes.14G049300.1.v8.1.CDS length=362	OG0000863	11	Early nodulin-like meristem/regrowth candidate	Meristem_bud_regrowth	Tier_A_supported_main_text_candidate	1.0	0.95	Top validation-ready candidate	Meristem and regrowth module	rhizome bud, root crown, or regrowth system	bud activation/regrowth-stage expression analysis followed by perturbation
UGOseq_000147790	UGOseq_000147790|species=Manihot_esculenta|gene=Manes.14G088100.v8.1|protein=Manes.14G088100.v8.1|orthogroup=OG0000863	Manihot_esculenta	Manes.14G088100.v8.1	Manes.14G088100.v8.1	Manes.14G088100.v8.1 species=Manihot_esculenta selected_protein=Manes.14G088100.1.v8.1.CDS length=360	OG0000863	11	Early nodulin-like meristem/regrowth candidate	Meristem_bud_regrowth	Tier_A_supported_main_text_candidate	1.0	0.95	Top validation-ready candidate	Meristem and regrowth module	rhizome bud, root crown, or regrowth system	bud activation/regrowth-stage expression analysis followed by perturbation
UGOseq_000148433	UGOseq_000148433|species=Manihot_esculenta|gene=Manes.14G152266.v8.1|protein=Manes.14G152266.v8.1|orthogroup=OG0000273	Manihot_esculenta	Manes.14G152266.v8.1	Manes.14G152266.v8.1	Manes.14G152266.v8.1 species=Manihot_esculenta selected_protein=Manes.14G152266.1.v8.1.CDS length=404	OG0000273	11	bHLH-like transcriptional regulator	Developmental_TF	Tier_A_plus_core_stable_with_lotus_or_ginger	0.678	0.821	Strong validation candidate	Developmental transcription-factor module	developmental transition system with clear underground-organ initiation stage	stage-specific expression analysis and targeted perturbation of transcription factor homologs
UGOseq_000150499	UGOseq_000150499|species=Manihot_esculenta|gene=Manes.15G182700.v8.1|protein=Manes.15G182700.v8.1|orthogroup=OG0000767	Manihot_esculenta	Manes.15G182700.v8.1	Manes.15G182700.v8.1	Manes.15G182700.v8.1 species=Manihot_esculenta selected_protein=Manes.15G182700.1.v8.1.CDS.1 length=672	OG0000767	11	bHLH-like transcriptional regulator	Developmental_TF	Tier_A_supported_main_text_candidate	0.678	0.821	Strong validation candidate		developmental transition system with clear underground-organ initiation stage	stage-specific expression analysis and targeted perturbation of transcription factor homologs
UGOseq_000152212	UGOseq_000152212|species=Manihot_esculenta|gene=Manes.17G016000.v8.1|protein=Manes.17G016000.v8.1|orthogroup=OG0000767	Manihot_esculenta	Manes.17G016000.v8.1	Manes.17G016000.v8.1	Manes.17G016000.v8.1 species=Manihot_esculenta selected_protein=Manes.17G016000.1.v8.1.CDS.1 length=684	OG0000767	11	bHLH-like transcriptional regulator	Developmental_TF	Tier_A_supported_main_text_candidate	0.678	0.821	Strong validation candidate		developmental transition system with clear underground-organ initiation stage	stage-specific expression analysis and targeted perturbation of transcription factor homologs
UGOseq_000152603	UGOseq_000152603|species=Manihot_esculenta|gene=Manes.17G050100.v8.1|protein=Manes.17G050100.v8.1|orthogroup=OG0000273	Manihot_esculenta	Manes.17G050100.v8.1	Manes.17G050100.v8.1	Manes.17G050100.v8.1 species=Manihot_esculenta selected_protein=Manes.17G050100.1.v8.1.CDS length=319	OG0000273	11	bHLH-like transcriptional regulator	Developmental_TF	Tier_A_plus_core_stable_with_lotus_or_ginger	0.678	0.821	Strong validation candidate	Developmental transcription-factor module	developmental transition system with clear underground-organ initiation stage	stage-specific expression analysis and targeted perturbation of transcription factor homologs
UGOseq_000153324	UGOseq_000153324|species=Manihot_esculenta|gene=Manes.17G121264.v8.1|protein=Manes.17G121264.v8.1|orthogroup=OG0006937	Manihot_esculenta	Manes.17G121264.v8.1	Manes.17G121264.v8.1	Manes.17G121264.v8.1 species=Manihot_esculenta selected_protein=Manes.17G121264.1.v8.1.CDS length=254	OG0006937	11	Carotenoid cleavage dioxygenase / hormone-related regulation	Hormone_regulation	Tier_B_no_new_lotus_ginger_support	1.0	0.89	Top validation-ready candidate	Hormone-related regulation module	storage-root/tuber or hormone-responsive underground-organ system	hormone-response expression analysis and candidate perturbation
UGOseq_000153328	UGOseq_000153328|species=Manihot_esculenta|gene=Manes.17G121440.v8.1|protein=Manes.17G121440.v8.1|orthogroup=OG0006937	Manihot_esculenta	Manes.17G121440.v8.1	Manes.17G121440.v8.1	Manes.17G121440.v8.1 species=Manihot_esculenta selected_protein=Manes.17G121440.4.v8.1.CDS length=199	OG0006937	11	Carotenoid cleavage dioxygenase / hormone-related regulation	Hormone_regulation	Tier_B_no_new_lotus_ginger_support	1.0	0.89	Top validation-ready candidate	Hormone-related regulation module	storage-root/tuber or hormone-responsive underground-organ system	hormone-response expression analysis and candidate perturbation
UGOseq_000153330	UGOseq_000153330|species=Manihot_esculenta|gene=Manes.17G121600.v8.1|protein=Manes.17G121600.v8.1|orthogroup=OG0006937	Manihot_esculenta	Manes.17G121600.v8.1	Manes.17G121600.v8.1	Manes.17G121600.v8.1 species=Manihot_esculenta selected_protein=Manes.17G121600.12.v8.1.CDS length=435	OG0006937	11	Carotenoid cleavage dioxygenase / hormone-related regulation	Hormone_regulation	Tier_B_no_new_lotus_ginger_support	1.0	0.89	Top validation-ready candidate	Hormone-related regulation module	storage-root/tuber or hormone-responsive underground-organ system	hormone-response expression analysis and candidate perturbation
UGOseq_000155392	UGOseq_000155392|species=Musa_acuminata|gene=Ma00_g00300|protein=Musa_acuminata|gene=Ma00_g00300|len=479|source=Ma00_p00300.1|orthogroup=OG0006937	Musa_acuminata	Ma00_g00300	Musa_acuminata|gene=Ma00_g00300|len=479|source=Ma00_p00300.1	Musa_acuminata|gene=Ma00_g00300|len=479|source=Ma00_p00300.1 pep primary_assembly:Musa_acuminata_v2:CAJGYN010000024.1:855178:878727:1 gene:Ma00_g00300 transcript:Ma00_t00300.1 gene_biotype:protein_coding transcript_biotype:protein_coding	OG0006937	11	Carotenoid cleavage dioxygenase / hormone-related regulation	Hormone_regulation	Tier_B_no_new_lotus_ginger_support	1.0	0.89	Top validation-ready candidate	Hormone-related regulation module	storage-root/tuber or hormone-responsive underground-organ system	hormone-response expression analysis and candidate perturbation
UGOseq_000158449	UGOseq_000158449|species=Musa_acuminata|gene=Ma02_g01890|protein=Musa_acuminata|gene=Ma02_g01890|len=327|source=Ma02_p01890.1|orthogroup=OG0000273	Musa_acuminata	Ma02_g01890	Musa_acuminata|gene=Ma02_g01890|len=327|source=Ma02_p01890.1	Musa_acuminata|gene=Ma02_g01890|len=327|source=Ma02_p01890.1 pep primary_assembly:Musa_acuminata_v2:CAJGYN010000002.1:12663967:12665397:-1 gene:Ma02_g01890 transcript:Ma02_t01890.1 gene_biotype:protein_coding transcript_biotype:protein_coding	OG0000273	11	bHLH-like transcriptional regulator	Developmental_TF	Tier_A_plus_core_stable_with_lotus_or_ginger	0.678	0.821	Strong validation candidate	Developmental transcription-factor module	developmental transition system with clear underground-organ initiation stage	stage-specific expression analysis and targeted perturbation of transcription factor homologs
UGOseq_000160231	UGOseq_000160231|species=Musa_acuminata|gene=Ma02_g19840|protein=Musa_acuminata|gene=Ma02_g19840|len=705|source=Ma02_p19840.1|orthogroup=OG0000767	Musa_acuminata	Ma02_g19840	Musa_acuminata|gene=Ma02_g19840|len=705|source=Ma02_p19840.1	Musa_acuminata|gene=Ma02_g19840|len=705|source=Ma02_p19840.1 pep primary_assembly:Musa_acuminata_v2:CAJGYN010000002.1:25984992:25987597:1 gene:Ma02_g19840 transcript:Ma02_t19840.1 gene_biotype:protein_coding transcript_biotype:protein_coding	OG0000767	11	bHLH-like transcriptional regulator	Developmental_TF	Tier_A_supported_main_text_candidate	0.678	0.821	Strong validation candidate		developmental transition system with clear underground-organ initiation stage	stage-specific expression analysis and targeted perturbation of transcription factor homologs
UGOseq_000160790	UGOseq_000160790|species=Musa_acuminata|gene=Ma03_g00290|protein=Musa_acuminata|gene=Ma03_g00290|len=551|source=Ma03_p00290.1|orthogroup=OG0000767	Musa_acuminata	Ma03_g00290	Musa_acuminata|gene=Ma03_g00290|len=551|source=Ma03_p00290.1	Musa_acuminata|gene=Ma03_g00290|len=551|source=Ma03_p00290.1 pep primary_assembly:Musa_acuminata_v2:CAJGYN010000003.1:279913:281953:1 gene:Ma03_g00290 transcript:Ma03_t00290.1 gene_biotype:protein_coding transcript_biotype:protein_coding	OG0000767	11	bHLH-like transcriptional regulator	Developmental_TF	Tier_A_supported_main_text_candidate	0.678	0.821	Strong validation candidate		developmental transition system with clear underground-organ initiation stage	stage-specific expression analysis and targeted perturbation of transcription factor homologs
UGOseq_000162650	UGOseq_000162650|species=Musa_acuminata|gene=Ma03_g19100|protein=Musa_acuminata|gene=Ma03_g19100|len=322|source=Ma03_p19100.1|orthogroup=OG0000273	Musa_acuminata	Ma03_g19100	Musa_acuminata|gene=Ma03_g19100|len=322|source=Ma03_p19100.1	Musa_acuminata|gene=Ma03_g19100|len=322|source=Ma03_p19100.1 pep primary_assembly:Musa_acuminata_v2:CAJGYN010000003.1:24520772:24522465:1 gene:Ma03_g19100 transcript:Ma03_t19100.1 gene_biotype:protein_coding transcript_biotype:protein_coding	OG0000273	11	bHLH-like transcriptional regulator	Developmental_TF	Tier_A_plus_core_stable_with_lotus_or_ginger	0.678	0.821	Strong validation candidate	Developmental transcription-factor module	developmental transition system with clear underground-organ initiation stage	stage-specific expression analysis and targeted perturbation of transcription factor homologs
UGOseq_000163389	UGOseq_000163389|species=Musa_acuminata|gene=Ma03_g26500|protein=Musa_acuminata|gene=Ma03_g26500|len=369|source=Ma03_p26500.1|orthogroup=OG0000863	Musa_acuminata	Ma03_g26500	Musa_acuminata|gene=Ma03_g26500|len=369|source=Ma03_p26500.1	Musa_acuminata|gene=Ma03_g26500|len=369|source=Ma03_p26500.1 pep primary_assembly:Musa_acuminata_v2:CAJGYN010000003.1:30197548:30200598:-1 gene:Ma03_g26500 transcript:Ma03_t26500.1 gene_biotype:protein_coding transcript_biotype:protein_coding	OG0000863	11	Early nodulin-like meristem/regrowth candidate	Meristem_bud_regrowth	Tier_A_supported_main_text_candidate	1.0	0.95	Top validation-ready candidate	Meristem and regrowth module	rhizome bud, root crown, or regrowth system	bud activation/regrowth-stage expression analysis followed by perturbation
UGOseq_000164349	UGOseq_000164349|species=Musa_acuminata|gene=Ma04_g02440|protein=Musa_acuminata|gene=Ma04_g02440|len=334|source=Ma04_p02440.1|orthogroup=OG0000273	Musa_acuminata	Ma04_g02440	Musa_acuminata|gene=Ma04_g02440|len=334|source=Ma04_p02440.1	Musa_acuminata|gene=Ma04_g02440|len=334|source=Ma04_p02440.1 pep primary_assembly:Musa_acuminata_v2:CAJGYN010000004.1:2094622:2096500:-1 gene:Ma04_g02440 transcript:Ma04_t02440.1 gene_biotype:protein_coding transcript_biotype:protein_coding	OG0000273	11	bHLH-like transcriptional regulator	Developmental_TF	Tier_A_plus_core_stable_with_lotus_or_ginger	0.678	0.821	Strong validation candidate	Developmental transcription-factor module	developmental transition system with clear underground-organ initiation stage	stage-specific expression analysis and targeted perturbation of transcription factor homologs
UGOseq_000164350	UGOseq_000164350|species=Musa_acuminata|gene=Ma04_g02450|protein=Musa_acuminata|gene=Ma04_g02450|len=299|source=Ma04_p02450.1|orthogroup=OG0000273	Musa_acuminata	Ma04_g02450	Musa_acuminata|gene=Ma04_g02450|len=299|source=Ma04_p02450.1	Musa_acuminata|gene=Ma04_g02450|len=299|source=Ma04_p02450.1 pep primary_assembly:Musa_acuminata_v2:CAJGYN010000004.1:2103236:2104610:1 gene:Ma04_g02450 transcript:Ma04_t02450.1 gene_biotype:protein_coding transcript_biotype:protein_coding	OG0000273	11	bHLH-like transcriptional regulator	Developmental_TF	Tier_A_plus_core_stable_with_lotus_or_ginger	0.678	0.821	Strong validation candidate	Developmental transcription-factor module	developmental transition system with clear underground-organ initiation stage	stage-specific expression analysis and targeted perturbation of transcription factor homologs
UGOseq_000165128	UGOseq_000165128|species=Musa_acuminata|gene=Ma04_g10270|protein=Musa_acuminata|gene=Ma04_g10270|len=293|source=Ma04_p10270.1|orthogroup=OG0000273	Musa_acuminata	Ma04_g10270	Musa_acuminata|gene=Ma04_g10270|len=293|source=Ma04_p10270.1	Musa_acuminata|gene=Ma04_g10270|len=293|source=Ma04_p10270.1 pep primary_assembly:Musa_acuminata_v2:CAJGYN010000004.1:7333097:7334601:1 gene:Ma04_g10270 transcript:Ma04_t10270.1 gene_biotype:protein_coding transcript_biotype:protein_coding	OG0000273	11	bHLH-like transcriptional regulator	Developmental_TF	Tier_A_plus_core_stable_with_lotus_or_ginger	0.678	0.821	Strong validation candidate	Developmental transcription-factor module	developmental transition system with clear underground-organ initiation stage	stage-specific expression analysis and targeted perturbation of transcription factor homologs
UGOseq_000165846	UGOseq_000165846|species=Musa_acuminata|gene=Ma04_g17530|protein=Musa_acuminata|gene=Ma04_g17530|len=712|source=Ma04_p17530.1|orthogroup=OG0000767	Musa_acuminata	Ma04_g17530	Musa_acuminata|gene=Ma04_g17530|len=712|source=Ma04_p17530.1	Musa_acuminata|gene=Ma04_g17530|len=712|source=Ma04_p17530.1 pep primary_assembly:Musa_acuminata_v2:CAJGYN010000004.1:17908019:17910953:1 gene:Ma04_g17530 transcript:Ma04_t17530.1 gene_biotype:protein_coding transcript_biotype:protein_coding	OG0000767	11	bHLH-like transcriptional regulator	Developmental_TF	Tier_A_supported_main_text_candidate	0.678	0.821	Strong validation candidate		developmental transition system with clear underground-organ initiation stage	stage-specific expression analysis and targeted perturbation of transcription factor homologs
UGOseq_000167085	UGOseq_000167085|species=Musa_acuminata|gene=Ma04_g30000|protein=Musa_acuminata|gene=Ma04_g30000|len=364|source=Ma04_p30000.1|orthogroup=OG0000863	Musa_acuminata	Ma04_g30000	Musa_acuminata|gene=Ma04_g30000|len=364|source=Ma04_p30000.1	Musa_acuminata|gene=Ma04_g30000|len=364|source=Ma04_p30000.1 pep primary_assembly:Musa_acuminata_v2:CAJGYN010000004.1:30757775:30760455:1 gene:Ma04_g30000 transcript:Ma04_t30000.1 gene_biotype:protein_coding transcript_biotype:protein_coding	OG0000863	11	Early nodulin-like meristem/regrowth candidate	Meristem_bud_regrowth	Tier_A_supported_main_text_candidate	1.0	0.95	Top validation-ready candidate	Meristem and regrowth module	rhizome bud, root crown, or regrowth system	bud activation/regrowth-stage expression analysis followed by perturbation
UGOseq_000168020	UGOseq_000168020|species=Musa_acuminata|gene=Ma04_g39430|protein=Musa_acuminata|gene=Ma04_g39430|len=366|source=Ma04_p39430.1|orthogroup=OG0000863	Musa_acuminata	Ma04_g39430	Musa_acuminata|gene=Ma04_g39430|len=366|source=Ma04_p39430.1	Musa_acuminata|gene=Ma04_g39430|len=366|source=Ma04_p39430.1 pep primary_assembly:Musa_acuminata_v2:CAJGYN010000004.1:36595577:36598300:1 gene:Ma04_g39430 transcript:Ma04_t39430.1 gene_biotype:protein_coding transcript_biotype:protein_coding	OG0000863	11	Early nodulin-like meristem/regrowth candidate	Meristem_bud_regrowth	Tier_A_supported_main_text_candidate	1.0	0.95	Top validation-ready candidate	Meristem and regrowth module	rhizome bud, root crown, or regrowth system	bud activation/regrowth-stage expression analysis followed by perturbation
UGOseq_000168823	UGOseq_000168823|species=Musa_acuminata|gene=Ma05_g07350|protein=Musa_acuminata|gene=Ma05_g07350|len=313|source=Ma05_p07350.1|orthogroup=OG0000273	Musa_acuminata	Ma05_g07350	Musa_acuminata|gene=Ma05_g07350|len=313|source=Ma05_p07350.1	Musa_acuminata|gene=Ma05_g07350|len=313|source=Ma05_p07350.1 pep primary_assembly:Musa_acuminata_v2:CAJGYN010000005.1:5336439:5337995:-1 gene:Ma05_g07350 transcript:Ma05_t07350.1 gene_biotype:protein_coding transcript_biotype:protein_coding	OG0000273	11	bHLH-like transcriptional regulator	Developmental_TF	Tier_A_plus_core_stable_with_lotus_or_ginger	0.678	0.821	Strong validation candidate	Developmental transcription-factor module	developmental transition system with clear underground-organ initiation stage	stage-specific expression analysis and targeted perturbation of transcription factor homologs
UGOseq_000170114	UGOseq_000170114|species=Musa_acuminata|gene=Ma05_g20340|protein=Musa_acuminata|gene=Ma05_g20340|len=690|source=Ma05_p20340.1|orthogroup=OG0000767	Musa_acuminata	Ma05_g20340	Musa_acuminata|gene=Ma05_g20340|len=690|source=Ma05_p20340.1	Musa_acuminata|gene=Ma05_g20340|len=690|source=Ma05_p20340.1 pep primary_assembly:Musa_acuminata_v2:CAJGYN010000005.1:31988851:31991446:1 gene:Ma05_g20340 transcript:Ma05_t20340.1 gene_biotype:protein_coding transcript_biotype:protein_coding	OG0000767	11	bHLH-like transcriptional regulator	Developmental_TF	Tier_A_supported_main_text_candidate	0.678	0.821	Strong validation candidate		developmental transition system with clear underground-organ initiation stage	stage-specific expression analysis and targeted perturbation of transcription factor homologs
UGOseq_000174654	UGOseq_000174654|species=Musa_acuminata|gene=Ma06_g33980|protein=Musa_acuminata|gene=Ma06_g33980|len=345|source=Ma06_p33980.1|orthogroup=OG0000273	Musa_acuminata	Ma06_g33980	Musa_acuminata|gene=Ma06_g33980|len=345|source=Ma06_p33980.1	Musa_acuminata|gene=Ma06_g33980|len=345|source=Ma06_p33980.1 pep primary_assembly:Musa_acuminata_v2:CAJGYN010000006.1:34401590:34403391:-1 gene:Ma06_g33980 transcript:Ma06_t33980.1 gene_biotype:protein_coding transcript_biotype:protein_coding	OG0000273	11	bHLH-like transcriptional regulator	Developmental_TF	Tier_A_plus_core_stable_with_lotus_or_ginger	0.678	0.821	Strong validation candidate	Developmental transcription-factor module	developmental transition system with clear underground-organ initiation stage	stage-specific expression analysis and targeted perturbation of transcription factor homologs
UGOseq_000174655	UGOseq_000174655|species=Musa_acuminata|gene=Ma06_g33990|protein=Musa_acuminata|gene=Ma06_g33990|len=270|source=Ma06_p33990.1|orthogroup=OG0000273	Musa_acuminata	Ma06_g33990	Musa_acuminata|gene=Ma06_g33990|len=270|source=Ma06_p33990.1	Musa_acuminata|gene=Ma06_g33990|len=270|source=Ma06_p33990.1 pep primary_assembly:Musa_acuminata_v2:CAJGYN010000006.1:34407222:34408652:-1 gene:Ma06_g33990 transcript:Ma06_t33990.1 gene_biotype:protein_coding transcript_biotype:protein_coding	OG0000273	11	bHLH-like transcriptional regulator	Developmental_TF	Tier_A_plus_core_stable_with_lotus_or_ginger	0.678	0.821	Strong validation candidate	Developmental transcription-factor module	developmental transition system with clear underground-organ initiation stage	stage-specific expression analysis and targeted perturbation of transcription factor homologs
UGOseq_000174945	UGOseq_000174945|species=Musa_acuminata|gene=Ma06_g36910|protein=Musa_acuminata|gene=Ma06_g36910|len=363|source=Ma06_p36910.1|orthogroup=OG0000863	Musa_acuminata	Ma06_g36910	Musa_acuminata|gene=Ma06_g36910|len=363|source=Ma06_p36910.1	Musa_acuminata|gene=Ma06_g36910|len=363|source=Ma06_p36910.1 pep primary_assembly:Musa_acuminata_v2:CAJGYN010000006.1:36135325:36138107:1 gene:Ma06_g36910 transcript:Ma06_t36910.1 gene_biotype:protein_coding transcript_biotype:protein_coding	OG0000863	11	Early nodulin-like meristem/regrowth candidate	Meristem_bud_regrowth	Tier_A_supported_main_text_candidate	1.0	0.95	Top validation-ready candidate	Meristem and regrowth module	rhizome bud, root crown, or regrowth system	bud activation/regrowth-stage expression analysis followed by perturbation
UGOseq_000175624	UGOseq_000175624|species=Musa_acuminata|gene=Ma07_g04810|protein=Musa_acuminata|gene=Ma07_g04810|len=613|source=Ma07_p04810.1|orthogroup=OG0000767	Musa_acuminata	Ma07_g04810	Musa_acuminata|gene=Ma07_g04810|len=613|source=Ma07_p04810.1	Musa_acuminata|gene=Ma07_g04810|len=613|source=Ma07_p04810.1 pep primary_assembly:Musa_acuminata_v2:CAJGYN010000007.1:3523550:3525837:1 gene:Ma07_g04810 transcript:Ma07_t04810.1 gene_biotype:protein_coding transcript_biotype:protein_coding	OG0000767	11	bHLH-like transcriptional regulator	Developmental_TF	Tier_A_supported_main_text_candidate	0.678	0.821	Strong validation candidate		developmental transition system with clear underground-organ initiation stage	stage-specific expression analysis and targeted perturbation of transcription factor homologs
UGOseq_000177037	UGOseq_000177037|species=Musa_acuminata|gene=Ma07_g19140|protein=Musa_acuminata|gene=Ma07_g19140|len=328|source=Ma07_p19140.1|orthogroup=OG0000154	Musa_acuminata	Ma07_g19140	Musa_acuminata|gene=Ma07_g19140|len=328|source=Ma07_p19140.1	Musa_acuminata|gene=Ma07_g19140|len=328|source=Ma07_p19140.1 pep primary_assembly:Musa_acuminata_v2:CAJGYN010000007.1:27205761:27206934:1 gene:Ma07_g19140 transcript:Ma07_t19140.1 gene_biotype:protein_coding transcript_biotype:protein_coding	OG0000154	4	XTH / xyloglucan cell-wall remodeling	Cell_wall_remodeling	Tier_A_plus_core_stable_with_lotus_or_ginger	1.0	0.791	Strong validation candidate	Cell-wall remodeling module	rhizome elongation or tuber/storage-organ expansion system	expression profiling across initiation/elongation stages; RNAi/CRISPR or overexpression in a tractable system
UGOseq_000177448	UGOseq_000177448|species=Musa_acuminata|gene=Ma07_g23270|protein=Musa_acuminata|gene=Ma07_g23270|len=285|source=Ma07_p23270.1|orthogroup=OG0000273	Musa_acuminata	Ma07_g23270	Musa_acuminata|gene=Ma07_g23270|len=285|source=Ma07_p23270.1	Musa_acuminata|gene=Ma07_g23270|len=285|source=Ma07_p23270.1 pep primary_assembly:Musa_acuminata_v2:CAJGYN010000007.1:30970436:30972134:-1 gene:Ma07_g23270 transcript:Ma07_t23270.1 gene_biotype:protein_coding transcript_biotype:protein_coding	OG0000273	11	bHLH-like transcriptional regulator	Developmental_TF	Tier_A_plus_core_stable_with_lotus_or_ginger	0.678	0.821	Strong validation candidate	Developmental transcription-factor module	developmental transition system with clear underground-organ initiation stage	stage-specific expression analysis and targeted perturbation of transcription factor homologs
UGOseq_000177449	UGOseq_000177449|species=Musa_acuminata|gene=Ma07_g23280|protein=Musa_acuminata|gene=Ma07_g23280|len=298|source=Ma07_p23280.1|orthogroup=OG0000273	Musa_acuminata	Ma07_g23280	Musa_acuminata|gene=Ma07_g23280|len=298|source=Ma07_p23280.1	Musa_acuminata|gene=Ma07_g23280|len=298|source=Ma07_p23280.1 pep primary_assembly:Musa_acuminata_v2:CAJGYN010000007.1:30977199:30978474:1 gene:Ma07_g23280 transcript:Ma07_t23280.1 gene_biotype:protein_coding transcript_biotype:protein_coding	OG0000273	11	bHLH-like transcriptional regulator	Developmental_TF	Tier_A_plus_core_stable_with_lotus_or_ginger	0.678	0.821	Strong validation candidate	Developmental transcription-factor module	developmental transition system with clear underground-organ initiation stage	stage-specific expression analysis and targeted perturbation of transcription factor homologs
UGOseq_000179596	UGOseq_000179596|species=Musa_acuminata|gene=Ma08_g15640|protein=Musa_acuminata|gene=Ma08_g15640|len=707|source=Ma08_p15640.1|orthogroup=OG0000767	Musa_acuminata	Ma08_g15640	Musa_acuminata|gene=Ma08_g15640|len=707|source=Ma08_p15640.1	Musa_acuminata|gene=Ma08_g15640|len=707|source=Ma08_p15640.1 pep primary_assembly:Musa_acuminata_v2:CAJGYN010000008.1:15825784:15828377:-1 gene:Ma08_g15640 transcript:Ma08_t15640.1 gene_biotype:protein_coding transcript_biotype:protein_coding	OG0000767	11	bHLH-like transcriptional regulator	Developmental_TF	Tier_A_supported_main_text_candidate	0.678	0.821	Strong validation candidate		developmental transition system with clear underground-organ initiation stage	stage-specific expression analysis and targeted perturbation of transcription factor homologs
UGOseq_000180791	UGOseq_000180791|species=Musa_acuminata|gene=Ma08_g27650|protein=Musa_acuminata|gene=Ma08_g27650|len=523|source=Ma08_p27650.3|orthogroup=OG0006937	Musa_acuminata	Ma08_g27650	Musa_acuminata|gene=Ma08_g27650|len=523|source=Ma08_p27650.3	Musa_acuminata|gene=Ma08_g27650|len=523|source=Ma08_p27650.3 pep primary_assembly:Musa_acuminata_v2:CAJGYN010000008.1:39826121:39839776:1 gene:Ma08_g27650 transcript:Ma08_t27650.3 gene_biotype:protein_coding transcript_biotype:protein_coding	OG0006937	11	Carotenoid cleavage dioxygenase / hormone-related regulation	Hormone_regulation	Tier_B_no_new_lotus_ginger_support	1.0	0.89	Top validation-ready candidate	Hormone-related regulation module	storage-root/tuber or hormone-responsive underground-organ system	hormone-response expression analysis and candidate perturbation
UGOseq_000180896	UGOseq_000180896|species=Musa_acuminata|gene=Ma08_g28700|protein=Musa_acuminata|gene=Ma08_g28700|len=372|source=Ma08_p28700.1|orthogroup=OG0000863	Musa_acuminata	Ma08_g28700	Musa_acuminata|gene=Ma08_g28700|len=372|source=Ma08_p28700.1	Musa_acuminata|gene=Ma08_g28700|len=372|source=Ma08_p28700.1 pep primary_assembly:Musa_acuminata_v2:CAJGYN010000008.1:40513426:40516468:-1 gene:Ma08_g28700 transcript:Ma08_t28700.1 gene_biotype:protein_coding transcript_biotype:protein_coding	OG0000863	11	Early nodulin-like meristem/regrowth candidate	Meristem_bud_regrowth	Tier_A_supported_main_text_candidate	1.0	0.95	Top validation-ready candidate	Meristem and regrowth module	rhizome bud, root crown, or regrowth system	bud activation/regrowth-stage expression analysis followed by perturbation
UGOseq_000181211	UGOseq_000181211|species=Musa_acuminata|gene=Ma08_g31860|protein=Musa_acuminata|gene=Ma08_g31860|len=834|source=Ma08_p31860.1|orthogroup=OG0004958	Musa_acuminata	Ma08_g31860	Musa_acuminata|gene=Ma08_g31860|len=834|source=Ma08_p31860.1	Musa_acuminata|gene=Ma08_g31860|len=834|source=Ma08_p31860.1 pep primary_assembly:Musa_acuminata_v2:CAJGYN010000008.1:42649823:42654171:-1 gene:Ma08_g31860 transcript:Ma08_t31860.1 gene_biotype:protein_coding transcript_biotype:protein_coding	OG0004958	11	Non-symbiotic hemoglobin / stress-resilience candidate	Stress_resilience	Tier_A_supported_main_text_candidate	1.0	0.95	Top validation-ready candidate	Stress-resilience module	regrowth or stress-resilience underground-organ system	stress/regrowth expression profiling and survival/regrowth phenotyping
UGOseq_000181212	UGOseq_000181212|species=Musa_acuminata|gene=Ma08_g31870|protein=Musa_acuminata|gene=Ma08_g31870|len=836|source=Ma08_p31870.1|orthogroup=OG0004958	Musa_acuminata	Ma08_g31870	Musa_acuminata|gene=Ma08_g31870|len=836|source=Ma08_p31870.1	Musa_acuminata|gene=Ma08_g31870|len=836|source=Ma08_p31870.1 pep primary_assembly:Musa_acuminata_v2:CAJGYN010000008.1:42662071:42666408:-1 gene:Ma08_g31870 transcript:Ma08_t31870.1 gene_biotype:protein_coding transcript_biotype:protein_coding	OG0004958	11	Non-symbiotic hemoglobin / stress-resilience candidate	Stress_resilience	Tier_A_supported_main_text_candidate	1.0	0.95	Top validation-ready candidate	Stress-resilience module	regrowth or stress-resilience underground-organ system	stress/regrowth expression profiling and survival/regrowth phenotyping
UGOseq_000181998	UGOseq_000181998|species=Musa_acuminata|gene=Ma09_g04890|protein=Musa_acuminata|gene=Ma09_g04890|len=284|source=Ma09_p04890.1|orthogroup=OG0000273	Musa_acuminata	Ma09_g04890	Musa_acuminata|gene=Ma09_g04890|len=284|source=Ma09_p04890.1	Musa_acuminata|gene=Ma09_g04890|len=284|source=Ma09_p04890.1 pep primary_assembly:Musa_acuminata_v2:CAJGYN010000009.1:3138801:3140629:1 gene:Ma09_g04890 transcript:Ma09_t04890.1 gene_biotype:protein_coding transcript_biotype:protein_coding	OG0000273	11	bHLH-like transcriptional regulator	Developmental_TF	Tier_A_plus_core_stable_with_lotus_or_ginger	0.678	0.821	Strong validation candidate	Developmental transcription-factor module	developmental transition system with clear underground-organ initiation stage	stage-specific expression analysis and targeted perturbation of transcription factor homologs
UGOseq_000185555	UGOseq_000185555|species=Musa_acuminata|gene=Ma10_g09210|protein=Musa_acuminata|gene=Ma10_g09210|len=372|source=Ma10_p09210.1|orthogroup=OG0000863	Musa_acuminata	Ma10_g09210	Musa_acuminata|gene=Ma10_g09210|len=372|source=Ma10_p09210.1	Musa_acuminata|gene=Ma10_g09210|len=372|source=Ma10_p09210.1 pep primary_assembly:Musa_acuminata_v2:CAJGYN010000010.1:23403952:23405658:1 gene:Ma10_g09210 transcript:Ma10_t09210.1 gene_biotype:protein_coding transcript_biotype:protein_coding	OG0000863	11	Early nodulin-like meristem/regrowth candidate	Meristem_bud_regrowth	Tier_A_supported_main_text_candidate	1.0	0.95	Top validation-ready candidate	Meristem and regrowth module	rhizome bud, root crown, or regrowth system	bud activation/regrowth-stage expression analysis followed by perturbation
UGOseq_000185932	UGOseq_000185932|species=Musa_acuminata|gene=Ma10_g13020|protein=Musa_acuminata|gene=Ma10_g13020|len=302|source=Ma10_p13020.1|orthogroup=OG0000273	Musa_acuminata	Ma10_g13020	Musa_acuminata|gene=Ma10_g13020|len=302|source=Ma10_p13020.1	Musa_acuminata|gene=Ma10_g13020|len=302|source=Ma10_p13020.1 pep primary_assembly:Musa_acuminata_v2:CAJGYN010000010.1:25952765:25954252:-1 gene:Ma10_g13020 transcript:Ma10_t13020.1 gene_biotype:protein_coding transcript_biotype:protein_coding	OG0000273	11	bHLH-like transcriptional regulator	Developmental_TF	Tier_A_plus_core_stable_with_lotus_or_ginger	0.678	0.821	Strong validation candidate	Developmental transcription-factor module	developmental transition system with clear underground-organ initiation stage	stage-specific expression analysis and targeted perturbation of transcription factor homologs
UGOseq_000187544	UGOseq_000187544|species=Musa_acuminata|gene=Ma10_g29220|protein=Musa_acuminata|gene=Ma10_g29220|len=299|source=Ma10_p29220.1|orthogroup=OG0000273	Musa_acuminata	Ma10_g29220	Musa_acuminata|gene=Ma10_g29220|len=299|source=Ma10_p29220.1	Musa_acuminata|gene=Ma10_g29220|len=299|source=Ma10_p29220.1 pep primary_assembly:Musa_acuminata_v2:CAJGYN010000010.1:35868016:35869361:-1 gene:Ma10_g29220 transcript:Ma10_t29220.1 gene_biotype:protein_coding transcript_biotype:protein_coding	OG0000273	11	bHLH-like transcriptional regulator	Developmental_TF	Tier_A_plus_core_stable_with_lotus_or_ginger	0.678	0.821	Strong validation candidate	Developmental transcription-factor module	developmental transition system with clear underground-organ initiation stage	stage-specific expression analysis and targeted perturbation of transcription factor homologs
UGOseq_000188712	UGOseq_000188712|species=Musa_acuminata|gene=Ma11_g09460|protein=Musa_acuminata|gene=Ma11_g09460|len=276|source=Ma11_p09460.1|orthogroup=OG0003725	Musa_acuminata	Ma11_g09460	Musa_acuminata|gene=Ma11_g09460|len=276|source=Ma11_p09460.1	Musa_acuminata|gene=Ma11_g09460|len=276|source=Ma11_p09460.1 pep primary_assembly:Musa_acuminata_v2:CAJGYN010000011.1:7786336:7789329:1 gene:Ma11_g09460 transcript:Ma11_t09460.1 gene_biotype:protein_coding transcript_biotype:protein_coding description:Double-stranded RNA-binding protein 1 [Source:Projected from Arabidopsis thaliana (AT1G09700) UniProtKB/Swiss-Prot;Acc:O04492]	OG0003725	10	NAC-like transcriptional regulator	Developmental_TF	Tier_B_no_new_lotus_ginger_support	1.0	0.867	Top validation-ready candidate		developmental transition system with clear underground-organ initiation stage	stage-specific expression analysis and targeted perturbation of transcription factor homologs
UGOseq_000189401	UGOseq_000189401|species=Musa_acuminata|gene=Ma11_g16400|protein=Musa_acuminata|gene=Ma11_g16400|len=676|source=Ma11_p16400.1|orthogroup=OG0000767	Musa_acuminata	Ma11_g16400	Musa_acuminata|gene=Ma11_g16400|len=676|source=Ma11_p16400.1	Musa_acuminata|gene=Ma11_g16400|len=676|source=Ma11_p16400.1 pep primary_assembly:Musa_acuminata_v2:CAJGYN010000011.1:21929663:21932082:-1 gene:Ma11_g16400 transcript:Ma11_t16400.1 gene_biotype:protein_coding transcript_biotype:protein_coding	OG0000767	11	bHLH-like transcriptional regulator	Developmental_TF	Tier_A_supported_main_text_candidate	0.678	0.821	Strong validation candidate		developmental transition system with clear underground-organ initiation stage	stage-specific expression analysis and targeted perturbation of transcription factor homologs
UGOseq_000189927	UGOseq_000189927|species=Musa_acuminata|gene=Ma11_g21710|protein=Musa_acuminata|gene=Ma11_g21710|len=696|source=Ma11_p21710.1|orthogroup=OG0000767	Musa_acuminata	Ma11_g21710	Musa_acuminata|gene=Ma11_g21710|len=696|source=Ma11_p21710.1	Musa_acuminata|gene=Ma11_g21710|len=696|source=Ma11_p21710.1 pep primary_assembly:Musa_acuminata_v2:CAJGYN010000011.1:25740642:25743103:-1 gene:Ma11_g21710 transcript:Ma11_t21710.1 gene_biotype:protein_coding transcript_biotype:protein_coding	OG0000767	11	bHLH-like transcriptional regulator	Developmental_TF	Tier_A_supported_main_text_candidate	0.678	0.821	Strong validation candidate		developmental transition system with clear underground-organ initiation stage	stage-specific expression analysis and targeted perturbation of transcription factor homologs
UGOseq_000214502	UGOseq_000214502|species=Oryza_longistaminata|gene=AMDW01005841.1_FG001|protein=AMDW01005841.1_FG001|orthogroup=OG0000767	Oryza_longistaminata	AMDW01005841.1_FG001	AMDW01005841.1_FG001	AMDW01005841.1_FG001 species=Oryza_longistaminata selected_protein=AMDW01005841.1_FGP001 length=56	OG0000767	11	bHLH-like transcriptional regulator	Developmental_TF	Tier_A_supported_main_text_candidate	0.678	0.821	Strong validation candidate		developmental transition system with clear underground-organ initiation stage	stage-specific expression analysis and targeted perturbation of transcription factor homologs
UGOseq_000219670	UGOseq_000219670|species=Oryza_longistaminata|gene=KN538695.1_FG006|protein=KN538695.1_FG006|orthogroup=OG0000273	Oryza_longistaminata	KN538695.1_FG006	KN538695.1_FG006	KN538695.1_FG006 species=Oryza_longistaminata selected_protein=KN538695.1_FGP006 length=174	OG0000273	11	bHLH-like transcriptional regulator	Developmental_TF	Tier_A_plus_core_stable_with_lotus_or_ginger	0.678	0.821	Strong validation candidate	Developmental transcription-factor module	developmental transition system with clear underground-organ initiation stage	stage-specific expression analysis and targeted perturbation of transcription factor homologs
UGOseq_000223222	UGOseq_000223222|species=Oryza_longistaminata|gene=KN538798.1_FG005|protein=KN538798.1_FG005|orthogroup=OG0004958	Oryza_longistaminata	KN538798.1_FG005	KN538798.1_FG005	KN538798.1_FG005 species=Oryza_longistaminata selected_protein=KN538798.1_FGP005 length=877	OG0004958	11	Non-symbiotic hemoglobin / stress-resilience candidate	Stress_resilience	Tier_A_supported_main_text_candidate	1.0	0.95	Top validation-ready candidate	Stress-resilience module	regrowth or stress-resilience underground-organ system	stress/regrowth expression profiling and survival/regrowth phenotyping
UGOseq_000223953	UGOseq_000223953|species=Oryza_longistaminata|gene=KN538826.1_FG011|protein=KN538826.1_FG011|orthogroup=OG0000273	Oryza_longistaminata	KN538826.1_FG011	KN538826.1_FG011	KN538826.1_FG011 species=Oryza_longistaminata selected_protein=KN538826.1_FGP011 length=274	OG0000273	11	bHLH-like transcriptional regulator	Developmental_TF	Tier_A_plus_core_stable_with_lotus_or_ginger	0.678	0.821	Strong validation candidate	Developmental transcription-factor module	developmental transition system with clear underground-organ initiation stage	stage-specific expression analysis and targeted perturbation of transcription factor homologs
UGOseq_000227564	UGOseq_000227564|species=Oryza_longistaminata|gene=KN539014.1_FG004|protein=KN539014.1_FG004|orthogroup=OG0000273	Oryza_longistaminata	KN539014.1_FG004	KN539014.1_FG004	KN539014.1_FG004 species=Oryza_longistaminata selected_protein=KN539014.1_FGP004 length=197	OG0000273	11	bHLH-like transcriptional regulator	Developmental_TF	Tier_A_plus_core_stable_with_lotus_or_ginger	0.678	0.821	Strong validation candidate	Developmental transcription-factor module	developmental transition system with clear underground-organ initiation stage	stage-specific expression analysis and targeted perturbation of transcription factor homologs
UGOseq_000227724	UGOseq_000227724|species=Oryza_longistaminata|gene=KN539025.1_FG005|protein=KN539025.1_FG005|orthogroup=OG0000273	Oryza_longistaminata	KN539025.1_FG005	KN539025.1_FG005	KN539025.1_FG005 species=Oryza_longistaminata selected_protein=KN539025.1_FGP005 length=314	OG0000273	11	bHLH-like transcriptional regulator	Developmental_TF	Tier_A_plus_core_stable_with_lotus_or_ginger	0.678	0.821	Strong validation candidate	Developmental transcription-factor module	developmental transition system with clear underground-organ initiation stage	stage-specific expression analysis and targeted perturbation of transcription factor homologs
UGOseq_000228762	UGOseq_000228762|species=Oryza_longistaminata|gene=KN539100.1_FG002|protein=KN539100.1_FG002|orthogroup=OG0000767	Oryza_longistaminata	KN539100.1_FG002	KN539100.1_FG002	KN539100.1_FG002 species=Oryza_longistaminata selected_protein=KN539100.1_FGP002 length=99	OG0000767	11	bHLH-like transcriptional regulator	Developmental_TF	Tier_A_supported_main_text_candidate	0.678	0.821	Strong validation candidate		developmental transition system with clear underground-organ initiation stage	stage-specific expression analysis and targeted perturbation of transcription factor homologs
UGOseq_000236990	UGOseq_000236990|species=Oryza_longistaminata|gene=KN539990.1_FG003|protein=KN539990.1_FG003|orthogroup=OG0000273	Oryza_longistaminata	KN539990.1_FG003	KN539990.1_FG003	KN539990.1_FG003 species=Oryza_longistaminata selected_protein=KN539990.1_FGP003 length=249	OG0000273	11	bHLH-like transcriptional regulator	Developmental_TF	Tier_A_plus_core_stable_with_lotus_or_ginger	0.678	0.821	Strong validation candidate	Developmental transcription-factor module	developmental transition system with clear underground-organ initiation stage	stage-specific expression analysis and targeted perturbation of transcription factor homologs
UGOseq_000239514	UGOseq_000239514|species=Oryza_longistaminata|gene=KN540515.1_FG003|protein=KN540515.1_FG003|orthogroup=OG0000863	Oryza_longistaminata	KN540515.1_FG003	KN540515.1_FG003	KN540515.1_FG003 species=Oryza_longistaminata selected_protein=KN540515.1_FGP003 length=444	OG0000863	11	Early nodulin-like meristem/regrowth candidate	Meristem_bud_regrowth	Tier_A_supported_main_text_candidate	1.0	0.95	Top validation-ready candidate	Meristem and regrowth module	rhizome bud, root crown, or regrowth system	bud activation/regrowth-stage expression analysis followed by perturbation
UGOseq_000240365	UGOseq_000240365|species=Oryza_longistaminata|gene=KN540732.1_FG003|protein=KN540732.1_FG003|orthogroup=OG0006937	Oryza_longistaminata	KN540732.1_FG003	KN540732.1_FG003	KN540732.1_FG003 species=Oryza_longistaminata selected_protein=KN540732.1_FGP003 length=416	OG0006937	11	Carotenoid cleavage dioxygenase / hormone-related regulation	Hormone_regulation	Tier_B_no_new_lotus_ginger_support	1.0	0.89	Top validation-ready candidate	Hormone-related regulation module	storage-root/tuber or hormone-responsive underground-organ system	hormone-response expression analysis and candidate perturbation
UGOseq_000241219	UGOseq_000241219|species=Oryza_longistaminata|gene=KN540983.1_FG002|protein=KN540983.1_FG002|orthogroup=OG0000863	Oryza_longistaminata	KN540983.1_FG002	KN540983.1_FG002	KN540983.1_FG002 species=Oryza_longistaminata selected_protein=KN540983.1_FGP002 length=388	OG0000863	11	Early nodulin-like meristem/regrowth candidate	Meristem_bud_regrowth	Tier_A_supported_main_text_candidate	1.0	0.95	Top validation-ready candidate	Meristem and regrowth module	rhizome bud, root crown, or regrowth system	bud activation/regrowth-stage expression analysis followed by perturbation
UGOseq_000241284	UGOseq_000241284|species=Oryza_longistaminata|gene=KN541005.1_FG005|protein=KN541005.1_FG005|orthogroup=OG0000273	Oryza_longistaminata	KN541005.1_FG005	KN541005.1_FG005	KN541005.1_FG005 species=Oryza_longistaminata selected_protein=KN541005.1_FGP005 length=217	OG0000273	11	bHLH-like transcriptional regulator	Developmental_TF	Tier_A_plus_core_stable_with_lotus_or_ginger	0.678	0.821	Strong validation candidate	Developmental transcription-factor module	developmental transition system with clear underground-organ initiation stage	stage-specific expression analysis and targeted perturbation of transcription factor homologs
UGOseq_000241991	UGOseq_000241991|species=Oryza_longistaminata|gene=KN541256.1_FG001|protein=KN541256.1_FG001|orthogroup=OG0000273	Oryza_longistaminata	KN541256.1_FG001	KN541256.1_FG001	KN541256.1_FG001 species=Oryza_longistaminata selected_protein=KN541256.1_FGP001 length=161	OG0000273	11	bHLH-like transcriptional regulator	Developmental_TF	Tier_A_plus_core_stable_with_lotus_or_ginger	0.678	0.821	Strong validation candidate	Developmental transcription-factor module	developmental transition system with clear underground-organ initiation stage	stage-specific expression analysis and targeted perturbation of transcription factor homologs
UGOseq_000250877	UGOseq_000250877|species=Panicum_virgatum|gene=LOC120645672|protein=XP_039778369.1|orthogroup=OG0000154	Panicum_virgatum	LOC120645672	XP_039778369.1	Panicum_virgatum|gene=LOC120645672|protein=XP_039778369.1|len=127|method=protein_to_gene	OG0000154	4	XTH / xyloglucan cell-wall remodeling	Cell_wall_remodeling	Tier_A_plus_core_stable_with_lotus_or_ginger	1.0	0.791	Strong validation candidate	Cell-wall remodeling module	rhizome elongation or tuber/storage-organ expansion system	expression profiling across initiation/elongation stages; RNAi/CRISPR or overexpression in a tractable system
UGOseq_000250891	UGOseq_000250891|species=Panicum_virgatum|gene=LOC120645689|protein=XP_039778384.1|orthogroup=OG0000154	Panicum_virgatum	LOC120645689	XP_039778384.1	Panicum_virgatum|gene=LOC120645689|protein=XP_039778384.1|len=794|method=protein_to_gene	OG0000154	4	XTH / xyloglucan cell-wall remodeling	Cell_wall_remodeling	Tier_A_plus_core_stable_with_lotus_or_ginger	1.0	0.791	Strong validation candidate	Cell-wall remodeling module	rhizome elongation or tuber/storage-organ expansion system	expression profiling across initiation/elongation stages; RNAi/CRISPR or overexpression in a tractable system
UGOseq_000251376	UGOseq_000251376|species=Panicum_virgatum|gene=LOC120646450|protein=XP_039778948.1|orthogroup=OG0003725	Panicum_virgatum	LOC120646450	XP_039778948.1	Panicum_virgatum|gene=LOC120646450|protein=XP_039778948.1|len=469|method=protein_to_gene	OG0003725	10	NAC-like transcriptional regulator	Developmental_TF	Tier_B_no_new_lotus_ginger_support	1.0	0.867	Top validation-ready candidate		developmental transition system with clear underground-organ initiation stage	stage-specific expression analysis and targeted perturbation of transcription factor homologs
UGOseq_000252552	UGOseq_000252552|species=Panicum_virgatum|gene=LOC120647996|protein=XP_039780719.1|orthogroup=OG0000154	Panicum_virgatum	LOC120647996	XP_039780719.1	Panicum_virgatum|gene=LOC120647996|protein=XP_039780719.1|len=270|method=protein_to_gene	OG0000154	4	XTH / xyloglucan cell-wall remodeling	Cell_wall_remodeling	Tier_A_plus_core_stable_with_lotus_or_ginger	1.0	0.791	Strong validation candidate	Cell-wall remodeling module	rhizome elongation or tuber/storage-organ expansion system	expression profiling across initiation/elongation stages; RNAi/CRISPR or overexpression in a tractable system
UGOseq_000253538	UGOseq_000253538|species=Panicum_virgatum|gene=LOC120649320|protein=XP_039782027.1|orthogroup=OG0000273	Panicum_virgatum	LOC120649320	XP_039782027.1	Panicum_virgatum|gene=LOC120649320|protein=XP_039782027.1|len=316|method=protein_to_gene	OG0000273	11	bHLH-like transcriptional regulator	Developmental_TF	Tier_A_plus_core_stable_with_lotus_or_ginger	0.678	0.821	Strong validation candidate	Developmental transcription-factor module	developmental transition system with clear underground-organ initiation stage	stage-specific expression analysis and targeted perturbation of transcription factor homologs
UGOseq_000254480	UGOseq_000254480|species=Panicum_virgatum|gene=LOC120650406|protein=XP_039783459.1|orthogroup=OG0000863	Panicum_virgatum	LOC120650406	XP_039783459.1	Panicum_virgatum|gene=LOC120650406|protein=XP_039783459.1|len=364|method=protein_to_gene	OG0000863	11	Early nodulin-like meristem/regrowth candidate	Meristem_bud_regrowth	Tier_A_supported_main_text_candidate	1.0	0.95	Top validation-ready candidate	Meristem and regrowth module	rhizome bud, root crown, or regrowth system	bud activation/regrowth-stage expression analysis followed by perturbation
UGOseq_000255012	UGOseq_000255012|species=Panicum_virgatum|gene=LOC120651058|protein=XP_039784335.1|orthogroup=OG0004958	Panicum_virgatum	LOC120651058	XP_039784335.1	Panicum_virgatum|gene=LOC120651058|protein=XP_039784335.1|len=837|method=protein_to_gene	OG0004958	11	Non-symbiotic hemoglobin / stress-resilience candidate	Stress_resilience	Tier_A_supported_main_text_candidate	1.0	0.95	Top validation-ready candidate	Stress-resilience module	regrowth or stress-resilience underground-organ system	stress/regrowth expression profiling and survival/regrowth phenotyping
UGOseq_000255383	UGOseq_000255383|species=Panicum_virgatum|gene=LOC120651567|protein=XP_039785027.1|orthogroup=OG0000767	Panicum_virgatum	LOC120651567	XP_039785027.1	Panicum_virgatum|gene=LOC120651567|protein=XP_039785027.1|len=702|method=protein_to_gene	OG0000767	11	bHLH-like transcriptional regulator	Developmental_TF	Tier_A_supported_main_text_candidate	0.678	0.821	Strong validation candidate		developmental transition system with clear underground-organ initiation stage	stage-specific expression analysis and targeted perturbation of transcription factor homologs
UGOseq_000256128	UGOseq_000256128|species=Panicum_virgatum|gene=LOC120652503|protein=XP_039786292.1|orthogroup=OG0000273	Panicum_virgatum	LOC120652503	XP_039786292.1	Panicum_virgatum|gene=LOC120652503|protein=XP_039786292.1|len=366|method=protein_to_gene	OG0000273	11	bHLH-like transcriptional regulator	Developmental_TF	Tier_A_plus_core_stable_with_lotus_or_ginger	0.678	0.821	Strong validation candidate	Developmental transcription-factor module	developmental transition system with clear underground-organ initiation stage	stage-specific expression analysis and targeted perturbation of transcription factor homologs
UGOseq_000256983	UGOseq_000256983|species=Panicum_virgatum|gene=LOC120653738|protein=XP_039787349.1|orthogroup=OG0000154	Panicum_virgatum	LOC120653738	XP_039787349.1	Panicum_virgatum|gene=LOC120653738|protein=XP_039787349.1|len=481|method=protein_to_gene	OG0000154	4	XTH / xyloglucan cell-wall remodeling	Cell_wall_remodeling	Tier_A_plus_core_stable_with_lotus_or_ginger	1.0	0.791	Strong validation candidate	Cell-wall remodeling module	rhizome elongation or tuber/storage-organ expansion system	expression profiling across initiation/elongation stages; RNAi/CRISPR or overexpression in a tractable system
UGOseq_000261317	UGOseq_000261317|species=Panicum_virgatum|gene=LOC120659751|protein=XP_039793911.1|orthogroup=OG0000273	Panicum_virgatum	LOC120659751	XP_039793911.1	Panicum_virgatum|gene=LOC120659751|protein=XP_039793911.1|len=271|method=protein_to_gene	OG0000273	11	bHLH-like transcriptional regulator	Developmental_TF	Tier_A_plus_core_stable_with_lotus_or_ginger	0.678	0.821	Strong validation candidate	Developmental transcription-factor module	developmental transition system with clear underground-organ initiation stage	stage-specific expression analysis and targeted perturbation of transcription factor homologs
UGOseq_000263259	UGOseq_000263259|species=Panicum_virgatum|gene=LOC120662150|protein=XP_039797206.1|orthogroup=OG0003725	Panicum_virgatum	LOC120662150	XP_039797206.1	Panicum_virgatum|gene=LOC120662150|protein=XP_039797206.1|len=167|method=protein_to_gene	OG0003725	10	NAC-like transcriptional regulator	Developmental_TF	Tier_B_no_new_lotus_ginger_support	1.0	0.867	Top validation-ready candidate		developmental transition system with clear underground-organ initiation stage	stage-specific expression analysis and targeted perturbation of transcription factor homologs
UGOseq_000266589	UGOseq_000266589|species=Panicum_virgatum|gene=LOC120666560|protein=XP_039802360.1|orthogroup=OG0003725	Panicum_virgatum	LOC120666560	XP_039802360.1	Panicum_virgatum|gene=LOC120666560|protein=XP_039802360.1|len=396|method=protein_to_gene	OG0003725	10	NAC-like transcriptional regulator	Developmental_TF	Tier_B_no_new_lotus_ginger_support	1.0	0.867	Top validation-ready candidate		developmental transition system with clear underground-organ initiation stage	stage-specific expression analysis and targeted perturbation of transcription factor homologs
UGOseq_000266718	UGOseq_000266718|species=Panicum_virgatum|gene=LOC120666724|protein=XP_039802573.1|orthogroup=OG0000154	Panicum_virgatum	LOC120666724	XP_039802573.1	Panicum_virgatum|gene=LOC120666724|protein=XP_039802573.1|len=277|method=protein_to_gene	OG0000154	4	XTH / xyloglucan cell-wall remodeling	Cell_wall_remodeling	Tier_A_plus_core_stable_with_lotus_or_ginger	1.0	0.791	Strong validation candidate	Cell-wall remodeling module	rhizome elongation or tuber/storage-organ expansion system	expression profiling across initiation/elongation stages; RNAi/CRISPR or overexpression in a tractable system
UGOseq_000267178	UGOseq_000267178|species=Panicum_virgatum|gene=LOC120667282|protein=XP_039803304.1|orthogroup=OG0000154	Panicum_virgatum	LOC120667282	XP_039803304.1	Panicum_virgatum|gene=LOC120667282|protein=XP_039803304.1|len=705|method=protein_to_gene	OG0000154	4	XTH / xyloglucan cell-wall remodeling	Cell_wall_remodeling	Tier_A_plus_core_stable_with_lotus_or_ginger	1.0	0.791	Strong validation candidate	Cell-wall remodeling module	rhizome elongation or tuber/storage-organ expansion system	expression profiling across initiation/elongation stages; RNAi/CRISPR or overexpression in a tractable system
UGOseq_000269664	UGOseq_000269664|species=Panicum_virgatum|gene=LOC120670756|protein=XP_039806833.1|orthogroup=OG0000154	Panicum_virgatum	LOC120670756	XP_039806833.1	Panicum_virgatum|gene=LOC120670756|protein=XP_039806833.1|len=368|method=protein_to_gene	OG0000154	4	XTH / xyloglucan cell-wall remodeling	Cell_wall_remodeling	Tier_A_plus_core_stable_with_lotus_or_ginger	1.0	0.791	Strong validation candidate	Cell-wall remodeling module	rhizome elongation or tuber/storage-organ expansion system	expression profiling across initiation/elongation stages; RNAi/CRISPR or overexpression in a tractable system
UGOseq_000270740	UGOseq_000270740|species=Panicum_virgatum|gene=LOC120672284|protein=XP_039808540.1|orthogroup=OG0006937	Panicum_virgatum	LOC120672284	XP_039808540.1	Panicum_virgatum|gene=LOC120672284|protein=XP_039808540.1|len=452|method=protein_to_gene	OG0006937	11	Carotenoid cleavage dioxygenase / hormone-related regulation	Hormone_regulation	Tier_B_no_new_lotus_ginger_support	1.0	0.89	Top validation-ready candidate	Hormone-related regulation module	storage-root/tuber or hormone-responsive underground-organ system	hormone-response expression analysis and candidate perturbation
UGOseq_000271173	UGOseq_000271173|species=Panicum_virgatum|gene=LOC120672800|protein=XP_039809326.1|orthogroup=OG0000273	Panicum_virgatum	LOC120672800	XP_039809326.1	Panicum_virgatum|gene=LOC120672800|protein=XP_039809326.1|len=193|method=protein_to_gene	OG0000273	11	bHLH-like transcriptional regulator	Developmental_TF	Tier_A_plus_core_stable_with_lotus_or_ginger	0.678	0.821	Strong validation candidate	Developmental transcription-factor module	developmental transition system with clear underground-organ initiation stage	stage-specific expression analysis and targeted perturbation of transcription factor homologs
UGOseq_000272635	UGOseq_000272635|species=Panicum_virgatum|gene=LOC120674597|protein=XP_039811689.1|orthogroup=OG0000154	Panicum_virgatum	LOC120674597	XP_039811689.1	Panicum_virgatum|gene=LOC120674597|protein=XP_039811689.1|len=838|method=protein_to_gene	OG0000154	4	XTH / xyloglucan cell-wall remodeling	Cell_wall_remodeling	Tier_A_plus_core_stable_with_lotus_or_ginger	1.0	0.791	Strong validation candidate	Cell-wall remodeling module	rhizome elongation or tuber/storage-organ expansion system	expression profiling across initiation/elongation stages; RNAi/CRISPR or overexpression in a tractable system
UGOseq_000273089	UGOseq_000273089|species=Panicum_virgatum|gene=LOC120675169|protein=XP_039812203.1|orthogroup=OG0006937	Panicum_virgatum	LOC120675169	XP_039812203.1	Panicum_virgatum|gene=LOC120675169|protein=XP_039812203.1|len=295|method=protein_to_gene	OG0006937	11	Carotenoid cleavage dioxygenase / hormone-related regulation	Hormone_regulation	Tier_B_no_new_lotus_ginger_support	1.0	0.89	Top validation-ready candidate	Hormone-related regulation module	storage-root/tuber or hormone-responsive underground-organ system	hormone-response expression analysis and candidate perturbation
UGOseq_000273703	UGOseq_000273703|species=Panicum_virgatum|gene=LOC120675963|protein=XP_039813097.1|orthogroup=OG0000273	Panicum_virgatum	LOC120675963	XP_039813097.1	Panicum_virgatum|gene=LOC120675963|protein=XP_039813097.1|len=316|method=protein_to_gene	OG0000273	11	bHLH-like transcriptional regulator	Developmental_TF	Tier_A_plus_core_stable_with_lotus_or_ginger	0.678	0.821	Strong validation candidate	Developmental transcription-factor module	developmental transition system with clear underground-organ initiation stage	stage-specific expression analysis and targeted perturbation of transcription factor homologs
UGOseq_000273894	UGOseq_000273894|species=Panicum_virgatum|gene=LOC120676225|protein=XP_039813390.1|orthogroup=OG0000863	Panicum_virgatum	LOC120676225	XP_039813390.1	Panicum_virgatum|gene=LOC120676225|protein=XP_039813390.1|len=357|method=protein_to_gene	OG0000863	11	Early nodulin-like meristem/regrowth candidate	Meristem_bud_regrowth	Tier_A_supported_main_text_candidate	1.0	0.95	Top validation-ready candidate	Meristem and regrowth module	rhizome bud, root crown, or regrowth system	bud activation/regrowth-stage expression analysis followed by perturbation
UGOseq_000277235	UGOseq_000277235|species=Panicum_virgatum|gene=LOC120681016|protein=XP_039818509.1|orthogroup=OG0000154	Panicum_virgatum	LOC120681016	XP_039818509.1	Panicum_virgatum|gene=LOC120681016|protein=XP_039818509.1|len=942|method=protein_to_gene	OG0000154	4	XTH / xyloglucan cell-wall remodeling	Cell_wall_remodeling	Tier_A_plus_core_stable_with_lotus_or_ginger	1.0	0.791	Strong validation candidate	Cell-wall remodeling module	rhizome elongation or tuber/storage-organ expansion system	expression profiling across initiation/elongation stages; RNAi/CRISPR or overexpression in a tractable system
UGOseq_000277453	UGOseq_000277453|species=Panicum_virgatum|gene=LOC120681291|protein=XP_039818735.1|orthogroup=OG0000154	Panicum_virgatum	LOC120681291	XP_039818735.1	Panicum_virgatum|gene=LOC120681291|protein=XP_039818735.1|len=588|method=protein_to_gene	OG0000154	4	XTH / xyloglucan cell-wall remodeling	Cell_wall_remodeling	Tier_A_plus_core_stable_with_lotus_or_ginger	1.0	0.791	Strong validation candidate	Cell-wall remodeling module	rhizome elongation or tuber/storage-organ expansion system	expression profiling across initiation/elongation stages; RNAi/CRISPR or overexpression in a tractable system
UGOseq_000277454	UGOseq_000277454|species=Panicum_virgatum|gene=LOC120681292|protein=XP_039818736.1|orthogroup=OG0000154	Panicum_virgatum	LOC120681292	XP_039818736.1	Panicum_virgatum|gene=LOC120681292|protein=XP_039818736.1|len=388|method=protein_to_gene	OG0000154	4	XTH / xyloglucan cell-wall remodeling	Cell_wall_remodeling	Tier_A_plus_core_stable_with_lotus_or_ginger	1.0	0.791	Strong validation candidate	Cell-wall remodeling module	rhizome elongation or tuber/storage-organ expansion system	expression profiling across initiation/elongation stages; RNAi/CRISPR or overexpression in a tractable system
UGOseq_000279964	UGOseq_000279964|species=Panicum_virgatum|gene=LOC120684840|protein=XP_039822640.1|orthogroup=OG0000154	Panicum_virgatum	LOC120684840	XP_039822640.1	Panicum_virgatum|gene=LOC120684840|protein=XP_039822640.1|len=266|method=protein_to_gene	OG0000154	4	XTH / xyloglucan cell-wall remodeling	Cell_wall_remodeling	Tier_A_plus_core_stable_with_lotus_or_ginger	1.0	0.791	Strong validation candidate	Cell-wall remodeling module	rhizome elongation or tuber/storage-organ expansion system	expression profiling across initiation/elongation stages; RNAi/CRISPR or overexpression in a tractable system
UGOseq_000280211	UGOseq_000280211|species=Panicum_virgatum|gene=LOC120685141|protein=XP_039822907.1|orthogroup=OG0000154	Panicum_virgatum	LOC120685141	XP_039822907.1	Panicum_virgatum|gene=LOC120685141|protein=XP_039822907.1|len=221|method=protein_to_gene	OG0000154	4	XTH / xyloglucan cell-wall remodeling	Cell_wall_remodeling	Tier_A_plus_core_stable_with_lotus_or_ginger	1.0	0.791	Strong validation candidate	Cell-wall remodeling module	rhizome elongation or tuber/storage-organ expansion system	expression profiling across initiation/elongation stages; RNAi/CRISPR or overexpression in a tractable system
UGOseq_000281208	UGOseq_000281208|species=Panicum_virgatum|gene=LOC120686500|protein=XP_039824650.1|orthogroup=OG0003725	Panicum_virgatum	LOC120686500	XP_039824650.1	Panicum_virgatum|gene=LOC120686500|protein=XP_039824650.1|len=450|method=protein_to_gene	OG0003725	10	NAC-like transcriptional regulator	Developmental_TF	Tier_B_no_new_lotus_ginger_support	1.0	0.867	Top validation-ready candidate		developmental transition system with clear underground-organ initiation stage	stage-specific expression analysis and targeted perturbation of transcription factor homologs
UGOseq_000282200	UGOseq_000282200|species=Panicum_virgatum|gene=LOC120688050|protein=XP_039826113.1|orthogroup=OG0000863	Panicum_virgatum	LOC120688050	XP_039826113.1	Panicum_virgatum|gene=LOC120688050|protein=XP_039826113.1|len=363|method=protein_to_gene	OG0000863	11	Early nodulin-like meristem/regrowth candidate	Meristem_bud_regrowth	Tier_A_supported_main_text_candidate	1.0	0.95	Top validation-ready candidate	Meristem and regrowth module	rhizome bud, root crown, or regrowth system	bud activation/regrowth-stage expression analysis followed by perturbation
UGOseq_000283350	UGOseq_000283350|species=Panicum_virgatum|gene=LOC120689492|protein=XP_039827702.1|orthogroup=OG0000273	Panicum_virgatum	LOC120689492	XP_039827702.1	Panicum_virgatum|gene=LOC120689492|protein=XP_039827702.1|len=308|method=protein_to_gene	OG0000273	11	bHLH-like transcriptional regulator	Developmental_TF	Tier_A_plus_core_stable_with_lotus_or_ginger	0.678	0.821	Strong validation candidate	Developmental transcription-factor module	developmental transition system with clear underground-organ initiation stage	stage-specific expression analysis and targeted perturbation of transcription factor homologs
UGOseq_000283391	UGOseq_000283391|species=Panicum_virgatum|gene=LOC120689545|protein=XP_039827772.1|orthogroup=OG0004958	Panicum_virgatum	LOC120689545	XP_039827772.1	Panicum_virgatum|gene=LOC120689545|protein=XP_039827772.1|len=848|method=protein_to_gene	OG0004958	11	Non-symbiotic hemoglobin / stress-resilience candidate	Stress_resilience	Tier_A_supported_main_text_candidate	1.0	0.95	Top validation-ready candidate	Stress-resilience module	regrowth or stress-resilience underground-organ system	stress/regrowth expression profiling and survival/regrowth phenotyping
UGOseq_000283533	UGOseq_000283533|species=Panicum_virgatum|gene=LOC120689719|protein=XP_039828037.1|orthogroup=OG0003725	Panicum_virgatum	LOC120689719	XP_039828037.1	Panicum_virgatum|gene=LOC120689719|protein=XP_039828037.1|len=413|method=protein_to_gene	OG0003725	10	NAC-like transcriptional regulator	Developmental_TF	Tier_B_no_new_lotus_ginger_support	1.0	0.867	Top validation-ready candidate		developmental transition system with clear underground-organ initiation stage	stage-specific expression analysis and targeted perturbation of transcription factor homologs
UGOseq_000283540	UGOseq_000283540|species=Panicum_virgatum|gene=LOC120689726|protein=XP_039828048.1|orthogroup=OG0000767	Panicum_virgatum	LOC120689726	XP_039828048.1	Panicum_virgatum|gene=LOC120689726|protein=XP_039828048.1|len=694|method=protein_to_gene	OG0000767	11	bHLH-like transcriptional regulator	Developmental_TF	Tier_A_supported_main_text_candidate	0.678	0.821	Strong validation candidate		developmental transition system with clear underground-organ initiation stage	stage-specific expression analysis and targeted perturbation of transcription factor homologs
UGOseq_000284090	UGOseq_000284090|species=Panicum_virgatum|gene=LOC120690403|protein=XP_039828975.1|orthogroup=OG0003725	Panicum_virgatum	LOC120690403	XP_039828975.1	Panicum_virgatum|gene=LOC120690403|protein=XP_039828975.1|len=438|method=protein_to_gene	OG0003725	10	NAC-like transcriptional regulator	Developmental_TF	Tier_B_no_new_lotus_ginger_support	1.0	0.867	Top validation-ready candidate		developmental transition system with clear underground-organ initiation stage	stage-specific expression analysis and targeted perturbation of transcription factor homologs
UGOseq_000284208	UGOseq_000284208|species=Panicum_virgatum|gene=LOC120690542|protein=XP_039829160.1|orthogroup=OG0003725	Panicum_virgatum	LOC120690542	XP_039829160.1	Panicum_virgatum|gene=LOC120690542|protein=XP_039829160.1|len=438|method=protein_to_gene	OG0003725	10	NAC-like transcriptional regulator	Developmental_TF	Tier_B_no_new_lotus_ginger_support	1.0	0.867	Top validation-ready candidate		developmental transition system with clear underground-organ initiation stage	stage-specific expression analysis and targeted perturbation of transcription factor homologs
UGOseq_000284446	UGOseq_000284446|species=Panicum_virgatum|gene=LOC120690828|protein=XP_039829597.1|orthogroup=OG0003725	Panicum_virgatum	LOC120690828	XP_039829597.1	Panicum_virgatum|gene=LOC120690828|protein=XP_039829597.1|len=438|method=protein_to_gene	OG0003725	10	NAC-like transcriptional regulator	Developmental_TF	Tier_B_no_new_lotus_ginger_support	1.0	0.867	Top validation-ready candidate		developmental transition system with clear underground-organ initiation stage	stage-specific expression analysis and targeted perturbation of transcription factor homologs
UGOseq_000284982	UGOseq_000284982|species=Panicum_virgatum|gene=LOC120691471|protein=XP_039830476.1|orthogroup=OG0003725	Panicum_virgatum	LOC120691471	XP_039830476.1	Panicum_virgatum|gene=LOC120691471|protein=XP_039830476.1|len=438|method=protein_to_gene	OG0003725	10	NAC-like transcriptional regulator	Developmental_TF	Tier_B_no_new_lotus_ginger_support	1.0	0.867	Top validation-ready candidate		developmental transition system with clear underground-organ initiation stage	stage-specific expression analysis and targeted perturbation of transcription factor homologs
UGOseq_000284983	UGOseq_000284983|species=Panicum_virgatum|gene=LOC120691472|protein=XP_039830477.1|orthogroup=OG0003725	Panicum_virgatum	LOC120691472	XP_039830477.1	Panicum_virgatum|gene=LOC120691472|protein=XP_039830477.1|len=438|method=protein_to_gene	OG0003725	10	NAC-like transcriptional regulator	Developmental_TF	Tier_B_no_new_lotus_ginger_support	1.0	0.867	Top validation-ready candidate		developmental transition system with clear underground-organ initiation stage	stage-specific expression analysis and targeted perturbation of transcription factor homologs
UGOseq_000285923	UGOseq_000285923|species=Panicum_virgatum|gene=LOC120692648|protein=XP_039831961.1|orthogroup=OG0000273	Panicum_virgatum	LOC120692648	XP_039831961.1	Panicum_virgatum|gene=LOC120692648|protein=XP_039831961.1|len=356|method=protein_to_gene	OG0000273	11	bHLH-like transcriptional regulator	Developmental_TF	Tier_A_plus_core_stable_with_lotus_or_ginger	0.678	0.821	Strong validation candidate	Developmental transcription-factor module	developmental transition system with clear underground-organ initiation stage	stage-specific expression analysis and targeted perturbation of transcription factor homologs
UGOseq_000286698	UGOseq_000286698|species=Panicum_virgatum|gene=LOC120693973|protein=XP_039833078.1|orthogroup=OG0003725	Panicum_virgatum	LOC120693973	XP_039833078.1	Panicum_virgatum|gene=LOC120693973|protein=XP_039833078.1|len=410|method=protein_to_gene	OG0003725	10	NAC-like transcriptional regulator	Developmental_TF	Tier_B_no_new_lotus_ginger_support	1.0	0.867	Top validation-ready candidate		developmental transition system with clear underground-organ initiation stage	stage-specific expression analysis and targeted perturbation of transcription factor homologs
UGOseq_000287667	UGOseq_000287667|species=Panicum_virgatum|gene=LOC120695296|protein=XP_039834516.1|orthogroup=OG0000154	Panicum_virgatum	LOC120695296	XP_039834516.1	Panicum_virgatum|gene=LOC120695296|protein=XP_039834516.1|len=482|method=protein_to_gene	OG0000154	4	XTH / xyloglucan cell-wall remodeling	Cell_wall_remodeling	Tier_A_plus_core_stable_with_lotus_or_ginger	1.0	0.791	Strong validation candidate	Cell-wall remodeling module	rhizome elongation or tuber/storage-organ expansion system	expression profiling across initiation/elongation stages; RNAi/CRISPR or overexpression in a tractable system
UGOseq_000288380	UGOseq_000288380|species=Panicum_virgatum|gene=LOC120696517|protein=XP_039835382.1|orthogroup=OG0003725	Panicum_virgatum	LOC120696517	XP_039835382.1	Panicum_virgatum|gene=LOC120696517|protein=XP_039835382.1|len=410|method=protein_to_gene	OG0003725	10	NAC-like transcriptional regulator	Developmental_TF	Tier_B_no_new_lotus_ginger_support	1.0	0.867	Top validation-ready candidate		developmental transition system with clear underground-organ initiation stage	stage-specific expression analysis and targeted perturbation of transcription factor homologs
UGOseq_000291673	UGOseq_000291673|species=Panicum_virgatum|gene=LOC120700592|protein=XP_039840776.1|orthogroup=OG0000154	Panicum_virgatum	LOC120700592	XP_039840776.1	Panicum_virgatum|gene=LOC120700592|protein=XP_039840776.1|len=482|method=protein_to_gene	OG0000154	4	XTH / xyloglucan cell-wall remodeling	Cell_wall_remodeling	Tier_A_plus_core_stable_with_lotus_or_ginger	1.0	0.791	Strong validation candidate	Cell-wall remodeling module	rhizome elongation or tuber/storage-organ expansion system	expression profiling across initiation/elongation stages; RNAi/CRISPR or overexpression in a tractable system
UGOseq_000291963	UGOseq_000291963|species=Panicum_virgatum|gene=LOC120700960|protein=XP_039841079.1|orthogroup=OG0000154	Panicum_virgatum	LOC120700960	XP_039841079.1	Panicum_virgatum|gene=LOC120700960|protein=XP_039841079.1|len=887|method=protein_to_gene	OG0000154	4	XTH / xyloglucan cell-wall remodeling	Cell_wall_remodeling	Tier_A_plus_core_stable_with_lotus_or_ginger	1.0	0.791	Strong validation candidate	Cell-wall remodeling module	rhizome elongation or tuber/storage-organ expansion system	expression profiling across initiation/elongation stages; RNAi/CRISPR or overexpression in a tractable system
UGOseq_000292091	UGOseq_000292091|species=Panicum_virgatum|gene=LOC120701128|protein=XP_039841214.1|orthogroup=OG0000154	Panicum_virgatum	LOC120701128	XP_039841214.1	Panicum_virgatum|gene=LOC120701128|protein=XP_039841214.1|len=223|method=protein_to_gene	OG0000154	4	XTH / xyloglucan cell-wall remodeling	Cell_wall_remodeling	Tier_A_plus_core_stable_with_lotus_or_ginger	1.0	0.791	Strong validation candidate	Cell-wall remodeling module	rhizome elongation or tuber/storage-organ expansion system	expression profiling across initiation/elongation stages; RNAi/CRISPR or overexpression in a tractable system
UGOseq_000292450	UGOseq_000292450|species=Panicum_virgatum|gene=LOC120701869|protein=XP_039841611.1|orthogroup=OG0000154	Panicum_virgatum	LOC120701869	XP_039841611.1	Panicum_virgatum|gene=LOC120701869|protein=XP_039841611.1|len=352|method=protein_to_gene	OG0000154	4	XTH / xyloglucan cell-wall remodeling	Cell_wall_remodeling	Tier_A_plus_core_stable_with_lotus_or_ginger	1.0	0.791	Strong validation candidate	Cell-wall remodeling module	rhizome elongation or tuber/storage-organ expansion system	expression profiling across initiation/elongation stages; RNAi/CRISPR or overexpression in a tractable system
UGOseq_000292535	UGOseq_000292535|species=Panicum_virgatum|gene=LOC120701979|protein=XP_039841698.1|orthogroup=OG0000154	Panicum_virgatum	LOC120701979	XP_039841698.1	Panicum_virgatum|gene=LOC120701979|protein=XP_039841698.1|len=230|method=protein_to_gene	OG0000154	4	XTH / xyloglucan cell-wall remodeling	Cell_wall_remodeling	Tier_A_plus_core_stable_with_lotus_or_ginger	1.0	0.791	Strong validation candidate	Cell-wall remodeling module	rhizome elongation or tuber/storage-organ expansion system	expression profiling across initiation/elongation stages; RNAi/CRISPR or overexpression in a tractable system
UGOseq_000296728	UGOseq_000296728|species=Panicum_virgatum|gene=LOC120707469|protein=XP_039848309.1|orthogroup=OG0000863	Panicum_virgatum	LOC120707469	XP_039848309.1	Panicum_virgatum|gene=LOC120707469|protein=XP_039848309.1|len=357|method=protein_to_gene	OG0000863	11	Early nodulin-like meristem/regrowth candidate	Meristem_bud_regrowth	Tier_A_supported_main_text_candidate	1.0	0.95	Top validation-ready candidate	Meristem and regrowth module	rhizome bud, root crown, or regrowth system	bud activation/regrowth-stage expression analysis followed by perturbation
UGOseq_000297063	UGOseq_000297063|species=Panicum_virgatum|gene=LOC120707866|protein=XP_039848855.1|orthogroup=OG0000273	Panicum_virgatum	LOC120707866	XP_039848855.1	Panicum_virgatum|gene=LOC120707866|protein=XP_039848855.1|len=296|method=protein_to_gene	OG0000273	11	bHLH-like transcriptional regulator	Developmental_TF	Tier_A_plus_core_stable_with_lotus_or_ginger	0.678	0.821	Strong validation candidate	Developmental transcription-factor module	developmental transition system with clear underground-organ initiation stage	stage-specific expression analysis and targeted perturbation of transcription factor homologs
UGOseq_000297147	UGOseq_000297147|species=Panicum_virgatum|gene=LOC120707968|protein=XP_039848961.1|orthogroup=OG0006937	Panicum_virgatum	LOC120707968	XP_039848961.1	Panicum_virgatum|gene=LOC120707968|protein=XP_039848961.1|len=499|method=protein_to_gene	OG0006937	11	Carotenoid cleavage dioxygenase / hormone-related regulation	Hormone_regulation	Tier_B_no_new_lotus_ginger_support	1.0	0.89	Top validation-ready candidate	Hormone-related regulation module	storage-root/tuber or hormone-responsive underground-organ system	hormone-response expression analysis and candidate perturbation
UGOseq_000297552	UGOseq_000297552|species=Panicum_virgatum|gene=LOC120708456|protein=XP_039849633.1|orthogroup=OG0000273	Panicum_virgatum	LOC120708456	XP_039849633.1	Panicum_virgatum|gene=LOC120708456|protein=XP_039849633.1|len=316|method=protein_to_gene	OG0000273	11	bHLH-like transcriptional regulator	Developmental_TF	Tier_A_plus_core_stable_with_lotus_or_ginger	0.678	0.821	Strong validation candidate	Developmental transcription-factor module	developmental transition system with clear underground-organ initiation stage	stage-specific expression analysis and targeted perturbation of transcription factor homologs
UGOseq_000298553	UGOseq_000298553|species=Panicum_virgatum|gene=LOC120709666|protein=XP_039851272.1|orthogroup=OG0000154	Panicum_virgatum	LOC120709666	XP_039851272.1	Panicum_virgatum|gene=LOC120709666|protein=XP_039851272.1|len=244|method=protein_to_gene	OG0000154	4	XTH / xyloglucan cell-wall remodeling	Cell_wall_remodeling	Tier_A_plus_core_stable_with_lotus_or_ginger	1.0	0.791	Strong validation candidate	Cell-wall remodeling module	rhizome elongation or tuber/storage-organ expansion system	expression profiling across initiation/elongation stages; RNAi/CRISPR or overexpression in a tractable system
UGOseq_000301245	UGOseq_000301245|species=Panicum_virgatum|gene=LOC120713394|protein=XP_039855306.1|orthogroup=OG0000154	Panicum_virgatum	LOC120713394	XP_039855306.1	Panicum_virgatum|gene=LOC120713394|protein=XP_039855306.1|len=145|method=protein_to_gene	OG0000154	4	XTH / xyloglucan cell-wall remodeling	Cell_wall_remodeling	Tier_A_plus_core_stable_with_lotus_or_ginger	1.0	0.791	Strong validation candidate	Cell-wall remodeling module	rhizome elongation or tuber/storage-organ expansion system	expression profiling across initiation/elongation stages; RNAi/CRISPR or overexpression in a tractable system
UGOseq_000301274	UGOseq_000301274|species=Panicum_virgatum|gene=LOC120713438|protein=XP_039855335.1|orthogroup=OG0000154	Panicum_virgatum	LOC120713438	XP_039855335.1	Panicum_virgatum|gene=LOC120713438|protein=XP_039855335.1|len=155|method=protein_to_gene	OG0000154	4	XTH / xyloglucan cell-wall remodeling	Cell_wall_remodeling	Tier_A_plus_core_stable_with_lotus_or_ginger	1.0	0.791	Strong validation candidate	Cell-wall remodeling module	rhizome elongation or tuber/storage-organ expansion system	expression profiling across initiation/elongation stages; RNAi/CRISPR or overexpression in a tractable system
UGOseq_000302164	UGOseq_000302164|species=Solanum_tuberosum|gene=PGSC0003DMG400000525|protein=PGSC0003DMG400000525|orthogroup=OG0006937	Solanum_tuberosum	PGSC0003DMG400000525	PGSC0003DMG400000525	PGSC0003DMG400000525 species=Solanum_tuberosum selected_protein=PGSC0003DMT400001412 length=455	OG0006937	11	Carotenoid cleavage dioxygenase / hormone-related regulation	Hormone_regulation	Tier_B_no_new_lotus_ginger_support	1.0	0.89	Top validation-ready candidate	Hormone-related regulation module	storage-root/tuber or hormone-responsive underground-organ system	hormone-response expression analysis and candidate perturbation
UGOseq_000302656	UGOseq_000302656|species=Solanum_tuberosum|gene=PGSC0003DMG400001161|protein=PGSC0003DMG400001161|orthogroup=OG0000767	Solanum_tuberosum	PGSC0003DMG400001161	PGSC0003DMG400001161	PGSC0003DMG400001161 species=Solanum_tuberosum selected_protein=PGSC0003DMT400002963 length=598	OG0000767	11	bHLH-like transcriptional regulator	Developmental_TF	Tier_A_supported_main_text_candidate	0.678	0.821	Strong validation candidate		developmental transition system with clear underground-organ initiation stage	stage-specific expression analysis and targeted perturbation of transcription factor homologs
UGOseq_000302829	UGOseq_000302829|species=Solanum_tuberosum|gene=PGSC0003DMG400001375|protein=PGSC0003DMG400001375|orthogroup=OG0000863	Solanum_tuberosum	PGSC0003DMG400001375	PGSC0003DMG400001375	PGSC0003DMG400001375 species=Solanum_tuberosum selected_protein=PGSC0003DMT400003478 length=355	OG0000863	11	Early nodulin-like meristem/regrowth candidate	Meristem_bud_regrowth	Tier_A_supported_main_text_candidate	1.0	0.95	Top validation-ready candidate	Meristem and regrowth module	rhizome bud, root crown, or regrowth system	bud activation/regrowth-stage expression analysis followed by perturbation
UGOseq_000303292	UGOseq_000303292|species=Solanum_tuberosum|gene=PGSC0003DMG400001939|protein=PGSC0003DMG400001939|orthogroup=OG0000863	Solanum_tuberosum	PGSC0003DMG400001939	PGSC0003DMG400001939	PGSC0003DMG400001939 species=Solanum_tuberosum selected_protein=PGSC0003DMT400004878 length=363	OG0000863	11	Early nodulin-like meristem/regrowth candidate	Meristem_bud_regrowth	Tier_A_supported_main_text_candidate	1.0	0.95	Top validation-ready candidate	Meristem and regrowth module	rhizome bud, root crown, or regrowth system	bud activation/regrowth-stage expression analysis followed by perturbation
UGOseq_000303965	UGOseq_000303965|species=Solanum_tuberosum|gene=PGSC0003DMG400002824|protein=PGSC0003DMG400002824|orthogroup=OG0000273	Solanum_tuberosum	PGSC0003DMG400002824	PGSC0003DMG400002824	PGSC0003DMG400002824 species=Solanum_tuberosum selected_protein=PGSC0003DMT400007341 length=283	OG0000273	11	bHLH-like transcriptional regulator	Developmental_TF	Tier_A_plus_core_stable_with_lotus_or_ginger	0.678	0.821	Strong validation candidate	Developmental transcription-factor module	developmental transition system with clear underground-organ initiation stage	stage-specific expression analysis and targeted perturbation of transcription factor homologs
UGOseq_000309058	UGOseq_000309058|species=Solanum_tuberosum|gene=PGSC0003DMG400009356|protein=PGSC0003DMG400009356|orthogroup=OG0003725	Solanum_tuberosum	PGSC0003DMG400009356	PGSC0003DMG400009356	PGSC0003DMG400009356 species=Solanum_tuberosum selected_protein=PGSC0003DMT400024215 length=406	OG0003725	10	NAC-like transcriptional regulator	Developmental_TF	Tier_B_no_new_lotus_ginger_support	1.0	0.867	Top validation-ready candidate		developmental transition system with clear underground-organ initiation stage	stage-specific expression analysis and targeted perturbation of transcription factor homologs
UGOseq_000313661	UGOseq_000313661|species=Solanum_tuberosum|gene=PGSC0003DMG400015269|protein=PGSC0003DMG400015269|orthogroup=OG0000863	Solanum_tuberosum	PGSC0003DMG400015269	PGSC0003DMG400015269	PGSC0003DMG400015269 species=Solanum_tuberosum selected_protein=PGSC0003DMT400039494 length=349	OG0000863	11	Early nodulin-like meristem/regrowth candidate	Meristem_bud_regrowth	Tier_A_supported_main_text_candidate	1.0	0.95	Top validation-ready candidate	Meristem and regrowth module	rhizome bud, root crown, or regrowth system	bud activation/regrowth-stage expression analysis followed by perturbation
UGOseq_000315420	UGOseq_000315420|species=Solanum_tuberosum|gene=PGSC0003DMG400017535|protein=PGSC0003DMG400017535|orthogroup=OG0000767	Solanum_tuberosum	PGSC0003DMG400017535	PGSC0003DMG400017535	PGSC0003DMG400017535 species=Solanum_tuberosum selected_protein=PGSC0003DMT400045204 length=694	OG0000767	11	bHLH-like transcriptional regulator	Developmental_TF	Tier_A_supported_main_text_candidate	0.678	0.821	Strong validation candidate		developmental transition system with clear underground-organ initiation stage	stage-specific expression analysis and targeted perturbation of transcription factor homologs
UGOseq_000316124	UGOseq_000316124|species=Solanum_tuberosum|gene=PGSC0003DMG400018435|protein=PGSC0003DMG400018435|orthogroup=OG0000273	Solanum_tuberosum	PGSC0003DMG400018435	PGSC0003DMG400018435	PGSC0003DMG400018435 species=Solanum_tuberosum selected_protein=PGSC0003DMT400047440 length=282	OG0000273	11	bHLH-like transcriptional regulator	Developmental_TF	Tier_A_plus_core_stable_with_lotus_or_ginger	0.678	0.821	Strong validation candidate	Developmental transcription-factor module	developmental transition system with clear underground-organ initiation stage	stage-specific expression analysis and targeted perturbation of transcription factor homologs
UGOseq_000317349	UGOseq_000317349|species=Solanum_tuberosum|gene=PGSC0003DMG400020053|protein=PGSC0003DMG400020053|orthogroup=OG0004958	Solanum_tuberosum	PGSC0003DMG400020053	PGSC0003DMG400020053	PGSC0003DMG400020053 species=Solanum_tuberosum selected_protein=PGSC0003DMT400051635 length=702	OG0004958	11	Non-symbiotic hemoglobin / stress-resilience candidate	Stress_resilience	Tier_A_supported_main_text_candidate	1.0	0.95	Top validation-ready candidate	Stress-resilience module	regrowth or stress-resilience underground-organ system	stress/regrowth expression profiling and survival/regrowth phenotyping
UGOseq_000320927	UGOseq_000320927|species=Solanum_tuberosum|gene=PGSC0003DMG400024627|protein=PGSC0003DMG400024627|orthogroup=OG0000863	Solanum_tuberosum	PGSC0003DMG400024627	PGSC0003DMG400024627	PGSC0003DMG400024627 species=Solanum_tuberosum selected_protein=PGSC0003DMT400063316 length=365	OG0000863	11	Early nodulin-like meristem/regrowth candidate	Meristem_bud_regrowth	Tier_A_supported_main_text_candidate	1.0	0.95	Top validation-ready candidate	Meristem and regrowth module	rhizome bud, root crown, or regrowth system	bud activation/regrowth-stage expression analysis followed by perturbation
UGOseq_000322459	UGOseq_000322459|species=Solanum_tuberosum|gene=PGSC0003DMG400026564|protein=PGSC0003DMG400026564|orthogroup=OG0000863	Solanum_tuberosum	PGSC0003DMG400026564	PGSC0003DMG400026564	PGSC0003DMG400026564 species=Solanum_tuberosum selected_protein=PGSC0003DMT400068326 length=352	OG0000863	11	Early nodulin-like meristem/regrowth candidate	Meristem_bud_regrowth	Tier_A_supported_main_text_candidate	1.0	0.95	Top validation-ready candidate	Meristem and regrowth module	rhizome bud, root crown, or regrowth system	bud activation/regrowth-stage expression analysis followed by perturbation
UGOseq_000323832	UGOseq_000323832|species=Solanum_tuberosum|gene=PGSC0003DMG400028361|protein=PGSC0003DMG400028361|orthogroup=OG0000863	Solanum_tuberosum	PGSC0003DMG400028361	PGSC0003DMG400028361	PGSC0003DMG400028361 species=Solanum_tuberosum selected_protein=PGSC0003DMT400072896 length=362	OG0000863	11	Early nodulin-like meristem/regrowth candidate	Meristem_bud_regrowth	Tier_A_supported_main_text_candidate	1.0	0.95	Top validation-ready candidate	Meristem and regrowth module	rhizome bud, root crown, or regrowth system	bud activation/regrowth-stage expression analysis followed by perturbation
UGOseq_000334046	UGOseq_000334046|species=Solanum_tuberosum|gene=PGSC0003DMG400043393|protein=PGSC0003DMG400043393|orthogroup=OG0000273	Solanum_tuberosum	PGSC0003DMG400043393	PGSC0003DMG400043393	PGSC0003DMG400043393 species=Solanum_tuberosum selected_protein=PGSC0003DMT400093822 length=297	OG0000273	11	bHLH-like transcriptional regulator	Developmental_TF	Tier_A_plus_core_stable_with_lotus_or_ginger	0.678	0.821	Strong validation candidate	Developmental transcription-factor module	developmental transition system with clear underground-organ initiation stage	stage-specific expression analysis and targeted perturbation of transcription factor homologs
